W0, SFE_target, SFE_actual, seed, F_bound, n_iter, N_part
3.000000, 0.301250, 0.301250, 86154701.000000, 0.000000, 101.000000, 300000.000000
3.000000, 0.301250, 0.301250, 72078806.000000, 0.000000, 88.000000, 300000.000000
3.000000, 0.301250, 0.301250, 83828589.000000, 0.000000, 86.000000, 300000.000000
3.000000, 0.301250, 0.301250, 22133129.000000, 0.000000, 93.000000, 300000.000000
3.000000, 0.301250, 0.301250, 48487309.000000, 0.000000, 109.000000, 300000.000000
3.000000, 0.301250, 0.301250, 83168541.000000, 0.000000, 73.000000, 300000.000000
3.000000, 0.301250, 0.301250, 26455197.000000, 0.000000, 101.000000, 300000.000000
3.000000, 0.301250, 0.301250, 38041971.000000, 0.000000, 89.000000, 300000.000000
3.000000, 0.301250, 0.301250, 15492931.000000, 0.000000, 97.000000, 300000.000000
3.000000, 0.301250, 0.301250, 75043552.000000, 0.000000, 130.000000, 300000.000000
3.000000, 0.301250, 0.301250, 11582906.000000, 0.000000, 124.000000, 300000.000000
3.000000, 0.301250, 0.301250, 29846556.000000, 0.000000, 88.000000, 300000.000000
3.000000, 0.301250, 0.301250, 17510817.000000, 0.000000, 102.000000, 300000.000000
3.000000, 0.301250, 0.301250, 60759588.000000, 0.000000, 91.000000, 300000.000000
3.000000, 0.301250, 0.301250, 99391569.000000, 0.000000, 88.000000, 300000.000000
3.000000, 0.301250, 0.301250, 12971504.000000, 0.000000, 83.000000, 300000.000000
3.000000, 0.301250, 0.301250, 86393537.000000, 0.000000, 122.000000, 300000.000000
3.000000, 0.301250, 0.301250, 5217794.000000, 0.000000, 88.000000, 300000.000000
3.000000, 0.301250, 0.301250, 71019598.000000, 0.000000, 82.000000, 300000.000000
3.000000, 0.301250, 0.301250, 2379793.000000, 0.000000, 115.000000, 300000.000000
3.000000, 0.301250, 0.301250, 10325157.000000, 0.000000, 82.000000, 300000.000000
3.000000, 0.301250, 0.301250, 4818035.000000, 0.000000, 81.000000, 300000.000000
3.000000, 0.301250, 0.301250, 85311643.000000, 0.000000, 103.000000, 300000.000000
3.000000, 0.301250, 0.301250, 72536276.000000, 0.000000, 111.000000, 300000.000000
3.000000, 0.301250, 0.301250, 20452253.000000, 0.000000, 86.000000, 300000.000000
3.000000, 0.301250, 0.301250, 5794304.000000, 0.000000, 97.000000, 300000.000000
3.000000, 0.301250, 0.301250, 34103318.000000, 0.000000, 100.000000, 300000.000000
3.000000, 0.301250, 0.301250, 43832231.000000, 0.000000, 146.000000, 300000.000000
3.000000, 0.301250, 0.301250, 7282326.000000, 0.000000, 84.000000, 300000.000000
3.000000, 0.301250, 0.301250, 48242800.000000, 0.000000, 103.000000, 300000.000000
3.000000, 0.301250, 0.301250, 54144483.000000, 0.000000, 103.000000, 300000.000000
3.000000, 0.301250, 0.301250, 40846118.000000, 0.000000, 158.000000, 300000.000000
3.000000, 0.301250, 0.301250, 74040642.000000, 0.000000, 84.000000, 300000.000000
3.000000, 0.301250, 0.301250, 80785815.000000, 0.000000, 87.000000, 300000.000000
3.000000, 0.301250, 0.301250, 40625639.000000, 0.000000, 87.000000, 300000.000000
3.000000, 0.301250, 0.301250, 29887936.000000, 0.000000, 110.000000, 300000.000000
3.000000, 0.301250, 0.301250, 72206185.000000, 0.000000, 75.000000, 300000.000000
3.000000, 0.301250, 0.301250, 73762734.000000, 0.000000, 86.000000, 300000.000000
3.000000, 0.301250, 0.301250, 10671842.000000, 0.000000, 89.000000, 300000.000000
3.000000, 0.301250, 0.301250, 42058931.000000, 0.000000, 78.000000, 300000.000000
3.000000, 0.301250, 0.301250, 45703435.000000, 0.000000, 90.000000, 300000.000000
3.000000, 0.301250, 0.301250, 53658576.000000, 0.000000, 86.000000, 300000.000000
3.000000, 0.301250, 0.301250, 33689474.000000, 0.000000, 84.000000, 300000.000000
3.000000, 0.301250, 0.301250, 29333830.000000, 0.000000, 116.000000, 300000.000000
3.000000, 0.301250, 0.301250, 4879643.000000, 0.000000, 91.000000, 300000.000000
3.000000, 0.301250, 0.301250, 8079714.000000, 0.000000, 82.000000, 300000.000000
3.000000, 0.301250, 0.301250, 73976168.000000, 0.000000, 78.000000, 300000.000000
3.000000, 0.301250, 0.301250, 69188953.000000, 0.000000, 89.000000, 300000.000000
3.000000, 0.301250, 0.301250, 77002853.000000, 0.000000, 99.000000, 300000.000000
3.000000, 0.301250, 0.301250, 90152031.000000, 0.000000, 109.000000, 300000.000000
3.000000, 0.301250, 0.301250, 80269647.000000, 0.000000, 105.000000, 300000.000000
3.000000, 0.301250, 0.301250, 63023014.000000, 0.000000, 96.000000, 300000.000000
3.000000, 0.301250, 0.301250, 95134743.000000, 0.000000, 90.000000, 300000.000000
3.000000, 0.301250, 0.301250, 90665032.000000, 0.000000, 117.000000, 300000.000000
3.000000, 0.301250, 0.301250, 80560390.000000, 0.000000, 87.000000, 300000.000000
3.000000, 0.301250, 0.301250, 91476450.000000, 0.000000, 81.000000, 300000.000000
3.000000, 0.301250, 0.301250, 94159148.000000, 0.000000, 89.000000, 300000.000000
3.000000, 0.301250, 0.301250, 41140073.000000, 0.000000, 92.000000, 300000.000000
3.000000, 0.301250, 0.301250, 78014150.000000, 0.000000, 80.000000, 300000.000000
3.000000, 0.301250, 0.301250, 22557243.000000, 0.000000, 96.000000, 300000.000000
3.000000, 0.301250, 0.301250, 99296196.000000, 0.000000, 107.000000, 300000.000000
3.000000, 0.301250, 0.301250, 8868172.000000, 0.000000, 110.000000, 300000.000000
3.000000, 0.301250, 0.301250, 60300574.000000, 0.000000, 89.000000, 300000.000000
3.000000, 0.301250, 0.301250, 6541093.000000, 0.000000, 81.000000, 300000.000000
3.000000, 0.301250, 0.301250, 2275115.000000, 0.000000, 92.000000, 300000.000000
3.000000, 0.301250, 0.301250, 37532139.000000, 0.000000, 91.000000, 300000.000000
3.000000, 0.301250, 0.301250, 76550828.000000, 0.000000, 158.000000, 300000.000000
3.000000, 0.301250, 0.301250, 15469223.000000, 0.000000, 143.000000, 300000.000000
3.000000, 0.301250, 0.301250, 42730102.000000, 0.000000, 104.000000, 300000.000000
3.000000, 0.301250, 0.301250, 55019514.000000, 0.000000, 127.000000, 300000.000000
3.000000, 0.301250, 0.301250, 51460124.000000, 0.000000, 87.000000, 300000.000000
3.000000, 0.301250, 0.301250, 28863592.000000, 0.000000, 75.000000, 300000.000000
3.000000, 0.301250, 0.301250, 99486735.000000, 0.000000, 96.000000, 300000.000000
3.000000, 0.301250, 0.301250, 3500831.000000, 0.000000, 124.000000, 300000.000000
3.000000, 0.301250, 0.301250, 21312276.000000, 0.000000, 144.000000, 300000.000000
3.000000, 0.301250, 0.301250, 20592192.000000, 0.000000, 95.000000, 300000.000000
3.000000, 0.301250, 0.301250, 35964238.000000, 0.000000, 87.000000, 300000.000000
3.000000, 0.301250, 0.301250, 20553826.000000, 0.000000, 79.000000, 300000.000000
3.000000, 0.301250, 0.301250, 55206617.000000, 0.000000, 82.000000, 300000.000000
3.000000, 0.301250, 0.301250, 64988446.000000, 0.000000, 88.000000, 300000.000000
3.000000, 0.301250, 0.301250, 99204975.000000, 0.000000, 91.000000, 300000.000000
3.000000, 0.301250, 0.301250, 51144801.000000, 0.000000, 75.000000, 300000.000000
3.000000, 0.301250, 0.301250, 28919967.000000, 0.000000, 82.000000, 300000.000000
3.000000, 0.301250, 0.301250, 8213421.000000, 0.000000, 174.000000, 300000.000000
3.000000, 0.301250, 0.301250, 74967642.000000, 0.000000, 91.000000, 300000.000000
3.000000, 0.301250, 0.301250, 39880231.000000, 0.000000, 83.000000, 300000.000000
3.000000, 0.301250, 0.301250, 15987824.000000, 0.000000, 82.000000, 300000.000000
3.000000, 0.301250, 0.301250, 23258213.000000, 0.000000, 73.000000, 300000.000000
3.000000, 0.301250, 0.301250, 58808982.000000, 0.000000, 100.000000, 300000.000000
3.000000, 0.301250, 0.301250, 81772021.000000, 0.000000, 86.000000, 300000.000000
3.000000, 0.301250, 0.301250, 81143079.000000, 0.000000, 136.000000, 300000.000000
3.000000, 0.301250, 0.301250, 58120475.000000, 0.000000, 83.000000, 300000.000000
3.000000, 0.301250, 0.301250, 86206463.000000, 0.000000, 96.000000, 300000.000000
3.000000, 0.301250, 0.301250, 81706224.000000, 0.000000, 83.000000, 300000.000000
3.000000, 0.301250, 0.301250, 84848276.000000, 0.000000, 108.000000, 300000.000000
3.000000, 0.301250, 0.301250, 67967994.000000, 0.000000, 94.000000, 300000.000000
3.000000, 0.301250, 0.301250, 4806075.000000, 0.000000, 78.000000, 300000.000000
3.000000, 0.301250, 0.301250, 25506993.000000, 0.000000, 90.000000, 300000.000000
3.000000, 0.301250, 0.301250, 82561252.000000, 0.000000, 112.000000, 300000.000000
3.000000, 0.301250, 0.301250, 66479655.000000, 0.000000, 91.000000, 300000.000000
3.000000, 0.301250, 0.301250, 74910804.000000, 0.000000, 75.000000, 300000.000000
3.000000, 0.301250, 0.301250, 50998814.000000, 0.000000, 97.000000, 300000.000000
3.000000, 0.301250, 0.301250, 55932606.000000, 0.000000, 77.000000, 300000.000000
3.000000, 0.301250, 0.301250, 76755723.000000, 0.000000, 92.000000, 300000.000000
3.000000, 0.301250, 0.301250, 8095583.000000, 0.000000, 77.000000, 300000.000000
3.000000, 0.301250, 0.301250, 44178722.000000, 0.000000, 97.000000, 300000.000000
3.000000, 0.301250, 0.301250, 30621818.000000, 0.000000, 89.000000, 300000.000000
3.000000, 0.301250, 0.301250, 70966117.000000, 0.000000, 85.000000, 300000.000000
3.000000, 0.301250, 0.301250, 46837545.000000, 0.000000, 102.000000, 300000.000000
3.000000, 0.301250, 0.301250, 95210811.000000, 0.000000, 83.000000, 300000.000000
3.000000, 0.301250, 0.301250, 71131521.000000, 0.000000, 92.000000, 300000.000000
3.000000, 0.301250, 0.301250, 13081391.000000, 0.000000, 93.000000, 300000.000000
3.000000, 0.301250, 0.301250, 51563110.000000, 0.000000, 110.000000, 300000.000000
3.000000, 0.301250, 0.301250, 66658623.000000, 0.000000, 84.000000, 300000.000000
3.000000, 0.301250, 0.301250, 97870893.000000, 0.000000, 80.000000, 300000.000000
3.000000, 0.301250, 0.301250, 13012855.000000, 0.000000, 140.000000, 300000.000000
3.000000, 0.301250, 0.301250, 13063383.000000, 0.000000, 71.000000, 300000.000000
3.000000, 0.301250, 0.301250, 26722600.000000, 0.000000, 154.000000, 300000.000000
3.000000, 0.301250, 0.301250, 70565548.000000, 0.000000, 103.000000, 300000.000000
3.000000, 0.301250, 0.301250, 67906863.000000, 0.000000, 95.000000, 300000.000000
3.000000, 0.301250, 0.301250, 33860452.000000, 0.000000, 98.000000, 300000.000000
3.000000, 0.301250, 0.301250, 55122131.000000, 0.000000, 118.000000, 300000.000000
3.000000, 0.301250, 0.301250, 8172917.000000, 0.000000, 79.000000, 300000.000000
3.000000, 0.301250, 0.301250, 70428844.000000, 0.000000, 108.000000, 300000.000000
3.000000, 0.301250, 0.301250, 27147736.000000, 0.000000, 83.000000, 300000.000000
3.000000, 0.301250, 0.301250, 90304820.000000, 0.000000, 91.000000, 300000.000000
3.000000, 0.301250, 0.301250, 30614806.000000, 0.000000, 103.000000, 300000.000000
3.000000, 0.301250, 0.301250, 51743378.000000, 0.000000, 95.000000, 300000.000000
3.000000, 0.301250, 0.301250, 50003395.000000, 0.000000, 76.000000, 300000.000000
3.000000, 0.301250, 0.301250, 81620571.000000, 0.000000, 79.000000, 300000.000000
3.000000, 0.301250, 0.301250, 56550805.000000, 0.000000, 85.000000, 300000.000000
3.000000, 0.301250, 0.301250, 77981903.000000, 0.000000, 156.000000, 300000.000000
3.000000, 0.301250, 0.301250, 96459911.000000, 0.000000, 108.000000, 300000.000000
3.000000, 0.301250, 0.301250, 20087866.000000, 0.000000, 96.000000, 300000.000000
3.000000, 0.301250, 0.301250, 16492194.000000, 0.000000, 97.000000, 300000.000000
3.000000, 0.301250, 0.301250, 2575268.000000, 0.000000, 93.000000, 300000.000000
3.000000, 0.301250, 0.301250, 87406741.000000, 0.000000, 107.000000, 300000.000000
3.000000, 0.301250, 0.301250, 75940392.000000, 0.000000, 83.000000, 300000.000000
3.000000, 0.301250, 0.301250, 82310911.000000, 0.000000, 88.000000, 300000.000000
3.000000, 0.301250, 0.301250, 69809514.000000, 0.000000, 97.000000, 300000.000000
3.000000, 0.301250, 0.301250, 93071134.000000, 0.000000, 100.000000, 300000.000000
3.000000, 0.301250, 0.301250, 50291534.000000, 0.000000, 91.000000, 300000.000000
3.000000, 0.301250, 0.301250, 8290636.000000, 0.000000, 81.000000, 300000.000000
3.000000, 0.301250, 0.301250, 90872552.000000, 0.000000, 82.000000, 300000.000000
3.000000, 0.301250, 0.301250, 23285948.000000, 0.000000, 71.000000, 300000.000000
3.000000, 0.301250, 0.301250, 96393932.000000, 0.000000, 83.000000, 300000.000000
3.000000, 0.301250, 0.301250, 21680574.000000, 0.000000, 85.000000, 300000.000000
3.000000, 0.301250, 0.301250, 14688482.000000, 0.000000, 97.000000, 300000.000000
3.000000, 0.301250, 0.301250, 68505488.000000, 0.000000, 83.000000, 300000.000000
3.000000, 0.301250, 0.301250, 44444881.000000, 0.447887, 200.000000, 300000.000000
3.000000, 0.301875, 0.301875, 86154701.000000, 0.000000, 113.000000, 300000.000000
3.000000, 0.301875, 0.301875, 72078806.000000, 0.000000, 121.000000, 300000.000000
3.000000, 0.301875, 0.301875, 83828589.000000, 0.000000, 147.000000, 300000.000000
3.000000, 0.301875, 0.301875, 22133129.000000, 0.000000, 94.000000, 300000.000000
3.000000, 0.301875, 0.301875, 48487309.000000, 0.089237, 200.000000, 300000.000000
3.000000, 0.301875, 0.301875, 83168541.000000, 0.000000, 89.000000, 300000.000000
3.000000, 0.301875, 0.301875, 26455197.000000, 0.000000, 133.000000, 300000.000000
3.000000, 0.301875, 0.301875, 38041971.000000, 0.000000, 112.000000, 300000.000000
3.000000, 0.301875, 0.301875, 15492931.000000, 0.000000, 129.000000, 300000.000000
3.000000, 0.301875, 0.301875, 75043552.000000, 0.166673, 200.000000, 300000.000000
3.000000, 0.301875, 0.301875, 11582906.000000, 0.000000, 176.000000, 300000.000000
3.000000, 0.301875, 0.301875, 29846556.000000, 0.000000, 94.000000, 300000.000000
3.000000, 0.301875, 0.301875, 17510817.000000, 0.000000, 132.000000, 300000.000000
3.000000, 0.301875, 0.301875, 60759588.000000, 0.375357, 200.000000, 300000.000000
3.000000, 0.301875, 0.301875, 99391569.000000, 0.000000, 118.000000, 300000.000000
3.000000, 0.301875, 0.301875, 12971504.000000, 0.000000, 101.000000, 300000.000000
3.000000, 0.301875, 0.301875, 86393537.000000, 0.000000, 129.000000, 300000.000000
3.000000, 0.301875, 0.301875, 5217794.000000, 0.000000, 97.000000, 300000.000000
3.000000, 0.301875, 0.301875, 71019598.000000, 0.000000, 90.000000, 300000.000000
3.000000, 0.301875, 0.301875, 2379793.000000, 0.000000, 151.000000, 300000.000000
3.000000, 0.301875, 0.301875, 10325157.000000, 0.000000, 96.000000, 300000.000000
3.000000, 0.301875, 0.301875, 4818035.000000, 0.000000, 106.000000, 300000.000000
3.000000, 0.301875, 0.301875, 85311643.000000, 0.000000, 129.000000, 300000.000000
3.000000, 0.301875, 0.301875, 72536276.000000, 0.000000, 150.000000, 300000.000000
3.000000, 0.301875, 0.301875, 20452253.000000, 0.000000, 99.000000, 300000.000000
3.000000, 0.301875, 0.301875, 5794304.000000, 0.000000, 106.000000, 300000.000000
3.000000, 0.301875, 0.301875, 34103318.000000, 0.000000, 124.000000, 300000.000000
3.000000, 0.301875, 0.301875, 43832231.000000, 0.431483, 200.000000, 300000.000000
3.000000, 0.301875, 0.301875, 7282326.000000, 0.000000, 103.000000, 300000.000000
3.000000, 0.301875, 0.301875, 48242800.000000, 0.000000, 122.000000, 300000.000000
3.000000, 0.301875, 0.301875, 54144483.000000, 0.000000, 110.000000, 300000.000000
3.000000, 0.301875, 0.301875, 40846118.000000, 0.469380, 119.000000, 300000.000000
3.000000, 0.301875, 0.301875, 74040642.000000, 0.000000, 115.000000, 300000.000000
3.000000, 0.301875, 0.301875, 80785815.000000, 0.000000, 106.000000, 300000.000000
3.000000, 0.301875, 0.301875, 40625639.000000, 0.000000, 125.000000, 300000.000000
3.000000, 0.301875, 0.301875, 29887936.000000, 0.000000, 103.000000, 300000.000000
3.000000, 0.301875, 0.301875, 72206185.000000, 0.000000, 86.000000, 300000.000000
3.000000, 0.301875, 0.301875, 73762734.000000, 0.000000, 96.000000, 300000.000000
3.000000, 0.301875, 0.301875, 10671842.000000, 0.000000, 95.000000, 300000.000000
3.000000, 0.301875, 0.301875, 42058931.000000, 0.000000, 95.000000, 300000.000000
3.000000, 0.301875, 0.301875, 45703435.000000, 0.000000, 107.000000, 300000.000000
3.000000, 0.301875, 0.301875, 53658576.000000, 0.000000, 112.000000, 300000.000000
3.000000, 0.301875, 0.301875, 33689474.000000, 0.000000, 111.000000, 300000.000000
3.000000, 0.301875, 0.301875, 29333830.000000, 0.336793, 200.000000, 300000.000000
3.000000, 0.301875, 0.301875, 4879643.000000, 0.000000, 114.000000, 300000.000000
3.000000, 0.301875, 0.301875, 8079714.000000, 0.000000, 95.000000, 300000.000000
3.000000, 0.301875, 0.301875, 73976168.000000, 0.000000, 95.000000, 300000.000000
3.000000, 0.301875, 0.301875, 69188953.000000, 0.000000, 108.000000, 300000.000000
3.000000, 0.301875, 0.301875, 77002853.000000, 0.000000, 121.000000, 300000.000000
3.000000, 0.301875, 0.301875, 90152031.000000, 0.000000, 139.000000, 300000.000000
3.000000, 0.301875, 0.301875, 80269647.000000, 0.000000, 170.000000, 300000.000000
3.000000, 0.301875, 0.301875, 63023014.000000, 0.000000, 97.000000, 300000.000000
3.000000, 0.301875, 0.301875, 95134743.000000, 0.294930, 200.000000, 300000.000000
3.000000, 0.301875, 0.301875, 90665032.000000, 0.000000, 189.000000, 300000.000000
3.000000, 0.301875, 0.301875, 80560390.000000, 0.000000, 111.000000, 300000.000000
3.000000, 0.301875, 0.301875, 91476450.000000, 0.000000, 92.000000, 300000.000000
3.000000, 0.301875, 0.301875, 94159148.000000, 0.000000, 114.000000, 300000.000000
3.000000, 0.301875, 0.301875, 41140073.000000, 0.000000, 98.000000, 300000.000000
3.000000, 0.301875, 0.301875, 78014150.000000, 0.000000, 94.000000, 300000.000000
3.000000, 0.301875, 0.301875, 22557243.000000, 0.000000, 147.000000, 300000.000000
3.000000, 0.301875, 0.301875, 99296196.000000, 0.000000, 107.000000, 300000.000000
3.000000, 0.301875, 0.301875, 8868172.000000, 0.454710, 200.000000, 300000.000000
3.000000, 0.301875, 0.301875, 60300574.000000, 0.000000, 105.000000, 300000.000000
3.000000, 0.301875, 0.301875, 6541093.000000, 0.000000, 90.000000, 300000.000000
3.000000, 0.301875, 0.301875, 2275115.000000, 0.000000, 130.000000, 300000.000000
3.000000, 0.301875, 0.301875, 37532139.000000, 0.000000, 120.000000, 300000.000000
3.000000, 0.301875, 0.301875, 76550828.000000, 0.452203, 133.000000, 300000.000000
3.000000, 0.301875, 0.301875, 15469223.000000, 0.000000, 136.000000, 300000.000000
3.000000, 0.301875, 0.301875, 42730102.000000, 0.000000, 121.000000, 300000.000000
3.000000, 0.301875, 0.301875, 55019514.000000, 0.000000, 187.000000, 300000.000000
3.000000, 0.301875, 0.301875, 51460124.000000, 0.000000, 114.000000, 300000.000000
3.000000, 0.301875, 0.301875, 28863592.000000, 0.000000, 103.000000, 300000.000000
3.000000, 0.301875, 0.301875, 99486735.000000, 0.000000, 111.000000, 300000.000000
3.000000, 0.301875, 0.301875, 3500831.000000, 0.000000, 160.000000, 300000.000000
3.000000, 0.301875, 0.301875, 21312276.000000, 0.431940, 200.000000, 300000.000000
3.000000, 0.301875, 0.301875, 20592192.000000, 0.000000, 111.000000, 300000.000000
3.000000, 0.301875, 0.301875, 35964238.000000, 0.000000, 101.000000, 300000.000000
3.000000, 0.301875, 0.301875, 20553826.000000, 0.000000, 104.000000, 300000.000000
3.000000, 0.301875, 0.301875, 55206617.000000, 0.000000, 87.000000, 300000.000000
3.000000, 0.301875, 0.301875, 64988446.000000, 0.000000, 119.000000, 300000.000000
3.000000, 0.301875, 0.301875, 99204975.000000, 0.000000, 103.000000, 300000.000000
3.000000, 0.301875, 0.301875, 51144801.000000, 0.000000, 84.000000, 300000.000000
3.000000, 0.301875, 0.301875, 28919967.000000, 0.000000, 98.000000, 300000.000000
3.000000, 0.301875, 0.301875, 8213421.000000, 0.464387, 131.000000, 300000.000000
3.000000, 0.301875, 0.301875, 74967642.000000, 0.000000, 112.000000, 300000.000000
3.000000, 0.301875, 0.301875, 39880231.000000, 0.000000, 135.000000, 300000.000000
3.000000, 0.301875, 0.301875, 15987824.000000, 0.000000, 95.000000, 300000.000000
3.000000, 0.301875, 0.301875, 23258213.000000, 0.000000, 81.000000, 300000.000000
3.000000, 0.301875, 0.301875, 58808982.000000, 0.000000, 160.000000, 300000.000000
3.000000, 0.301875, 0.301875, 81772021.000000, 0.000000, 105.000000, 300000.000000
3.000000, 0.301875, 0.301875, 81143079.000000, 0.000000, 162.000000, 300000.000000
3.000000, 0.301875, 0.301875, 58120475.000000, 0.000000, 109.000000, 300000.000000
3.000000, 0.301875, 0.301875, 86206463.000000, 0.000000, 124.000000, 300000.000000
3.000000, 0.301875, 0.301875, 81706224.000000, 0.000000, 94.000000, 300000.000000
3.000000, 0.301875, 0.301875, 84848276.000000, 0.000000, 126.000000, 300000.000000
3.000000, 0.301875, 0.301875, 67967994.000000, 0.000000, 110.000000, 300000.000000
3.000000, 0.301875, 0.301875, 4806075.000000, 0.000000, 94.000000, 300000.000000
3.000000, 0.301875, 0.301875, 25506993.000000, 0.000000, 117.000000, 300000.000000
3.000000, 0.301875, 0.301875, 82561252.000000, 0.000000, 145.000000, 300000.000000
3.000000, 0.301875, 0.301875, 66479655.000000, 0.000000, 117.000000, 300000.000000
3.000000, 0.301875, 0.301875, 74910804.000000, 0.000000, 108.000000, 300000.000000
3.000000, 0.301875, 0.301875, 50998814.000000, 0.000000, 145.000000, 300000.000000
3.000000, 0.301875, 0.301875, 55932606.000000, 0.000000, 98.000000, 300000.000000
3.000000, 0.301875, 0.301875, 76755723.000000, 0.000000, 97.000000, 300000.000000
3.000000, 0.301875, 0.301875, 8095583.000000, 0.000000, 98.000000, 300000.000000
3.000000, 0.301875, 0.301875, 44178722.000000, 0.000000, 115.000000, 300000.000000
3.000000, 0.301875, 0.301875, 30621818.000000, 0.000000, 93.000000, 300000.000000
3.000000, 0.301875, 0.301875, 70966117.000000, 0.000000, 90.000000, 300000.000000
3.000000, 0.301875, 0.301875, 46837545.000000, 0.000000, 121.000000, 300000.000000
3.000000, 0.301875, 0.301875, 95210811.000000, 0.000000, 100.000000, 300000.000000
3.000000, 0.301875, 0.301875, 71131521.000000, 0.000000, 127.000000, 300000.000000
3.000000, 0.301875, 0.301875, 13081391.000000, 0.000000, 106.000000, 300000.000000
3.000000, 0.301875, 0.301875, 51563110.000000, 0.000000, 125.000000, 300000.000000
3.000000, 0.301875, 0.301875, 66658623.000000, 0.000000, 99.000000, 300000.000000
3.000000, 0.301875, 0.301875, 97870893.000000, 0.000000, 92.000000, 300000.000000
3.000000, 0.301875, 0.301875, 13012855.000000, 0.000000, 145.000000, 300000.000000
3.000000, 0.301875, 0.301875, 13063383.000000, 0.000000, 88.000000, 300000.000000
3.000000, 0.301875, 0.301875, 26722600.000000, 0.000000, 131.000000, 300000.000000
3.000000, 0.301875, 0.301875, 70565548.000000, 0.000000, 131.000000, 300000.000000
3.000000, 0.301875, 0.301875, 67906863.000000, 0.000000, 122.000000, 300000.000000
3.000000, 0.301875, 0.301875, 33860452.000000, 0.000000, 119.000000, 300000.000000
3.000000, 0.301875, 0.301875, 55122131.000000, 0.228837, 200.000000, 300000.000000
3.000000, 0.301875, 0.301875, 8172917.000000, 0.000000, 93.000000, 300000.000000
3.000000, 0.301875, 0.301875, 70428844.000000, 0.000000, 143.000000, 300000.000000
3.000000, 0.301875, 0.301875, 27147736.000000, 0.000000, 93.000000, 300000.000000
3.000000, 0.301875, 0.301875, 90304820.000000, 0.000000, 99.000000, 300000.000000
3.000000, 0.301875, 0.301875, 30614806.000000, 0.000000, 128.000000, 300000.000000
3.000000, 0.301875, 0.301875, 51743378.000000, 0.000000, 122.000000, 300000.000000
3.000000, 0.301875, 0.301875, 50003395.000000, 0.000000, 95.000000, 300000.000000
3.000000, 0.301875, 0.301875, 81620571.000000, 0.000000, 82.000000, 300000.000000
3.000000, 0.301875, 0.301875, 56550805.000000, 0.000000, 92.000000, 300000.000000
3.000000, 0.301875, 0.301875, 77981903.000000, 0.000000, 182.000000, 300000.000000
3.000000, 0.301875, 0.301875, 96459911.000000, 0.000000, 183.000000, 300000.000000
3.000000, 0.301875, 0.301875, 20087866.000000, 0.000000, 128.000000, 300000.000000
3.000000, 0.301875, 0.301875, 16492194.000000, 0.435347, 200.000000, 300000.000000
3.000000, 0.301875, 0.301875, 2575268.000000, 0.000000, 100.000000, 300000.000000
3.000000, 0.301875, 0.301875, 87406741.000000, 0.000000, 132.000000, 300000.000000
3.000000, 0.301875, 0.301875, 75940392.000000, 0.000000, 97.000000, 300000.000000
3.000000, 0.301875, 0.301875, 82310911.000000, 0.000000, 97.000000, 300000.000000
3.000000, 0.301875, 0.301875, 69809514.000000, 0.000000, 152.000000, 300000.000000
3.000000, 0.301875, 0.301875, 93071134.000000, 0.000000, 115.000000, 300000.000000
3.000000, 0.301875, 0.301875, 50291534.000000, 0.000000, 120.000000, 300000.000000
3.000000, 0.301875, 0.301875, 8290636.000000, 0.000000, 133.000000, 300000.000000
3.000000, 0.301875, 0.301875, 90872552.000000, 0.000000, 107.000000, 300000.000000
3.000000, 0.301875, 0.301875, 23285948.000000, 0.000000, 83.000000, 300000.000000
3.000000, 0.301875, 0.301875, 96393932.000000, 0.000000, 98.000000, 300000.000000
3.000000, 0.301875, 0.301875, 21680574.000000, 0.000000, 86.000000, 300000.000000
3.000000, 0.301875, 0.301875, 14688482.000000, 0.000000, 188.000000, 300000.000000
3.000000, 0.301875, 0.301875, 68505488.000000, 0.000000, 137.000000, 300000.000000
3.000000, 0.301875, 0.301875, 44444881.000000, 0.442353, 185.000000, 300000.000000
3.000000, 0.302500, 0.302500, 86154701.000000, 0.000000, 166.000000, 300000.000000
3.000000, 0.302500, 0.302500, 72078806.000000, 0.441970, 200.000000, 300000.000000
3.000000, 0.302500, 0.302500, 83828589.000000, 0.457523, 185.000000, 300000.000000
3.000000, 0.302500, 0.302500, 22133129.000000, 0.000000, 109.000000, 300000.000000
3.000000, 0.302500, 0.302500, 48487309.000000, 0.490903, 114.000000, 300000.000000
3.000000, 0.302500, 0.302500, 83168541.000000, 0.000000, 108.000000, 300000.000000
3.000000, 0.302500, 0.302500, 26455197.000000, 0.000000, 157.000000, 300000.000000
3.000000, 0.302500, 0.302500, 38041971.000000, 0.000000, 185.000000, 300000.000000
3.000000, 0.302500, 0.302500, 15492931.000000, 0.429270, 200.000000, 300000.000000
3.000000, 0.302500, 0.302500, 75043552.000000, 0.478813, 170.000000, 300000.000000
3.000000, 0.302500, 0.302500, 11582906.000000, 0.348103, 200.000000, 300000.000000
3.000000, 0.302500, 0.302500, 29846556.000000, 0.000000, 157.000000, 300000.000000
3.000000, 0.302500, 0.302500, 17510817.000000, 0.000000, 164.000000, 300000.000000
3.000000, 0.302500, 0.302500, 60759588.000000, 0.472827, 171.000000, 300000.000000
3.000000, 0.302500, 0.302500, 99391569.000000, 0.404637, 200.000000, 300000.000000
3.000000, 0.302500, 0.302500, 12971504.000000, 0.000000, 116.000000, 300000.000000
3.000000, 0.302500, 0.302500, 86393537.000000, 0.000000, 181.000000, 300000.000000
3.000000, 0.302500, 0.302500, 5217794.000000, 0.000000, 118.000000, 300000.000000
3.000000, 0.302500, 0.302500, 71019598.000000, 0.000000, 105.000000, 300000.000000
3.000000, 0.302500, 0.302500, 2379793.000000, 0.474177, 97.000000, 300000.000000
3.000000, 0.302500, 0.302500, 10325157.000000, 0.000000, 144.000000, 300000.000000
3.000000, 0.302500, 0.302500, 4818035.000000, 0.000000, 94.000000, 300000.000000
3.000000, 0.302500, 0.302500, 85311643.000000, 0.000000, 178.000000, 300000.000000
3.000000, 0.302500, 0.302500, 72536276.000000, 0.440430, 200.000000, 300000.000000
3.000000, 0.302500, 0.302500, 20452253.000000, 0.000000, 119.000000, 300000.000000
3.000000, 0.302500, 0.302500, 5794304.000000, 0.000000, 140.000000, 300000.000000
3.000000, 0.302500, 0.302500, 34103318.000000, 0.000000, 121.000000, 300000.000000
3.000000, 0.302500, 0.302500, 43832231.000000, 0.493290, 102.000000, 300000.000000
3.000000, 0.302500, 0.302500, 7282326.000000, 0.000000, 109.000000, 300000.000000
3.000000, 0.302500, 0.302500, 48242800.000000, 0.000000, 155.000000, 300000.000000
3.000000, 0.302500, 0.302500, 54144483.000000, 0.000000, 165.000000, 300000.000000
3.000000, 0.302500, 0.302500, 40846118.000000, 0.483120, 107.000000, 300000.000000
3.000000, 0.302500, 0.302500, 74040642.000000, 0.000000, 150.000000, 300000.000000
3.000000, 0.302500, 0.302500, 80785815.000000, 0.000000, 111.000000, 300000.000000
3.000000, 0.302500, 0.302500, 40625639.000000, 0.000000, 117.000000, 300000.000000
3.000000, 0.302500, 0.302500, 29887936.000000, 0.000000, 120.000000, 300000.000000
3.000000, 0.302500, 0.302500, 72206185.000000, 0.447033, 200.000000, 300000.000000
3.000000, 0.302500, 0.302500, 73762734.000000, 0.000000, 112.000000, 300000.000000
3.000000, 0.302500, 0.302500, 10671842.000000, 0.000000, 109.000000, 300000.000000
3.000000, 0.302500, 0.302500, 42058931.000000, 0.000000, 109.000000, 300000.000000
3.000000, 0.302500, 0.302500, 45703435.000000, 0.000000, 185.000000, 300000.000000
3.000000, 0.302500, 0.302500, 53658576.000000, 0.411657, 200.000000, 300000.000000
3.000000, 0.302500, 0.302500, 33689474.000000, 0.000000, 124.000000, 300000.000000
3.000000, 0.302500, 0.302500, 29333830.000000, 0.419980, 200.000000, 300000.000000
3.000000, 0.302500, 0.302500, 4879643.000000, 0.000000, 153.000000, 300000.000000
3.000000, 0.302500, 0.302500, 8079714.000000, 0.000000, 152.000000, 300000.000000
3.000000, 0.302500, 0.302500, 73976168.000000, 0.000000, 100.000000, 300000.000000
3.000000, 0.302500, 0.302500, 69188953.000000, 0.000000, 119.000000, 300000.000000
3.000000, 0.302500, 0.302500, 77002853.000000, 0.456503, 144.000000, 300000.000000
3.000000, 0.302500, 0.302500, 90152031.000000, 0.466663, 105.000000, 300000.000000
3.000000, 0.302500, 0.302500, 80269647.000000, 0.470097, 103.000000, 300000.000000
3.000000, 0.302500, 0.302500, 63023014.000000, 0.000000, 122.000000, 300000.000000
3.000000, 0.302500, 0.302500, 95134743.000000, 0.481410, 108.000000, 300000.000000
3.000000, 0.302500, 0.302500, 90665032.000000, 0.481713, 126.000000, 300000.000000
3.000000, 0.302500, 0.302500, 80560390.000000, 0.000000, 179.000000, 300000.000000
3.000000, 0.302500, 0.302500, 91476450.000000, 0.000000, 112.000000, 300000.000000
3.000000, 0.302500, 0.302500, 94159148.000000, 0.000000, 127.000000, 300000.000000
3.000000, 0.302500, 0.302500, 41140073.000000, 0.000000, 146.000000, 300000.000000
3.000000, 0.302500, 0.302500, 78014150.000000, 0.000000, 114.000000, 300000.000000
3.000000, 0.302500, 0.302500, 22557243.000000, 0.456723, 200.000000, 300000.000000
3.000000, 0.302500, 0.302500, 99296196.000000, 0.000000, 195.000000, 300000.000000
3.000000, 0.302500, 0.302500, 8868172.000000, 0.483857, 122.000000, 300000.000000
3.000000, 0.302500, 0.302500, 60300574.000000, 0.000000, 141.000000, 300000.000000
3.000000, 0.302500, 0.302500, 6541093.000000, 0.000000, 129.000000, 300000.000000
3.000000, 0.302500, 0.302500, 2275115.000000, 0.422823, 200.000000, 300000.000000
3.000000, 0.302500, 0.302500, 37532139.000000, 0.201730, 200.000000, 300000.000000
3.000000, 0.302500, 0.302500, 76550828.000000, 0.470827, 160.000000, 300000.000000
3.000000, 0.302500, 0.302500, 15469223.000000, 0.000000, 158.000000, 300000.000000
3.000000, 0.302500, 0.302500, 42730102.000000, 0.405237, 200.000000, 300000.000000
3.000000, 0.302500, 0.302500, 55019514.000000, 0.360020, 200.000000, 300000.000000
3.000000, 0.302500, 0.302500, 51460124.000000, 0.000000, 186.000000, 300000.000000
3.000000, 0.302500, 0.302500, 28863592.000000, 0.000000, 118.000000, 300000.000000
3.000000, 0.302500, 0.302500, 99486735.000000, 0.429580, 200.000000, 300000.000000
3.000000, 0.302500, 0.302500, 3500831.000000, 0.454440, 136.000000, 300000.000000
3.000000, 0.302500, 0.302500, 21312276.000000, 0.463983, 150.000000, 300000.000000
3.000000, 0.302500, 0.302500, 20592192.000000, 0.000000, 147.000000, 300000.000000
3.000000, 0.302500, 0.302500, 35964238.000000, 0.000000, 114.000000, 300000.000000
3.000000, 0.302500, 0.302500, 20553826.000000, 0.450287, 163.000000, 300000.000000
3.000000, 0.302500, 0.302500, 55206617.000000, 0.000000, 97.000000, 300000.000000
3.000000, 0.302500, 0.302500, 64988446.000000, 0.000000, 181.000000, 300000.000000
3.000000, 0.302500, 0.302500, 99204975.000000, 0.000000, 120.000000, 300000.000000
3.000000, 0.302500, 0.302500, 51144801.000000, 0.000000, 110.000000, 300000.000000
3.000000, 0.302500, 0.302500, 28919967.000000, 0.000000, 118.000000, 300000.000000
3.000000, 0.302500, 0.302500, 8213421.000000, 0.486033, 108.000000, 300000.000000
3.000000, 0.302500, 0.302500, 74967642.000000, 0.000000, 144.000000, 300000.000000
3.000000, 0.302500, 0.302500, 39880231.000000, 0.448910, 115.000000, 300000.000000
3.000000, 0.302500, 0.302500, 15987824.000000, 0.000000, 105.000000, 300000.000000
3.000000, 0.302500, 0.302500, 23258213.000000, 0.000000, 93.000000, 300000.000000
3.000000, 0.302500, 0.302500, 58808982.000000, 0.471663, 198.000000, 300000.000000
3.000000, 0.302500, 0.302500, 81772021.000000, 0.000000, 145.000000, 300000.000000
3.000000, 0.302500, 0.302500, 81143079.000000, 0.395747, 200.000000, 300000.000000
3.000000, 0.302500, 0.302500, 58120475.000000, 0.000000, 145.000000, 300000.000000
3.000000, 0.302500, 0.302500, 86206463.000000, 0.000000, 156.000000, 300000.000000
3.000000, 0.302500, 0.302500, 81706224.000000, 0.000000, 90.000000, 300000.000000
3.000000, 0.302500, 0.302500, 84848276.000000, 0.364363, 200.000000, 300000.000000
3.000000, 0.302500, 0.302500, 67967994.000000, 0.000000, 125.000000, 300000.000000
3.000000, 0.302500, 0.302500, 4806075.000000, 0.000000, 116.000000, 300000.000000
3.000000, 0.302500, 0.302500, 25506993.000000, 0.421853, 200.000000, 300000.000000
3.000000, 0.302500, 0.302500, 82561252.000000, 0.437187, 200.000000, 300000.000000
3.000000, 0.302500, 0.302500, 66479655.000000, 0.000000, 128.000000, 300000.000000
3.000000, 0.302500, 0.302500, 74910804.000000, 0.000000, 193.000000, 300000.000000
3.000000, 0.302500, 0.302500, 50998814.000000, 0.483050, 111.000000, 300000.000000
3.000000, 0.302500, 0.302500, 55932606.000000, 0.000000, 115.000000, 300000.000000
3.000000, 0.302500, 0.302500, 76755723.000000, 0.000000, 134.000000, 300000.000000
3.000000, 0.302500, 0.302500, 8095583.000000, 0.000000, 173.000000, 300000.000000
3.000000, 0.302500, 0.302500, 44178722.000000, 0.000000, 181.000000, 300000.000000
3.000000, 0.302500, 0.302500, 30621818.000000, 0.000000, 143.000000, 300000.000000
3.000000, 0.302500, 0.302500, 70966117.000000, 0.000000, 94.000000, 300000.000000
3.000000, 0.302500, 0.302500, 46837545.000000, 0.000000, 138.000000, 300000.000000
3.000000, 0.302500, 0.302500, 95210811.000000, 0.000000, 130.000000, 300000.000000
3.000000, 0.302500, 0.302500, 71131521.000000, 0.401793, 200.000000, 300000.000000
3.000000, 0.302500, 0.302500, 13081391.000000, 0.000000, 123.000000, 300000.000000
3.000000, 0.302500, 0.302500, 51563110.000000, 0.000000, 146.000000, 300000.000000
3.000000, 0.302500, 0.302500, 66658623.000000, 0.000000, 168.000000, 300000.000000
3.000000, 0.302500, 0.302500, 97870893.000000, 0.000000, 148.000000, 300000.000000
3.000000, 0.302500, 0.302500, 13012855.000000, 0.028293, 200.000000, 300000.000000
3.000000, 0.302500, 0.302500, 13063383.000000, 0.000000, 105.000000, 300000.000000
3.000000, 0.302500, 0.302500, 26722600.000000, 0.399327, 200.000000, 300000.000000
3.000000, 0.302500, 0.302500, 70565548.000000, 0.419953, 200.000000, 300000.000000
3.000000, 0.302500, 0.302500, 67906863.000000, 0.394443, 200.000000, 300000.000000
3.000000, 0.302500, 0.302500, 33860452.000000, 0.000000, 148.000000, 300000.000000
3.000000, 0.302500, 0.302500, 55122131.000000, 0.459993, 108.000000, 300000.000000
3.000000, 0.302500, 0.302500, 8172917.000000, 0.000000, 112.000000, 300000.000000
3.000000, 0.302500, 0.302500, 70428844.000000, 0.480363, 106.000000, 300000.000000
3.000000, 0.302500, 0.302500, 27147736.000000, 0.000000, 181.000000, 300000.000000
3.000000, 0.302500, 0.302500, 90304820.000000, 0.000000, 110.000000, 300000.000000
3.000000, 0.302500, 0.302500, 30614806.000000, 0.000000, 141.000000, 300000.000000
3.000000, 0.302500, 0.302500, 51743378.000000, 0.000000, 186.000000, 300000.000000
3.000000, 0.302500, 0.302500, 50003395.000000, 0.000000, 116.000000, 300000.000000
3.000000, 0.302500, 0.302500, 81620571.000000, 0.000000, 106.000000, 300000.000000
3.000000, 0.302500, 0.302500, 56550805.000000, 0.000000, 136.000000, 300000.000000
3.000000, 0.302500, 0.302500, 77981903.000000, 0.465503, 157.000000, 300000.000000
3.000000, 0.302500, 0.302500, 96459911.000000, 0.482090, 104.000000, 300000.000000
3.000000, 0.302500, 0.302500, 20087866.000000, 0.434483, 200.000000, 300000.000000
3.000000, 0.302500, 0.302500, 16492194.000000, 0.436143, 200.000000, 300000.000000
3.000000, 0.302500, 0.302500, 2575268.000000, 0.000000, 141.000000, 300000.000000
3.000000, 0.302500, 0.302500, 87406741.000000, 0.000000, 199.000000, 300000.000000
3.000000, 0.302500, 0.302500, 75940392.000000, 0.000000, 117.000000, 300000.000000
3.000000, 0.302500, 0.302500, 82310911.000000, 0.000000, 91.000000, 300000.000000
3.000000, 0.302500, 0.302500, 69809514.000000, 0.469137, 184.000000, 300000.000000
3.000000, 0.302500, 0.302500, 93071134.000000, 0.000000, 161.000000, 300000.000000
3.000000, 0.302500, 0.302500, 50291534.000000, 0.224320, 200.000000, 300000.000000
3.000000, 0.302500, 0.302500, 8290636.000000, 0.000000, 107.000000, 300000.000000
3.000000, 0.302500, 0.302500, 90872552.000000, 0.000000, 150.000000, 300000.000000
3.000000, 0.302500, 0.302500, 23285948.000000, 0.000000, 92.000000, 300000.000000
3.000000, 0.302500, 0.302500, 96393932.000000, 0.000000, 137.000000, 300000.000000
3.000000, 0.302500, 0.302500, 21680574.000000, 0.000000, 120.000000, 300000.000000
3.000000, 0.302500, 0.302500, 14688482.000000, 0.415563, 200.000000, 300000.000000
3.000000, 0.302500, 0.302500, 68505488.000000, 0.000000, 183.000000, 300000.000000
3.000000, 0.302500, 0.302500, 44444881.000000, 0.451540, 200.000000, 300000.000000
3.000000, 0.303125, 0.303125, 86154701.000000, 0.467110, 112.000000, 300000.000000
3.000000, 0.303125, 0.303125, 72078806.000000, 0.471010, 114.000000, 300000.000000
3.000000, 0.303125, 0.303125, 83828589.000000, 0.510610, 79.000000, 300000.000000
3.000000, 0.303125, 0.303125, 22133129.000000, 0.000000, 130.000000, 300000.000000
3.000000, 0.303125, 0.303125, 48487309.000000, 0.495343, 118.000000, 300000.000000
3.000000, 0.303125, 0.303125, 83168541.000000, 0.000000, 139.000000, 300000.000000
3.000000, 0.303125, 0.303125, 26455197.000000, 0.473813, 130.000000, 300000.000000
3.000000, 0.303125, 0.303125, 38041971.000000, 0.478167, 118.000000, 300000.000000
3.000000, 0.303125, 0.303125, 15492931.000000, 0.486660, 200.000000, 300000.000000
3.000000, 0.303125, 0.303125, 75043552.000000, 0.488393, 108.000000, 300000.000000
3.000000, 0.303125, 0.303125, 11582906.000000, 0.478613, 133.000000, 300000.000000
3.000000, 0.303125, 0.303125, 29846556.000000, 0.471610, 164.000000, 300000.000000
3.000000, 0.303125, 0.303125, 17510817.000000, 0.451957, 200.000000, 300000.000000
3.000000, 0.303125, 0.303125, 60759588.000000, 0.492733, 108.000000, 300000.000000
3.000000, 0.303125, 0.303125, 99391569.000000, 0.492813, 126.000000, 300000.000000
3.000000, 0.303125, 0.303125, 12971504.000000, 0.000000, 116.000000, 300000.000000
3.000000, 0.303125, 0.303125, 86393537.000000, 0.473283, 110.000000, 300000.000000
3.000000, 0.303125, 0.303125, 5217794.000000, 0.000000, 138.000000, 300000.000000
3.000000, 0.303125, 0.303125, 71019598.000000, 0.000000, 176.000000, 300000.000000
3.000000, 0.303125, 0.303125, 2379793.000000, 0.492543, 87.000000, 300000.000000
3.000000, 0.303125, 0.303125, 10325157.000000, 0.435563, 200.000000, 300000.000000
3.000000, 0.303125, 0.303125, 4818035.000000, 0.000000, 126.000000, 300000.000000
3.000000, 0.303125, 0.303125, 85311643.000000, 0.453267, 146.000000, 300000.000000
3.000000, 0.303125, 0.303125, 72536276.000000, 0.498367, 98.000000, 300000.000000
3.000000, 0.303125, 0.303125, 20452253.000000, 0.415030, 200.000000, 300000.000000
3.000000, 0.303125, 0.303125, 5794304.000000, 0.000000, 133.000000, 300000.000000
3.000000, 0.303125, 0.303125, 34103318.000000, 0.000000, 180.000000, 300000.000000
3.000000, 0.303125, 0.303125, 43832231.000000, 0.513613, 81.000000, 300000.000000
3.000000, 0.303125, 0.303125, 7282326.000000, 0.000000, 136.000000, 300000.000000
3.000000, 0.303125, 0.303125, 48242800.000000, 0.469363, 114.000000, 300000.000000
3.000000, 0.303125, 0.303125, 54144483.000000, 0.473493, 116.000000, 300000.000000
3.000000, 0.303125, 0.303125, 40846118.000000, 0.498400, 78.000000, 300000.000000
3.000000, 0.303125, 0.303125, 74040642.000000, 0.475657, 117.000000, 300000.000000
3.000000, 0.303125, 0.303125, 80785815.000000, 0.000000, 140.000000, 300000.000000
3.000000, 0.303125, 0.303125, 40625639.000000, 0.000000, 157.000000, 300000.000000
3.000000, 0.303125, 0.303125, 29887936.000000, 0.000000, 164.000000, 300000.000000
3.000000, 0.303125, 0.303125, 72206185.000000, 0.000000, 166.000000, 300000.000000
3.000000, 0.303125, 0.303125, 73762734.000000, 0.000000, 142.000000, 300000.000000
3.000000, 0.303125, 0.303125, 10671842.000000, 0.260160, 200.000000, 300000.000000
3.000000, 0.303125, 0.303125, 42058931.000000, 0.000000, 139.000000, 300000.000000
3.000000, 0.303125, 0.303125, 45703435.000000, 0.492653, 85.000000, 300000.000000
3.000000, 0.303125, 0.303125, 53658576.000000, 0.492463, 116.000000, 300000.000000
3.000000, 0.303125, 0.303125, 33689474.000000, 0.473127, 120.000000, 300000.000000
3.000000, 0.303125, 0.303125, 29333830.000000, 0.492633, 91.000000, 300000.000000
3.000000, 0.303125, 0.303125, 4879643.000000, 0.466410, 200.000000, 300000.000000
3.000000, 0.303125, 0.303125, 8079714.000000, 0.467007, 167.000000, 300000.000000
3.000000, 0.303125, 0.303125, 73976168.000000, 0.000000, 138.000000, 300000.000000
3.000000, 0.303125, 0.303125, 69188953.000000, 0.000000, 129.000000, 300000.000000
3.000000, 0.303125, 0.303125, 77002853.000000, 0.483933, 92.000000, 300000.000000
3.000000, 0.303125, 0.303125, 90152031.000000, 0.470957, 146.000000, 300000.000000
3.000000, 0.303125, 0.303125, 80269647.000000, 0.494580, 170.000000, 300000.000000
3.000000, 0.303125, 0.303125, 63023014.000000, 0.477560, 143.000000, 300000.000000
3.000000, 0.303125, 0.303125, 95134743.000000, 0.496033, 71.000000, 300000.000000
3.000000, 0.303125, 0.303125, 90665032.000000, 0.500283, 118.000000, 300000.000000
3.000000, 0.303125, 0.303125, 80560390.000000, 0.459927, 198.000000, 300000.000000
3.000000, 0.303125, 0.303125, 91476450.000000, 0.459103, 200.000000, 300000.000000
3.000000, 0.303125, 0.303125, 94159148.000000, 0.459047, 200.000000, 300000.000000
3.000000, 0.303125, 0.303125, 41140073.000000, 0.447933, 200.000000, 300000.000000
3.000000, 0.303125, 0.303125, 78014150.000000, 0.000000, 168.000000, 300000.000000
3.000000, 0.303125, 0.303125, 22557243.000000, 0.457417, 200.000000, 300000.000000
3.000000, 0.303125, 0.303125, 99296196.000000, 0.480297, 111.000000, 300000.000000
3.000000, 0.303125, 0.303125, 8868172.000000, 0.516043, 88.000000, 300000.000000
3.000000, 0.303125, 0.303125, 60300574.000000, 0.478473, 107.000000, 300000.000000
3.000000, 0.303125, 0.303125, 6541093.000000, 0.000000, 150.000000, 300000.000000
3.000000, 0.303125, 0.303125, 2275115.000000, 0.465777, 138.000000, 300000.000000
3.000000, 0.303125, 0.303125, 37532139.000000, 0.469953, 161.000000, 300000.000000
3.000000, 0.303125, 0.303125, 76550828.000000, 0.502313, 87.000000, 300000.000000
3.000000, 0.303125, 0.303125, 15469223.000000, 0.467597, 134.000000, 300000.000000
3.000000, 0.303125, 0.303125, 42730102.000000, 0.484833, 183.000000, 300000.000000
3.000000, 0.303125, 0.303125, 55019514.000000, 0.469200, 117.000000, 300000.000000
3.000000, 0.303125, 0.303125, 51460124.000000, 0.000000, 200.000000, 300000.000000
3.000000, 0.303125, 0.303125, 28863592.000000, 0.000000, 188.000000, 300000.000000
3.000000, 0.303125, 0.303125, 99486735.000000, 0.474397, 122.000000, 300000.000000
3.000000, 0.303125, 0.303125, 3500831.000000, 0.467033, 111.000000, 300000.000000
3.000000, 0.303125, 0.303125, 21312276.000000, 0.482917, 75.000000, 300000.000000
3.000000, 0.303125, 0.303125, 20592192.000000, 0.000000, 188.000000, 300000.000000
3.000000, 0.303125, 0.303125, 35964238.000000, 0.000000, 171.000000, 300000.000000
3.000000, 0.303125, 0.303125, 20553826.000000, 0.489807, 127.000000, 300000.000000
3.000000, 0.303125, 0.303125, 55206617.000000, 0.000000, 196.000000, 300000.000000
3.000000, 0.303125, 0.303125, 64988446.000000, 0.452377, 200.000000, 300000.000000
3.000000, 0.303125, 0.303125, 99204975.000000, 0.470597, 142.000000, 300000.000000
3.000000, 0.303125, 0.303125, 51144801.000000, 0.367563, 200.000000, 300000.000000
3.000000, 0.303125, 0.303125, 28919967.000000, 0.000000, 136.000000, 300000.000000
3.000000, 0.303125, 0.303125, 8213421.000000, 0.509030, 75.000000, 300000.000000
3.000000, 0.303125, 0.303125, 74967642.000000, 0.471687, 161.000000, 300000.000000
3.000000, 0.303125, 0.303125, 39880231.000000, 0.457290, 151.000000, 300000.000000
3.000000, 0.303125, 0.303125, 15987824.000000, 0.000000, 179.000000, 300000.000000
3.000000, 0.303125, 0.303125, 23258213.000000, 0.493490, 129.000000, 300000.000000
3.000000, 0.303125, 0.303125, 58808982.000000, 0.498113, 104.000000, 300000.000000
3.000000, 0.303125, 0.303125, 81772021.000000, 0.000153, 200.000000, 300000.000000
3.000000, 0.303125, 0.303125, 81143079.000000, 0.476293, 129.000000, 300000.000000
3.000000, 0.303125, 0.303125, 58120475.000000, 0.471317, 137.000000, 300000.000000
3.000000, 0.303125, 0.303125, 86206463.000000, 0.447490, 200.000000, 300000.000000
3.000000, 0.303125, 0.303125, 81706224.000000, 0.000000, 118.000000, 300000.000000
3.000000, 0.303125, 0.303125, 84848276.000000, 0.478113, 144.000000, 300000.000000
3.000000, 0.303125, 0.303125, 67967994.000000, 0.000000, 180.000000, 300000.000000
3.000000, 0.303125, 0.303125, 4806075.000000, 0.470020, 99.000000, 300000.000000
3.000000, 0.303125, 0.303125, 25506993.000000, 0.487103, 95.000000, 300000.000000
3.000000, 0.303125, 0.303125, 82561252.000000, 0.463227, 164.000000, 300000.000000
3.000000, 0.303125, 0.303125, 66479655.000000, 0.000000, 199.000000, 300000.000000
3.000000, 0.303125, 0.303125, 74910804.000000, 0.495327, 94.000000, 300000.000000
3.000000, 0.303125, 0.303125, 50998814.000000, 0.501160, 108.000000, 300000.000000
3.000000, 0.303125, 0.303125, 55932606.000000, 0.176453, 200.000000, 300000.000000
3.000000, 0.303125, 0.303125, 76755723.000000, 0.377370, 200.000000, 300000.000000
3.000000, 0.303125, 0.303125, 8095583.000000, 0.459623, 200.000000, 300000.000000
3.000000, 0.303125, 0.303125, 44178722.000000, 0.479257, 113.000000, 300000.000000
3.000000, 0.303125, 0.303125, 30621818.000000, 0.000000, 154.000000, 300000.000000
3.000000, 0.303125, 0.303125, 70966117.000000, 0.000000, 106.000000, 300000.000000
3.000000, 0.303125, 0.303125, 46837545.000000, 0.489757, 82.000000, 300000.000000
3.000000, 0.303125, 0.303125, 95210811.000000, 0.444420, 200.000000, 300000.000000
3.000000, 0.303125, 0.303125, 71131521.000000, 0.479583, 144.000000, 300000.000000
3.000000, 0.303125, 0.303125, 13081391.000000, 0.447287, 200.000000, 300000.000000
3.000000, 0.303125, 0.303125, 51563110.000000, 0.437690, 200.000000, 300000.000000
3.000000, 0.303125, 0.303125, 66658623.000000, 0.460860, 143.000000, 300000.000000
3.000000, 0.303125, 0.303125, 97870893.000000, 0.429057, 200.000000, 300000.000000
3.000000, 0.303125, 0.303125, 13012855.000000, 0.486203, 152.000000, 300000.000000
3.000000, 0.303125, 0.303125, 13063383.000000, 0.000000, 121.000000, 300000.000000
3.000000, 0.303125, 0.303125, 26722600.000000, 0.477507, 151.000000, 300000.000000
3.000000, 0.303125, 0.303125, 70565548.000000, 0.476140, 200.000000, 300000.000000
3.000000, 0.303125, 0.303125, 67906863.000000, 0.479890, 118.000000, 300000.000000
3.000000, 0.303125, 0.303125, 33860452.000000, 0.448630, 190.000000, 300000.000000
3.000000, 0.303125, 0.303125, 55122131.000000, 0.470110, 120.000000, 300000.000000
3.000000, 0.303125, 0.303125, 8172917.000000, 0.497043, 92.000000, 300000.000000
3.000000, 0.303125, 0.303125, 70428844.000000, 0.502293, 114.000000, 300000.000000
3.000000, 0.303125, 0.303125, 27147736.000000, 0.470000, 144.000000, 300000.000000
3.000000, 0.303125, 0.303125, 90304820.000000, 0.000000, 185.000000, 300000.000000
3.000000, 0.303125, 0.303125, 30614806.000000, 0.464047, 120.000000, 300000.000000
3.000000, 0.303125, 0.303125, 51743378.000000, 0.463110, 148.000000, 300000.000000
3.000000, 0.303125, 0.303125, 50003395.000000, 0.321970, 200.000000, 300000.000000
3.000000, 0.303125, 0.303125, 81620571.000000, 0.000000, 161.000000, 300000.000000
3.000000, 0.303125, 0.303125, 56550805.000000, 0.499500, 76.000000, 300000.000000
3.000000, 0.303125, 0.303125, 77981903.000000, 0.496663, 113.000000, 300000.000000
3.000000, 0.303125, 0.303125, 96459911.000000, 0.498563, 84.000000, 300000.000000
3.000000, 0.303125, 0.303125, 20087866.000000, 0.474437, 113.000000, 300000.000000
3.000000, 0.303125, 0.303125, 16492194.000000, 0.488690, 121.000000, 300000.000000
3.000000, 0.303125, 0.303125, 2575268.000000, 0.495047, 99.000000, 300000.000000
3.000000, 0.303125, 0.303125, 87406741.000000, 0.447967, 200.000000, 300000.000000
3.000000, 0.303125, 0.303125, 75940392.000000, 0.000000, 178.000000, 300000.000000
3.000000, 0.303125, 0.303125, 82310911.000000, 0.000000, 183.000000, 300000.000000
3.000000, 0.303125, 0.303125, 69809514.000000, 0.503690, 89.000000, 300000.000000
3.000000, 0.303125, 0.303125, 93071134.000000, 0.475483, 121.000000, 300000.000000
3.000000, 0.303125, 0.303125, 50291534.000000, 0.450633, 191.000000, 300000.000000
3.000000, 0.303125, 0.303125, 8290636.000000, 0.459967, 152.000000, 300000.000000
3.000000, 0.303125, 0.303125, 90872552.000000, 0.441443, 200.000000, 300000.000000
3.000000, 0.303125, 0.303125, 23285948.000000, 0.000000, 169.000000, 300000.000000
3.000000, 0.303125, 0.303125, 96393932.000000, 0.393740, 200.000000, 300000.000000
3.000000, 0.303125, 0.303125, 21680574.000000, 0.455883, 191.000000, 300000.000000
3.000000, 0.303125, 0.303125, 14688482.000000, 0.456550, 136.000000, 300000.000000
3.000000, 0.303125, 0.303125, 68505488.000000, 0.492147, 80.000000, 300000.000000
3.000000, 0.303125, 0.303125, 44444881.000000, 0.469373, 200.000000, 300000.000000
3.000000, 0.303750, 0.303750, 86154701.000000, 0.491453, 140.000000, 300000.000000
3.000000, 0.303750, 0.303750, 72078806.000000, 0.470493, 122.000000, 300000.000000
3.000000, 0.303750, 0.303750, 83828589.000000, 0.519963, 93.000000, 300000.000000
3.000000, 0.303750, 0.303750, 22133129.000000, 0.477733, 117.000000, 300000.000000
3.000000, 0.303750, 0.303750, 48487309.000000, 0.515583, 62.000000, 300000.000000
3.000000, 0.303750, 0.303750, 83168541.000000, 0.487630, 91.000000, 300000.000000
3.000000, 0.303750, 0.303750, 26455197.000000, 0.499123, 99.000000, 300000.000000
3.000000, 0.303750, 0.303750, 38041971.000000, 0.496493, 95.000000, 300000.000000
3.000000, 0.303750, 0.303750, 15492931.000000, 0.515487, 79.000000, 300000.000000
3.000000, 0.303750, 0.303750, 75043552.000000, 0.504137, 112.000000, 300000.000000
3.000000, 0.303750, 0.303750, 11582906.000000, 0.497673, 88.000000, 300000.000000
3.000000, 0.303750, 0.303750, 29846556.000000, 0.502893, 103.000000, 300000.000000
3.000000, 0.303750, 0.303750, 17510817.000000, 0.501953, 99.000000, 300000.000000
3.000000, 0.303750, 0.303750, 60759588.000000, 0.504443, 97.000000, 300000.000000
3.000000, 0.303750, 0.303750, 99391569.000000, 0.500677, 93.000000, 300000.000000
3.000000, 0.303750, 0.303750, 12971504.000000, 0.000000, 132.000000, 300000.000000
3.000000, 0.303750, 0.303750, 86393537.000000, 0.499600, 80.000000, 300000.000000
3.000000, 0.303750, 0.303750, 5217794.000000, 0.369130, 200.000000, 300000.000000
3.000000, 0.303750, 0.303750, 71019598.000000, 0.484603, 94.000000, 300000.000000
3.000000, 0.303750, 0.303750, 2379793.000000, 0.499573, 102.000000, 300000.000000
3.000000, 0.303750, 0.303750, 10325157.000000, 0.477307, 93.000000, 300000.000000
3.000000, 0.303750, 0.303750, 4818035.000000, 0.479060, 97.000000, 300000.000000
3.000000, 0.303750, 0.303750, 85311643.000000, 0.481767, 147.000000, 300000.000000
3.000000, 0.303750, 0.303750, 72536276.000000, 0.506490, 98.000000, 300000.000000
3.000000, 0.303750, 0.303750, 20452253.000000, 0.485197, 101.000000, 300000.000000
3.000000, 0.303750, 0.303750, 5794304.000000, 0.428473, 200.000000, 300000.000000
3.000000, 0.303750, 0.303750, 34103318.000000, 0.477377, 115.000000, 300000.000000
3.000000, 0.303750, 0.303750, 43832231.000000, 0.524617, 72.000000, 300000.000000
3.000000, 0.303750, 0.303750, 7282326.000000, 0.000000, 179.000000, 300000.000000
3.000000, 0.303750, 0.303750, 48242800.000000, 0.483397, 196.000000, 300000.000000
3.000000, 0.303750, 0.303750, 54144483.000000, 0.489553, 175.000000, 300000.000000
3.000000, 0.303750, 0.303750, 40846118.000000, 0.495067, 102.000000, 300000.000000
3.000000, 0.303750, 0.303750, 74040642.000000, 0.497840, 118.000000, 300000.000000
3.000000, 0.303750, 0.303750, 80785815.000000, 0.000000, 190.000000, 300000.000000
3.000000, 0.303750, 0.303750, 40625639.000000, 0.465657, 191.000000, 300000.000000
3.000000, 0.303750, 0.303750, 29887936.000000, 0.487493, 111.000000, 300000.000000
3.000000, 0.303750, 0.303750, 72206185.000000, 0.433240, 200.000000, 300000.000000
3.000000, 0.303750, 0.303750, 73762734.000000, 0.475873, 107.000000, 300000.000000
3.000000, 0.303750, 0.303750, 10671842.000000, 0.502610, 94.000000, 300000.000000
3.000000, 0.303750, 0.303750, 42058931.000000, 0.490530, 98.000000, 300000.000000
3.000000, 0.303750, 0.303750, 45703435.000000, 0.519160, 81.000000, 300000.000000
3.000000, 0.303750, 0.303750, 53658576.000000, 0.510143, 88.000000, 300000.000000
3.000000, 0.303750, 0.303750, 33689474.000000, 0.490937, 114.000000, 300000.000000
3.000000, 0.303750, 0.303750, 29333830.000000, 0.502200, 112.000000, 300000.000000
3.000000, 0.303750, 0.303750, 4879643.000000, 0.498253, 80.000000, 300000.000000
3.000000, 0.303750, 0.303750, 8079714.000000, 0.498427, 131.000000, 300000.000000
3.000000, 0.303750, 0.303750, 73976168.000000, 0.418540, 200.000000, 300000.000000
3.000000, 0.303750, 0.303750, 69188953.000000, 0.000000, 196.000000, 300000.000000
3.000000, 0.303750, 0.303750, 77002853.000000, 0.502103, 75.000000, 300000.000000
3.000000, 0.303750, 0.303750, 90152031.000000, 0.501330, 82.000000, 300000.000000
3.000000, 0.303750, 0.303750, 80269647.000000, 0.525837, 129.000000, 300000.000000
3.000000, 0.303750, 0.303750, 63023014.000000, 0.503240, 88.000000, 300000.000000
3.000000, 0.303750, 0.303750, 95134743.000000, 0.504677, 104.000000, 300000.000000
3.000000, 0.303750, 0.303750, 90665032.000000, 0.502480, 88.000000, 300000.000000
3.000000, 0.303750, 0.303750, 80560390.000000, 0.486857, 159.000000, 300000.000000
3.000000, 0.303750, 0.303750, 91476450.000000, 0.504793, 88.000000, 300000.000000
3.000000, 0.303750, 0.303750, 94159148.000000, 0.505437, 78.000000, 300000.000000
3.000000, 0.303750, 0.303750, 41140073.000000, 0.481060, 121.000000, 300000.000000
3.000000, 0.303750, 0.303750, 78014150.000000, 0.451260, 200.000000, 300000.000000
3.000000, 0.303750, 0.303750, 22557243.000000, 0.501500, 67.000000, 300000.000000
3.000000, 0.303750, 0.303750, 99296196.000000, 0.495190, 104.000000, 300000.000000
3.000000, 0.303750, 0.303750, 8868172.000000, 0.520640, 58.000000, 300000.000000
3.000000, 0.303750, 0.303750, 60300574.000000, 0.491130, 108.000000, 300000.000000
3.000000, 0.303750, 0.303750, 6541093.000000, 0.472113, 124.000000, 300000.000000
3.000000, 0.303750, 0.303750, 2275115.000000, 0.491890, 113.000000, 300000.000000
3.000000, 0.303750, 0.303750, 37532139.000000, 0.503423, 101.000000, 300000.000000
3.000000, 0.303750, 0.303750, 76550828.000000, 0.500850, 77.000000, 300000.000000
3.000000, 0.303750, 0.303750, 15469223.000000, 0.482110, 131.000000, 300000.000000
3.000000, 0.303750, 0.303750, 42730102.000000, 0.506363, 91.000000, 300000.000000
3.000000, 0.303750, 0.303750, 55019514.000000, 0.502103, 79.000000, 300000.000000
3.000000, 0.303750, 0.303750, 51460124.000000, 0.478870, 124.000000, 300000.000000
3.000000, 0.303750, 0.303750, 28863592.000000, 0.500837, 117.000000, 300000.000000
3.000000, 0.303750, 0.303750, 99486735.000000, 0.503920, 100.000000, 300000.000000
3.000000, 0.303750, 0.303750, 3500831.000000, 0.467693, 125.000000, 300000.000000
3.000000, 0.303750, 0.303750, 21312276.000000, 0.505417, 144.000000, 300000.000000
3.000000, 0.303750, 0.303750, 20592192.000000, 0.000000, 154.000000, 300000.000000
3.000000, 0.303750, 0.303750, 35964238.000000, 0.473610, 200.000000, 300000.000000
3.000000, 0.303750, 0.303750, 20553826.000000, 0.500590, 97.000000, 300000.000000
3.000000, 0.303750, 0.303750, 55206617.000000, 0.492757, 133.000000, 300000.000000
3.000000, 0.303750, 0.303750, 64988446.000000, 0.492427, 100.000000, 300000.000000
3.000000, 0.303750, 0.303750, 99204975.000000, 0.479027, 120.000000, 300000.000000
3.000000, 0.303750, 0.303750, 51144801.000000, 0.487907, 124.000000, 300000.000000
3.000000, 0.303750, 0.303750, 28919967.000000, 0.400097, 200.000000, 300000.000000
3.000000, 0.303750, 0.303750, 8213421.000000, 0.514393, 77.000000, 300000.000000
3.000000, 0.303750, 0.303750, 74967642.000000, 0.483380, 195.000000, 300000.000000
3.000000, 0.303750, 0.303750, 39880231.000000, 0.494690, 136.000000, 300000.000000
3.000000, 0.303750, 0.303750, 15987824.000000, 0.415530, 200.000000, 300000.000000
3.000000, 0.303750, 0.303750, 23258213.000000, 0.508043, 71.000000, 300000.000000
3.000000, 0.303750, 0.303750, 58808982.000000, 0.506770, 91.000000, 300000.000000
3.000000, 0.303750, 0.303750, 81772021.000000, 0.458740, 200.000000, 300000.000000
3.000000, 0.303750, 0.303750, 81143079.000000, 0.513710, 105.000000, 300000.000000
3.000000, 0.303750, 0.303750, 58120475.000000, 0.488023, 96.000000, 300000.000000
3.000000, 0.303750, 0.303750, 86206463.000000, 0.486547, 108.000000, 300000.000000
3.000000, 0.303750, 0.303750, 81706224.000000, 0.000000, 159.000000, 300000.000000
3.000000, 0.303750, 0.303750, 84848276.000000, 0.492740, 104.000000, 300000.000000
3.000000, 0.303750, 0.303750, 67967994.000000, 0.472017, 187.000000, 300000.000000
3.000000, 0.303750, 0.303750, 4806075.000000, 0.489447, 107.000000, 300000.000000
3.000000, 0.303750, 0.303750, 25506993.000000, 0.493830, 97.000000, 300000.000000
3.000000, 0.303750, 0.303750, 82561252.000000, 0.504167, 141.000000, 300000.000000
3.000000, 0.303750, 0.303750, 66479655.000000, 0.481240, 98.000000, 300000.000000
3.000000, 0.303750, 0.303750, 74910804.000000, 0.524683, 71.000000, 300000.000000
3.000000, 0.303750, 0.303750, 50998814.000000, 0.515737, 114.000000, 300000.000000
3.000000, 0.303750, 0.303750, 55932606.000000, 0.486183, 117.000000, 300000.000000
3.000000, 0.303750, 0.303750, 76755723.000000, 0.484163, 98.000000, 300000.000000
3.000000, 0.303750, 0.303750, 8095583.000000, 0.493357, 95.000000, 300000.000000
3.000000, 0.303750, 0.303750, 44178722.000000, 0.483247, 91.000000, 300000.000000
3.000000, 0.303750, 0.303750, 30621818.000000, 0.482913, 163.000000, 300000.000000
3.000000, 0.303750, 0.303750, 70966117.000000, 0.452440, 176.000000, 300000.000000
3.000000, 0.303750, 0.303750, 46837545.000000, 0.506463, 99.000000, 300000.000000
3.000000, 0.303750, 0.303750, 95210811.000000, 0.484650, 110.000000, 300000.000000
3.000000, 0.303750, 0.303750, 71131521.000000, 0.000000, 184.000000, 300000.000000
3.000000, 0.303750, 0.303750, 13081391.000000, 0.501170, 100.000000, 300000.000000
3.000000, 0.303750, 0.303750, 51563110.000000, 0.496803, 102.000000, 300000.000000
3.000000, 0.303750, 0.303750, 66658623.000000, 0.483577, 100.000000, 300000.000000
3.000000, 0.303750, 0.303750, 97870893.000000, 0.490787, 134.000000, 300000.000000
3.000000, 0.303750, 0.303750, 13012855.000000, 0.207110, 200.000000, 300000.000000
3.000000, 0.303750, 0.303750, 13063383.000000, 0.453090, 200.000000, 300000.000000
3.000000, 0.303750, 0.303750, 26722600.000000, 0.488420, 97.000000, 300000.000000
3.000000, 0.303750, 0.303750, 70565548.000000, 0.511227, 115.000000, 300000.000000
3.000000, 0.303750, 0.303750, 67906863.000000, 0.483923, 172.000000, 300000.000000
3.000000, 0.303750, 0.303750, 33860452.000000, 0.474043, 136.000000, 300000.000000
3.000000, 0.303750, 0.303750, 55122131.000000, 0.484603, 137.000000, 300000.000000
3.000000, 0.303750, 0.303750, 8172917.000000, 0.503827, 86.000000, 300000.000000
3.000000, 0.303750, 0.303750, 70428844.000000, 0.504613, 126.000000, 300000.000000
3.000000, 0.303750, 0.303750, 27147736.000000, 0.492880, 104.000000, 300000.000000
3.000000, 0.303750, 0.303750, 90304820.000000, 0.486403, 107.000000, 300000.000000
3.000000, 0.303750, 0.303750, 30614806.000000, 0.506970, 93.000000, 300000.000000
3.000000, 0.303750, 0.303750, 51743378.000000, 0.492287, 102.000000, 300000.000000
3.000000, 0.303750, 0.303750, 50003395.000000, 0.488907, 115.000000, 300000.000000
3.000000, 0.303750, 0.303750, 81620571.000000, 0.473573, 189.000000, 300000.000000
3.000000, 0.303750, 0.303750, 56550805.000000, 0.516167, 72.000000, 300000.000000
3.000000, 0.303750, 0.303750, 77981903.000000, 0.516060, 78.000000, 300000.000000
3.000000, 0.303750, 0.303750, 96459911.000000, 0.511127, 82.000000, 300000.000000
3.000000, 0.303750, 0.303750, 20087866.000000, 0.506500, 73.000000, 300000.000000
3.000000, 0.303750, 0.303750, 16492194.000000, 0.499573, 124.000000, 300000.000000
3.000000, 0.303750, 0.303750, 2575268.000000, 0.518247, 84.000000, 300000.000000
3.000000, 0.303750, 0.303750, 87406741.000000, 0.480793, 162.000000, 300000.000000
3.000000, 0.303750, 0.303750, 75940392.000000, 0.475603, 159.000000, 300000.000000
3.000000, 0.303750, 0.303750, 82310911.000000, 0.496983, 103.000000, 300000.000000
3.000000, 0.303750, 0.303750, 69809514.000000, 0.522113, 67.000000, 300000.000000
3.000000, 0.303750, 0.303750, 93071134.000000, 0.493480, 111.000000, 300000.000000
3.000000, 0.303750, 0.303750, 50291534.000000, 0.502637, 144.000000, 300000.000000
3.000000, 0.303750, 0.303750, 8290636.000000, 0.494183, 102.000000, 300000.000000
3.000000, 0.303750, 0.303750, 90872552.000000, 0.469967, 178.000000, 300000.000000
3.000000, 0.303750, 0.303750, 23285948.000000, 0.484510, 84.000000, 300000.000000
3.000000, 0.303750, 0.303750, 96393932.000000, 0.467373, 200.000000, 300000.000000
3.000000, 0.303750, 0.303750, 21680574.000000, 0.472603, 200.000000, 300000.000000
3.000000, 0.303750, 0.303750, 14688482.000000, 0.510180, 87.000000, 300000.000000
3.000000, 0.303750, 0.303750, 68505488.000000, 0.502010, 95.000000, 300000.000000
3.000000, 0.303750, 0.303750, 44444881.000000, 0.504173, 98.000000, 300000.000000
3.000000, 0.304375, 0.304375, 86154701.000000, 0.501520, 108.000000, 300000.000000
3.000000, 0.304375, 0.304375, 72078806.000000, 0.465417, 200.000000, 300000.000000
3.000000, 0.304375, 0.304375, 83828589.000000, 0.533807, 70.000000, 300000.000000
3.000000, 0.304375, 0.304375, 22133129.000000, 0.504890, 94.000000, 300000.000000
3.000000, 0.304375, 0.304375, 48487309.000000, 0.520223, 75.000000, 300000.000000
3.000000, 0.304375, 0.304375, 83168541.000000, 0.497873, 82.000000, 300000.000000
3.000000, 0.304375, 0.304375, 26455197.000000, 0.523640, 87.000000, 300000.000000
3.000000, 0.304375, 0.304375, 38041971.000000, 0.512560, 111.000000, 300000.000000
3.000000, 0.304375, 0.304375, 15492931.000000, 0.523847, 85.000000, 300000.000000
3.000000, 0.304375, 0.304375, 75043552.000000, 0.522467, 72.000000, 300000.000000
3.000000, 0.304375, 0.304375, 11582906.000000, 0.504750, 105.000000, 300000.000000
3.000000, 0.304375, 0.304375, 29846556.000000, 0.512183, 75.000000, 300000.000000
3.000000, 0.304375, 0.304375, 17510817.000000, 0.523227, 73.000000, 300000.000000
3.000000, 0.304375, 0.304375, 60759588.000000, 0.513067, 90.000000, 300000.000000
3.000000, 0.304375, 0.304375, 99391569.000000, 0.482570, 142.000000, 300000.000000
3.000000, 0.304375, 0.304375, 12971504.000000, 0.000000, 161.000000, 300000.000000
3.000000, 0.304375, 0.304375, 86393537.000000, 0.510860, 66.000000, 300000.000000
3.000000, 0.304375, 0.304375, 5217794.000000, 0.496170, 151.000000, 300000.000000
3.000000, 0.304375, 0.304375, 71019598.000000, 0.502283, 143.000000, 300000.000000
3.000000, 0.304375, 0.304375, 2379793.000000, 0.519217, 66.000000, 300000.000000
3.000000, 0.304375, 0.304375, 10325157.000000, 0.503480, 106.000000, 300000.000000
3.000000, 0.304375, 0.304375, 4818035.000000, 0.510913, 104.000000, 300000.000000
3.000000, 0.304375, 0.304375, 85311643.000000, 0.499443, 126.000000, 300000.000000
3.000000, 0.304375, 0.304375, 72536276.000000, 0.525947, 77.000000, 300000.000000
3.000000, 0.304375, 0.304375, 20452253.000000, 0.502670, 104.000000, 300000.000000
3.000000, 0.304375, 0.304375, 5794304.000000, 0.498633, 92.000000, 300000.000000
3.000000, 0.304375, 0.304375, 34103318.000000, 0.511690, 69.000000, 300000.000000
3.000000, 0.304375, 0.304375, 43832231.000000, 0.529457, 96.000000, 300000.000000
3.000000, 0.304375, 0.304375, 7282326.000000, 0.472230, 112.000000, 300000.000000
3.000000, 0.304375, 0.304375, 48242800.000000, 0.517967, 108.000000, 300000.000000
3.000000, 0.304375, 0.304375, 54144483.000000, 0.498617, 113.000000, 300000.000000
3.000000, 0.304375, 0.304375, 40846118.000000, 0.510340, 91.000000, 300000.000000
3.000000, 0.304375, 0.304375, 74040642.000000, 0.516293, 73.000000, 300000.000000
3.000000, 0.304375, 0.304375, 80785815.000000, 0.484563, 100.000000, 300000.000000
3.000000, 0.304375, 0.304375, 40625639.000000, 0.501907, 83.000000, 300000.000000
3.000000, 0.304375, 0.304375, 29887936.000000, 0.492740, 102.000000, 300000.000000
3.000000, 0.304375, 0.304375, 72206185.000000, 0.457837, 200.000000, 300000.000000
3.000000, 0.304375, 0.304375, 73762734.000000, 0.497537, 89.000000, 300000.000000
3.000000, 0.304375, 0.304375, 10671842.000000, 0.509800, 95.000000, 300000.000000
3.000000, 0.304375, 0.304375, 42058931.000000, 0.513737, 109.000000, 300000.000000
3.000000, 0.304375, 0.304375, 45703435.000000, 0.527170, 92.000000, 300000.000000
3.000000, 0.304375, 0.304375, 53658576.000000, 0.510580, 88.000000, 300000.000000
3.000000, 0.304375, 0.304375, 33689474.000000, 0.512597, 94.000000, 300000.000000
3.000000, 0.304375, 0.304375, 29333830.000000, 0.515973, 79.000000, 300000.000000
3.000000, 0.304375, 0.304375, 4879643.000000, 0.519460, 68.000000, 300000.000000
3.000000, 0.304375, 0.304375, 8079714.000000, 0.520480, 73.000000, 300000.000000
3.000000, 0.304375, 0.304375, 73976168.000000, 0.491093, 103.000000, 300000.000000
3.000000, 0.304375, 0.304375, 69188953.000000, 0.465200, 200.000000, 300000.000000
3.000000, 0.304375, 0.304375, 77002853.000000, 0.506697, 72.000000, 300000.000000
3.000000, 0.304375, 0.304375, 90152031.000000, 0.510657, 114.000000, 300000.000000
3.000000, 0.304375, 0.304375, 80269647.000000, 0.535970, 71.000000, 300000.000000
3.000000, 0.304375, 0.304375, 63023014.000000, 0.511920, 98.000000, 300000.000000
3.000000, 0.304375, 0.304375, 95134743.000000, 0.517953, 87.000000, 300000.000000
3.000000, 0.304375, 0.304375, 90665032.000000, 0.511677, 63.000000, 300000.000000
3.000000, 0.304375, 0.304375, 80560390.000000, 0.510147, 124.000000, 300000.000000
3.000000, 0.304375, 0.304375, 91476450.000000, 0.518067, 90.000000, 300000.000000
3.000000, 0.304375, 0.304375, 94159148.000000, 0.521547, 87.000000, 300000.000000
3.000000, 0.304375, 0.304375, 41140073.000000, 0.510387, 94.000000, 300000.000000
3.000000, 0.304375, 0.304375, 78014150.000000, 0.499060, 107.000000, 300000.000000
3.000000, 0.304375, 0.304375, 22557243.000000, 0.507167, 109.000000, 300000.000000
3.000000, 0.304375, 0.304375, 99296196.000000, 0.509557, 120.000000, 300000.000000
3.000000, 0.304375, 0.304375, 8868172.000000, 0.527230, 78.000000, 300000.000000
3.000000, 0.304375, 0.304375, 60300574.000000, 0.519537, 77.000000, 300000.000000
3.000000, 0.304375, 0.304375, 6541093.000000, 0.504273, 85.000000, 300000.000000
3.000000, 0.304375, 0.304375, 2275115.000000, 0.520073, 90.000000, 300000.000000
3.000000, 0.304375, 0.304375, 37532139.000000, 0.520997, 68.000000, 300000.000000
3.000000, 0.304375, 0.304375, 76550828.000000, 0.524773, 77.000000, 300000.000000
3.000000, 0.304375, 0.304375, 15469223.000000, 0.498923, 75.000000, 300000.000000
3.000000, 0.304375, 0.304375, 42730102.000000, 0.504630, 95.000000, 300000.000000
3.000000, 0.304375, 0.304375, 55019514.000000, 0.530133, 61.000000, 300000.000000
3.000000, 0.304375, 0.304375, 51460124.000000, 0.489200, 194.000000, 300000.000000
3.000000, 0.304375, 0.304375, 28863592.000000, 0.508753, 113.000000, 300000.000000
3.000000, 0.304375, 0.304375, 99486735.000000, 0.505167, 83.000000, 300000.000000
3.000000, 0.304375, 0.304375, 3500831.000000, 0.510503, 108.000000, 300000.000000
3.000000, 0.304375, 0.304375, 21312276.000000, 0.516587, 81.000000, 300000.000000
3.000000, 0.304375, 0.304375, 20592192.000000, 0.492227, 95.000000, 300000.000000
3.000000, 0.304375, 0.304375, 35964238.000000, 0.496310, 129.000000, 300000.000000
3.000000, 0.304375, 0.304375, 20553826.000000, 0.517563, 82.000000, 300000.000000
3.000000, 0.304375, 0.304375, 55206617.000000, 0.520980, 85.000000, 300000.000000
3.000000, 0.304375, 0.304375, 64988446.000000, 0.491123, 85.000000, 300000.000000
3.000000, 0.304375, 0.304375, 99204975.000000, 0.484947, 96.000000, 300000.000000
3.000000, 0.304375, 0.304375, 51144801.000000, 0.511467, 81.000000, 300000.000000
3.000000, 0.304375, 0.304375, 28919967.000000, 0.493097, 111.000000, 300000.000000
3.000000, 0.304375, 0.304375, 8213421.000000, 0.528740, 88.000000, 300000.000000
3.000000, 0.304375, 0.304375, 74967642.000000, 0.503433, 113.000000, 300000.000000
3.000000, 0.304375, 0.304375, 39880231.000000, 0.518420, 87.000000, 300000.000000
3.000000, 0.304375, 0.304375, 15987824.000000, 0.498410, 95.000000, 300000.000000
3.000000, 0.304375, 0.304375, 23258213.000000, 0.511327, 83.000000, 300000.000000
3.000000, 0.304375, 0.304375, 58808982.000000, 0.515483, 84.000000, 300000.000000
3.000000, 0.304375, 0.304375, 81772021.000000, 0.507090, 112.000000, 300000.000000
3.000000, 0.304375, 0.304375, 81143079.000000, 0.518853, 87.000000, 300000.000000
3.000000, 0.304375, 0.304375, 58120475.000000, 0.498670, 97.000000, 300000.000000
3.000000, 0.304375, 0.304375, 86206463.000000, 0.507250, 81.000000, 300000.000000
3.000000, 0.304375, 0.304375, 81706224.000000, 0.457027, 200.000000, 300000.000000
3.000000, 0.304375, 0.304375, 84848276.000000, 0.494660, 189.000000, 300000.000000
3.000000, 0.304375, 0.304375, 67967994.000000, 0.510323, 91.000000, 300000.000000
3.000000, 0.304375, 0.304375, 4806075.000000, 0.485990, 127.000000, 300000.000000
3.000000, 0.304375, 0.304375, 25506993.000000, 0.512980, 90.000000, 300000.000000
3.000000, 0.304375, 0.304375, 82561252.000000, 0.525727, 73.000000, 300000.000000
3.000000, 0.304375, 0.304375, 66479655.000000, 0.501843, 108.000000, 300000.000000
3.000000, 0.304375, 0.304375, 74910804.000000, 0.523387, 63.000000, 300000.000000
3.000000, 0.304375, 0.304375, 50998814.000000, 0.517373, 92.000000, 300000.000000
3.000000, 0.304375, 0.304375, 55932606.000000, 0.493973, 91.000000, 300000.000000
3.000000, 0.304375, 0.304375, 76755723.000000, 0.490567, 121.000000, 300000.000000
3.000000, 0.304375, 0.304375, 8095583.000000, 0.511540, 85.000000, 300000.000000
3.000000, 0.304375, 0.304375, 44178722.000000, 0.492430, 122.000000, 300000.000000
3.000000, 0.304375, 0.304375, 30621818.000000, 0.510487, 70.000000, 300000.000000
3.000000, 0.304375, 0.304375, 70966117.000000, 0.510163, 87.000000, 300000.000000
3.000000, 0.304375, 0.304375, 46837545.000000, 0.525233, 72.000000, 300000.000000
3.000000, 0.304375, 0.304375, 95210811.000000, 0.502050, 96.000000, 300000.000000
3.000000, 0.304375, 0.304375, 71131521.000000, 0.398927, 200.000000, 300000.000000
3.000000, 0.304375, 0.304375, 13081391.000000, 0.504557, 122.000000, 300000.000000
3.000000, 0.304375, 0.304375, 51563110.000000, 0.511113, 119.000000, 300000.000000
3.000000, 0.304375, 0.304375, 66658623.000000, 0.498367, 111.000000, 300000.000000
3.000000, 0.304375, 0.304375, 97870893.000000, 0.508303, 92.000000, 300000.000000
3.000000, 0.304375, 0.304375, 13012855.000000, 0.517500, 88.000000, 300000.000000
3.000000, 0.304375, 0.304375, 13063383.000000, 0.502890, 95.000000, 300000.000000
3.000000, 0.304375, 0.304375, 26722600.000000, 0.510420, 94.000000, 300000.000000
3.000000, 0.304375, 0.304375, 70565548.000000, 0.518290, 81.000000, 300000.000000
3.000000, 0.304375, 0.304375, 67906863.000000, 0.499237, 93.000000, 300000.000000
3.000000, 0.304375, 0.304375, 33860452.000000, 0.491523, 140.000000, 300000.000000
3.000000, 0.304375, 0.304375, 55122131.000000, 0.521027, 75.000000, 300000.000000
3.000000, 0.304375, 0.304375, 8172917.000000, 0.518283, 82.000000, 300000.000000
3.000000, 0.304375, 0.304375, 70428844.000000, 0.516897, 71.000000, 300000.000000
3.000000, 0.304375, 0.304375, 27147736.000000, 0.506157, 117.000000, 300000.000000
3.000000, 0.304375, 0.304375, 90304820.000000, 0.503947, 92.000000, 300000.000000
3.000000, 0.304375, 0.304375, 30614806.000000, 0.517253, 77.000000, 300000.000000
3.000000, 0.304375, 0.304375, 51743378.000000, 0.499130, 175.000000, 300000.000000
3.000000, 0.304375, 0.304375, 50003395.000000, 0.504307, 97.000000, 300000.000000
3.000000, 0.304375, 0.304375, 81620571.000000, 0.504800, 88.000000, 300000.000000
3.000000, 0.304375, 0.304375, 56550805.000000, 0.538113, 61.000000, 300000.000000
3.000000, 0.304375, 0.304375, 77981903.000000, 0.532293, 77.000000, 300000.000000
3.000000, 0.304375, 0.304375, 96459911.000000, 0.514390, 112.000000, 300000.000000
3.000000, 0.304375, 0.304375, 20087866.000000, 0.511917, 97.000000, 300000.000000
3.000000, 0.304375, 0.304375, 16492194.000000, 0.511930, 82.000000, 300000.000000
3.000000, 0.304375, 0.304375, 2575268.000000, 0.514520, 110.000000, 300000.000000
3.000000, 0.304375, 0.304375, 87406741.000000, 0.527900, 80.000000, 300000.000000
3.000000, 0.304375, 0.304375, 75940392.000000, 0.503243, 98.000000, 300000.000000
3.000000, 0.304375, 0.304375, 82310911.000000, 0.511813, 86.000000, 300000.000000
3.000000, 0.304375, 0.304375, 69809514.000000, 0.535120, 81.000000, 300000.000000
3.000000, 0.304375, 0.304375, 93071134.000000, 0.515190, 82.000000, 300000.000000
3.000000, 0.304375, 0.304375, 50291534.000000, 0.518210, 85.000000, 300000.000000
3.000000, 0.304375, 0.304375, 8290636.000000, 0.509193, 86.000000, 300000.000000
3.000000, 0.304375, 0.304375, 90872552.000000, 0.501677, 91.000000, 300000.000000
3.000000, 0.304375, 0.304375, 23285948.000000, 0.496567, 200.000000, 300000.000000
3.000000, 0.304375, 0.304375, 96393932.000000, 0.480647, 153.000000, 300000.000000
3.000000, 0.304375, 0.304375, 21680574.000000, 0.505210, 101.000000, 300000.000000
3.000000, 0.304375, 0.304375, 14688482.000000, 0.511473, 105.000000, 300000.000000
3.000000, 0.304375, 0.304375, 68505488.000000, 0.515780, 79.000000, 300000.000000
3.000000, 0.304375, 0.304375, 44444881.000000, 0.509730, 78.000000, 300000.000000
3.000000, 0.305000, 0.305000, 86154701.000000, 0.525733, 68.000000, 300000.000000
3.000000, 0.305000, 0.305000, 72078806.000000, 0.498777, 113.000000, 300000.000000
3.000000, 0.305000, 0.305000, 83828589.000000, 0.536347, 109.000000, 300000.000000
3.000000, 0.305000, 0.305000, 22133129.000000, 0.517577, 98.000000, 300000.000000
3.000000, 0.305000, 0.305000, 48487309.000000, 0.531817, 74.000000, 300000.000000
3.000000, 0.305000, 0.305000, 83168541.000000, 0.525900, 99.000000, 300000.000000
3.000000, 0.305000, 0.305000, 26455197.000000, 0.538310, 90.000000, 300000.000000
3.000000, 0.305000, 0.305000, 38041971.000000, 0.525737, 76.000000, 300000.000000
3.000000, 0.305000, 0.305000, 15492931.000000, 0.531683, 77.000000, 300000.000000
3.000000, 0.305000, 0.305000, 75043552.000000, 0.534670, 62.000000, 300000.000000
3.000000, 0.305000, 0.305000, 11582906.000000, 0.526777, 60.000000, 300000.000000
3.000000, 0.305000, 0.305000, 29846556.000000, 0.521243, 104.000000, 300000.000000
3.000000, 0.305000, 0.305000, 17510817.000000, 0.534800, 64.000000, 300000.000000
3.000000, 0.305000, 0.305000, 60759588.000000, 0.524000, 84.000000, 300000.000000
3.000000, 0.305000, 0.305000, 99391569.000000, 0.521127, 65.000000, 300000.000000
3.000000, 0.305000, 0.305000, 12971504.000000, 0.521653, 72.000000, 300000.000000
3.000000, 0.305000, 0.305000, 86393537.000000, 0.522293, 77.000000, 300000.000000
3.000000, 0.305000, 0.305000, 5217794.000000, 0.517613, 84.000000, 300000.000000
3.000000, 0.305000, 0.305000, 71019598.000000, 0.520900, 113.000000, 300000.000000
3.000000, 0.305000, 0.305000, 2379793.000000, 0.529763, 77.000000, 300000.000000
3.000000, 0.305000, 0.305000, 10325157.000000, 0.513777, 100.000000, 300000.000000
3.000000, 0.305000, 0.305000, 4818035.000000, 0.525657, 108.000000, 300000.000000
3.000000, 0.305000, 0.305000, 85311643.000000, 0.519173, 113.000000, 300000.000000
3.000000, 0.305000, 0.305000, 72536276.000000, 0.533980, 81.000000, 300000.000000
3.000000, 0.305000, 0.305000, 20452253.000000, 0.518000, 110.000000, 300000.000000
3.000000, 0.305000, 0.305000, 5794304.000000, 0.529590, 125.000000, 300000.000000
3.000000, 0.305000, 0.305000, 34103318.000000, 0.521940, 64.000000, 300000.000000
3.000000, 0.305000, 0.305000, 43832231.000000, 0.532920, 84.000000, 300000.000000
3.000000, 0.305000, 0.305000, 7282326.000000, 0.507433, 78.000000, 300000.000000
3.000000, 0.305000, 0.305000, 48242800.000000, 0.531650, 78.000000, 300000.000000
3.000000, 0.305000, 0.305000, 54144483.000000, 0.503007, 102.000000, 300000.000000
3.000000, 0.305000, 0.305000, 40846118.000000, 0.514470, 89.000000, 300000.000000
3.000000, 0.305000, 0.305000, 74040642.000000, 0.532523, 63.000000, 300000.000000
3.000000, 0.305000, 0.305000, 80785815.000000, 0.518727, 82.000000, 300000.000000
3.000000, 0.305000, 0.305000, 40625639.000000, 0.507893, 120.000000, 300000.000000
3.000000, 0.305000, 0.305000, 29887936.000000, 0.512597, 88.000000, 300000.000000
3.000000, 0.305000, 0.305000, 72206185.000000, 0.487077, 135.000000, 300000.000000
3.000000, 0.305000, 0.305000, 73762734.000000, 0.504350, 98.000000, 300000.000000
3.000000, 0.305000, 0.305000, 10671842.000000, 0.522850, 94.000000, 300000.000000
3.000000, 0.305000, 0.305000, 42058931.000000, 0.525283, 86.000000, 300000.000000
3.000000, 0.305000, 0.305000, 45703435.000000, 0.535137, 66.000000, 300000.000000
3.000000, 0.305000, 0.305000, 53658576.000000, 0.520290, 72.000000, 300000.000000
3.000000, 0.305000, 0.305000, 33689474.000000, 0.524687, 77.000000, 300000.000000
3.000000, 0.305000, 0.305000, 29333830.000000, 0.523630, 97.000000, 300000.000000
3.000000, 0.305000, 0.305000, 4879643.000000, 0.529207, 94.000000, 300000.000000
3.000000, 0.305000, 0.305000, 8079714.000000, 0.527847, 114.000000, 300000.000000
3.000000, 0.305000, 0.305000, 73976168.000000, 0.496640, 95.000000, 300000.000000
3.000000, 0.305000, 0.305000, 69188953.000000, 0.503910, 106.000000, 300000.000000
3.000000, 0.305000, 0.305000, 77002853.000000, 0.520303, 95.000000, 300000.000000
3.000000, 0.305000, 0.305000, 90152031.000000, 0.508377, 103.000000, 300000.000000
3.000000, 0.305000, 0.305000, 80269647.000000, 0.541113, 59.000000, 300000.000000
3.000000, 0.305000, 0.305000, 63023014.000000, 0.516843, 103.000000, 300000.000000
3.000000, 0.305000, 0.305000, 95134743.000000, 0.533463, 102.000000, 300000.000000
3.000000, 0.305000, 0.305000, 90665032.000000, 0.520580, 79.000000, 300000.000000
3.000000, 0.305000, 0.305000, 80560390.000000, 0.521437, 155.000000, 300000.000000
3.000000, 0.305000, 0.305000, 91476450.000000, 0.528857, 70.000000, 300000.000000
3.000000, 0.305000, 0.305000, 94159148.000000, 0.534270, 131.000000, 300000.000000
3.000000, 0.305000, 0.305000, 41140073.000000, 0.522047, 80.000000, 300000.000000
3.000000, 0.305000, 0.305000, 78014150.000000, 0.530733, 58.000000, 300000.000000
3.000000, 0.305000, 0.305000, 22557243.000000, 0.525137, 101.000000, 300000.000000
3.000000, 0.305000, 0.305000, 99296196.000000, 0.523603, 99.000000, 300000.000000
3.000000, 0.305000, 0.305000, 8868172.000000, 0.539287, 67.000000, 300000.000000
3.000000, 0.305000, 0.305000, 60300574.000000, 0.521027, 117.000000, 300000.000000
3.000000, 0.305000, 0.305000, 6541093.000000, 0.521623, 85.000000, 300000.000000
3.000000, 0.305000, 0.305000, 2275115.000000, 0.534020, 78.000000, 300000.000000
3.000000, 0.305000, 0.305000, 37532139.000000, 0.529710, 62.000000, 300000.000000
3.000000, 0.305000, 0.305000, 76550828.000000, 0.531247, 119.000000, 300000.000000
3.000000, 0.305000, 0.305000, 15469223.000000, 0.510100, 84.000000, 300000.000000
3.000000, 0.305000, 0.305000, 42730102.000000, 0.513073, 88.000000, 300000.000000
3.000000, 0.305000, 0.305000, 55019514.000000, 0.546543, 61.000000, 300000.000000
3.000000, 0.305000, 0.305000, 51460124.000000, 0.517083, 85.000000, 300000.000000
3.000000, 0.305000, 0.305000, 28863592.000000, 0.515413, 85.000000, 300000.000000
3.000000, 0.305000, 0.305000, 99486735.000000, 0.515503, 71.000000, 300000.000000
3.000000, 0.305000, 0.305000, 3500831.000000, 0.524077, 60.000000, 300000.000000
3.000000, 0.305000, 0.305000, 21312276.000000, 0.532627, 69.000000, 300000.000000
3.000000, 0.305000, 0.305000, 20592192.000000, 0.504003, 116.000000, 300000.000000
3.000000, 0.305000, 0.305000, 35964238.000000, 0.522000, 97.000000, 300000.000000
3.000000, 0.305000, 0.305000, 20553826.000000, 0.529407, 68.000000, 300000.000000
3.000000, 0.305000, 0.305000, 55206617.000000, 0.512313, 83.000000, 300000.000000
3.000000, 0.305000, 0.305000, 64988446.000000, 0.509813, 103.000000, 300000.000000
3.000000, 0.305000, 0.305000, 99204975.000000, 0.530967, 78.000000, 300000.000000
3.000000, 0.305000, 0.305000, 51144801.000000, 0.521417, 74.000000, 300000.000000
3.000000, 0.305000, 0.305000, 28919967.000000, 0.513740, 103.000000, 300000.000000
3.000000, 0.305000, 0.305000, 8213421.000000, 0.534137, 66.000000, 300000.000000
3.000000, 0.305000, 0.305000, 74967642.000000, 0.514987, 73.000000, 300000.000000
3.000000, 0.305000, 0.305000, 39880231.000000, 0.528917, 86.000000, 300000.000000
3.000000, 0.305000, 0.305000, 15987824.000000, 0.507660, 96.000000, 300000.000000
3.000000, 0.305000, 0.305000, 23258213.000000, 0.522613, 81.000000, 300000.000000
3.000000, 0.305000, 0.305000, 58808982.000000, 0.529063, 64.000000, 300000.000000
3.000000, 0.305000, 0.305000, 81772021.000000, 0.538273, 82.000000, 300000.000000
3.000000, 0.305000, 0.305000, 81143079.000000, 0.533650, 87.000000, 300000.000000
3.000000, 0.305000, 0.305000, 58120475.000000, 0.513147, 90.000000, 300000.000000
3.000000, 0.305000, 0.305000, 86206463.000000, 0.528023, 69.000000, 300000.000000
3.000000, 0.305000, 0.305000, 81706224.000000, 0.497337, 106.000000, 300000.000000
3.000000, 0.305000, 0.305000, 84848276.000000, 0.521263, 94.000000, 300000.000000
3.000000, 0.305000, 0.305000, 67967994.000000, 0.516837, 137.000000, 300000.000000
3.000000, 0.305000, 0.305000, 4806075.000000, 0.500420, 171.000000, 300000.000000
3.000000, 0.305000, 0.305000, 25506993.000000, 0.525027, 86.000000, 300000.000000
3.000000, 0.305000, 0.305000, 82561252.000000, 0.532813, 79.000000, 300000.000000
3.000000, 0.305000, 0.305000, 66479655.000000, 0.515753, 82.000000, 300000.000000
3.000000, 0.305000, 0.305000, 74910804.000000, 0.510973, 117.000000, 300000.000000
3.000000, 0.305000, 0.305000, 50998814.000000, 0.526743, 74.000000, 300000.000000
3.000000, 0.305000, 0.305000, 55932606.000000, 0.519430, 104.000000, 300000.000000
3.000000, 0.305000, 0.305000, 76755723.000000, 0.504877, 107.000000, 300000.000000
3.000000, 0.305000, 0.305000, 8095583.000000, 0.523170, 80.000000, 300000.000000
3.000000, 0.305000, 0.305000, 44178722.000000, 0.520330, 97.000000, 300000.000000
3.000000, 0.305000, 0.305000, 30621818.000000, 0.511893, 81.000000, 300000.000000
3.000000, 0.305000, 0.305000, 70966117.000000, 0.521543, 91.000000, 300000.000000
3.000000, 0.305000, 0.305000, 46837545.000000, 0.534757, 107.000000, 300000.000000
3.000000, 0.305000, 0.305000, 95210811.000000, 0.517523, 71.000000, 300000.000000
3.000000, 0.305000, 0.305000, 71131521.000000, 0.472873, 111.000000, 300000.000000
3.000000, 0.305000, 0.305000, 13081391.000000, 0.521813, 81.000000, 300000.000000
3.000000, 0.305000, 0.305000, 51563110.000000, 0.531873, 81.000000, 300000.000000
3.000000, 0.305000, 0.305000, 66658623.000000, 0.511497, 94.000000, 300000.000000
3.000000, 0.305000, 0.305000, 97870893.000000, 0.519393, 87.000000, 300000.000000
3.000000, 0.305000, 0.305000, 13012855.000000, 0.536573, 61.000000, 300000.000000
3.000000, 0.305000, 0.305000, 13063383.000000, 0.519370, 95.000000, 300000.000000
3.000000, 0.305000, 0.305000, 26722600.000000, 0.511500, 83.000000, 300000.000000
3.000000, 0.305000, 0.305000, 70565548.000000, 0.531613, 91.000000, 300000.000000
3.000000, 0.305000, 0.305000, 67906863.000000, 0.515683, 73.000000, 300000.000000
3.000000, 0.305000, 0.305000, 33860452.000000, 0.506030, 106.000000, 300000.000000
3.000000, 0.305000, 0.305000, 55122131.000000, 0.540743, 66.000000, 300000.000000
3.000000, 0.305000, 0.305000, 8172917.000000, 0.530690, 83.000000, 300000.000000
3.000000, 0.305000, 0.305000, 70428844.000000, 0.528540, 71.000000, 300000.000000
3.000000, 0.305000, 0.305000, 27147736.000000, 0.527393, 67.000000, 300000.000000
3.000000, 0.305000, 0.305000, 90304820.000000, 0.516167, 94.000000, 300000.000000
3.000000, 0.305000, 0.305000, 30614806.000000, 0.532237, 61.000000, 300000.000000
3.000000, 0.305000, 0.305000, 51743378.000000, 0.520553, 80.000000, 300000.000000
3.000000, 0.305000, 0.305000, 50003395.000000, 0.515973, 75.000000, 300000.000000
3.000000, 0.305000, 0.305000, 81620571.000000, 0.519020, 64.000000, 300000.000000
3.000000, 0.305000, 0.305000, 56550805.000000, 0.543123, 59.000000, 300000.000000
3.000000, 0.305000, 0.305000, 77981903.000000, 0.539453, 59.000000, 300000.000000
3.000000, 0.305000, 0.305000, 96459911.000000, 0.526253, 121.000000, 300000.000000
3.000000, 0.305000, 0.305000, 20087866.000000, 0.524403, 84.000000, 300000.000000
3.000000, 0.305000, 0.305000, 16492194.000000, 0.549217, 61.000000, 300000.000000
3.000000, 0.305000, 0.305000, 2575268.000000, 0.516800, 88.000000, 300000.000000
3.000000, 0.305000, 0.305000, 87406741.000000, 0.531543, 80.000000, 300000.000000
3.000000, 0.305000, 0.305000, 75940392.000000, 0.524023, 85.000000, 300000.000000
3.000000, 0.305000, 0.305000, 82310911.000000, 0.525987, 68.000000, 300000.000000
3.000000, 0.305000, 0.305000, 69809514.000000, 0.542320, 67.000000, 300000.000000
3.000000, 0.305000, 0.305000, 93071134.000000, 0.512710, 85.000000, 300000.000000
3.000000, 0.305000, 0.305000, 50291534.000000, 0.527380, 112.000000, 300000.000000
3.000000, 0.305000, 0.305000, 8290636.000000, 0.523097, 96.000000, 300000.000000
3.000000, 0.305000, 0.305000, 90872552.000000, 0.512560, 110.000000, 300000.000000
3.000000, 0.305000, 0.305000, 23285948.000000, 0.522977, 70.000000, 300000.000000
3.000000, 0.305000, 0.305000, 96393932.000000, 0.520953, 73.000000, 300000.000000
3.000000, 0.305000, 0.305000, 21680574.000000, 0.523803, 100.000000, 300000.000000
3.000000, 0.305000, 0.305000, 14688482.000000, 0.530163, 69.000000, 300000.000000
3.000000, 0.305000, 0.305000, 68505488.000000, 0.530097, 84.000000, 300000.000000
3.000000, 0.305000, 0.305000, 44444881.000000, 0.513310, 80.000000, 300000.000000
6.000000, 0.188125, 0.188125, 86154701.000000, 0.000000, 94.000000, 300000.000000
6.000000, 0.188125, 0.188125, 72078806.000000, 0.000000, 98.000000, 300000.000000
6.000000, 0.188125, 0.188125, 83828589.000000, 0.000000, 83.000000, 300000.000000
6.000000, 0.188125, 0.188125, 22133129.000000, 0.000000, 78.000000, 300000.000000
6.000000, 0.188125, 0.188125, 48487309.000000, 0.000000, 78.000000, 300000.000000
6.000000, 0.188125, 0.188125, 83168541.000000, 0.000000, 93.000000, 300000.000000
6.000000, 0.188125, 0.188125, 26455197.000000, 0.000000, 166.000000, 300000.000000
6.000000, 0.188125, 0.188125, 38041971.000000, 0.000000, 80.000000, 300000.000000
6.000000, 0.188125, 0.188125, 15492931.000000, 0.000000, 82.000000, 300000.000000
6.000000, 0.188125, 0.188125, 75043552.000000, 0.000000, 70.000000, 300000.000000
6.000000, 0.188125, 0.188125, 11582906.000000, 0.000000, 75.000000, 300000.000000
6.000000, 0.188125, 0.188125, 29846556.000000, 0.000000, 85.000000, 300000.000000
6.000000, 0.188125, 0.188125, 17510817.000000, 0.000000, 81.000000, 300000.000000
6.000000, 0.188125, 0.188125, 60759588.000000, 0.000000, 85.000000, 300000.000000
6.000000, 0.188125, 0.188125, 99391569.000000, 0.000000, 88.000000, 300000.000000
6.000000, 0.188125, 0.188125, 12971504.000000, 0.000000, 75.000000, 300000.000000
6.000000, 0.188125, 0.188125, 86393537.000000, 0.000000, 98.000000, 300000.000000
6.000000, 0.188125, 0.188125, 5217794.000000, 0.000000, 69.000000, 300000.000000
6.000000, 0.188125, 0.188125, 71019598.000000, 0.000000, 80.000000, 300000.000000
6.000000, 0.188125, 0.188125, 2379793.000000, 0.000000, 103.000000, 300000.000000
6.000000, 0.188125, 0.188125, 10325157.000000, 0.000000, 111.000000, 300000.000000
6.000000, 0.188125, 0.188125, 4818035.000000, 0.000000, 77.000000, 300000.000000
6.000000, 0.188125, 0.188125, 85311643.000000, 0.000000, 83.000000, 300000.000000
6.000000, 0.188125, 0.188125, 72536276.000000, 0.000000, 121.000000, 300000.000000
6.000000, 0.188125, 0.188125, 20452253.000000, 0.000000, 85.000000, 300000.000000
6.000000, 0.188125, 0.188125, 5794304.000000, 0.000000, 70.000000, 300000.000000
6.000000, 0.188125, 0.188125, 34103318.000000, 0.000000, 101.000000, 300000.000000
6.000000, 0.188125, 0.188125, 43832231.000000, 0.000000, 66.000000, 300000.000000
6.000000, 0.188125, 0.188125, 7282326.000000, 0.000000, 78.000000, 300000.000000
6.000000, 0.188125, 0.188125, 48242800.000000, 0.000000, 115.000000, 300000.000000
6.000000, 0.188125, 0.188125, 54144483.000000, 0.000000, 72.000000, 300000.000000
6.000000, 0.188125, 0.188125, 40846118.000000, 0.000000, 96.000000, 300000.000000
6.000000, 0.188125, 0.188125, 74040642.000000, 0.000000, 65.000000, 300000.000000
6.000000, 0.188125, 0.188125, 80785815.000000, 0.000000, 82.000000, 300000.000000
6.000000, 0.188125, 0.188125, 40625639.000000, 0.000000, 62.000000, 300000.000000
6.000000, 0.188125, 0.188125, 29887936.000000, 0.000000, 76.000000, 300000.000000
6.000000, 0.188125, 0.188125, 72206185.000000, 0.000000, 93.000000, 300000.000000
6.000000, 0.188125, 0.188125, 73762734.000000, 0.000000, 92.000000, 300000.000000
6.000000, 0.188125, 0.188125, 10671842.000000, 0.000000, 129.000000, 300000.000000
6.000000, 0.188125, 0.188125, 42058931.000000, 0.000000, 85.000000, 300000.000000
6.000000, 0.188125, 0.188125, 45703435.000000, 0.000000, 85.000000, 300000.000000
6.000000, 0.188125, 0.188125, 53658576.000000, 0.000000, 82.000000, 300000.000000
6.000000, 0.188125, 0.188125, 33689474.000000, 0.000000, 99.000000, 300000.000000
6.000000, 0.188125, 0.188125, 29333830.000000, 0.000000, 75.000000, 300000.000000
6.000000, 0.188125, 0.188125, 4879643.000000, 0.000000, 79.000000, 300000.000000
6.000000, 0.188125, 0.188125, 8079714.000000, 0.000000, 95.000000, 300000.000000
6.000000, 0.188125, 0.188125, 73976168.000000, 0.000000, 81.000000, 300000.000000
6.000000, 0.188125, 0.188125, 69188953.000000, 0.000000, 101.000000, 300000.000000
6.000000, 0.188125, 0.188125, 77002853.000000, 0.000000, 115.000000, 300000.000000
6.000000, 0.188125, 0.188125, 90152031.000000, 0.000000, 98.000000, 300000.000000
6.000000, 0.188125, 0.188125, 80269647.000000, 0.000000, 79.000000, 300000.000000
6.000000, 0.188125, 0.188125, 63023014.000000, 0.000000, 82.000000, 300000.000000
6.000000, 0.188125, 0.188125, 95134743.000000, 0.000000, 100.000000, 300000.000000
6.000000, 0.188125, 0.188125, 90665032.000000, 0.000000, 79.000000, 300000.000000
6.000000, 0.188125, 0.188125, 80560390.000000, 0.000000, 93.000000, 300000.000000
6.000000, 0.188125, 0.188125, 91476450.000000, 0.000000, 77.000000, 300000.000000
6.000000, 0.188125, 0.188125, 94159148.000000, 0.000000, 90.000000, 300000.000000
6.000000, 0.188125, 0.188125, 41140073.000000, 0.000000, 90.000000, 300000.000000
6.000000, 0.188125, 0.188125, 78014150.000000, 0.000000, 75.000000, 300000.000000
6.000000, 0.188125, 0.188125, 22557243.000000, 0.000000, 75.000000, 300000.000000
6.000000, 0.188125, 0.188125, 99296196.000000, 0.000000, 147.000000, 300000.000000
6.000000, 0.188125, 0.188125, 8868172.000000, 0.000000, 97.000000, 300000.000000
6.000000, 0.188125, 0.188125, 60300574.000000, 0.000000, 71.000000, 300000.000000
6.000000, 0.188125, 0.188125, 6541093.000000, 0.000000, 69.000000, 300000.000000
6.000000, 0.188125, 0.188125, 2275115.000000, 0.000000, 70.000000, 300000.000000
6.000000, 0.188125, 0.188125, 37532139.000000, 0.000000, 71.000000, 300000.000000
6.000000, 0.188125, 0.188125, 76550828.000000, 0.000000, 98.000000, 300000.000000
6.000000, 0.188125, 0.188125, 15469223.000000, 0.000000, 76.000000, 300000.000000
6.000000, 0.188125, 0.188125, 42730102.000000, 0.000000, 74.000000, 300000.000000
6.000000, 0.188125, 0.188125, 55019514.000000, 0.000000, 85.000000, 300000.000000
6.000000, 0.188125, 0.188125, 51460124.000000, 0.000000, 92.000000, 300000.000000
6.000000, 0.188125, 0.188125, 28863592.000000, 0.000000, 99.000000, 300000.000000
6.000000, 0.188125, 0.188125, 99486735.000000, 0.000000, 83.000000, 300000.000000
6.000000, 0.188125, 0.188125, 3500831.000000, 0.000000, 96.000000, 300000.000000
6.000000, 0.188125, 0.188125, 21312276.000000, 0.000000, 107.000000, 300000.000000
6.000000, 0.188125, 0.188125, 20592192.000000, 0.000000, 93.000000, 300000.000000
6.000000, 0.188125, 0.188125, 35964238.000000, 0.000000, 116.000000, 300000.000000
6.000000, 0.188125, 0.188125, 20553826.000000, 0.000000, 77.000000, 300000.000000
6.000000, 0.188125, 0.188125, 55206617.000000, 0.000000, 130.000000, 300000.000000
6.000000, 0.188125, 0.188125, 64988446.000000, 0.000000, 79.000000, 300000.000000
6.000000, 0.188125, 0.188125, 99204975.000000, 0.000000, 87.000000, 300000.000000
6.000000, 0.188125, 0.188125, 51144801.000000, 0.000000, 82.000000, 300000.000000
6.000000, 0.188125, 0.188125, 28919967.000000, 0.000000, 89.000000, 300000.000000
6.000000, 0.188125, 0.188125, 8213421.000000, 0.000000, 72.000000, 300000.000000
6.000000, 0.188125, 0.188125, 74967642.000000, 0.000000, 80.000000, 300000.000000
6.000000, 0.188125, 0.188125, 39880231.000000, 0.000000, 94.000000, 300000.000000
6.000000, 0.188125, 0.188125, 15987824.000000, 0.000000, 76.000000, 300000.000000
6.000000, 0.188125, 0.188125, 23258213.000000, 0.238963, 146.000000, 300000.000000
6.000000, 0.188125, 0.188125, 58808982.000000, 0.000000, 108.000000, 300000.000000
6.000000, 0.188125, 0.188125, 81772021.000000, 0.000000, 79.000000, 300000.000000
6.000000, 0.188125, 0.188125, 81143079.000000, 0.000000, 136.000000, 300000.000000
6.000000, 0.188125, 0.188125, 58120475.000000, 0.000000, 88.000000, 300000.000000
6.000000, 0.188125, 0.188125, 86206463.000000, 0.000000, 96.000000, 300000.000000
6.000000, 0.188125, 0.188125, 81706224.000000, 0.000000, 88.000000, 300000.000000
6.000000, 0.188125, 0.188125, 84848276.000000, 0.000000, 85.000000, 300000.000000
6.000000, 0.188125, 0.188125, 67967994.000000, 0.000000, 93.000000, 300000.000000
6.000000, 0.188125, 0.188125, 4806075.000000, 0.000000, 73.000000, 300000.000000
6.000000, 0.188125, 0.188125, 25506993.000000, 0.000000, 95.000000, 300000.000000
6.000000, 0.188125, 0.188125, 82561252.000000, 0.000000, 84.000000, 300000.000000
6.000000, 0.188125, 0.188125, 66479655.000000, 0.000000, 85.000000, 300000.000000
6.000000, 0.188125, 0.188125, 74910804.000000, 0.000000, 65.000000, 300000.000000
6.000000, 0.188125, 0.188125, 50998814.000000, 0.000000, 84.000000, 300000.000000
6.000000, 0.188125, 0.188125, 55932606.000000, 0.000000, 79.000000, 300000.000000
6.000000, 0.188125, 0.188125, 76755723.000000, 0.000000, 74.000000, 300000.000000
6.000000, 0.188125, 0.188125, 8095583.000000, 0.000000, 91.000000, 300000.000000
6.000000, 0.188125, 0.188125, 44178722.000000, 0.000000, 75.000000, 300000.000000
6.000000, 0.188125, 0.188125, 30621818.000000, 0.000000, 73.000000, 300000.000000
6.000000, 0.188125, 0.188125, 70966117.000000, 0.000000, 99.000000, 300000.000000
6.000000, 0.188125, 0.188125, 46837545.000000, 0.000000, 80.000000, 300000.000000
6.000000, 0.188125, 0.188125, 95210811.000000, 0.000000, 87.000000, 300000.000000
6.000000, 0.188125, 0.188125, 71131521.000000, 0.000000, 85.000000, 300000.000000
6.000000, 0.188125, 0.188125, 13081391.000000, 0.000000, 111.000000, 300000.000000
6.000000, 0.188125, 0.188125, 51563110.000000, 0.000000, 85.000000, 300000.000000
6.000000, 0.188125, 0.188125, 66658623.000000, 0.000000, 79.000000, 300000.000000
6.000000, 0.188125, 0.188125, 97870893.000000, 0.000000, 76.000000, 300000.000000
6.000000, 0.188125, 0.188125, 13012855.000000, 0.000000, 79.000000, 300000.000000
6.000000, 0.188125, 0.188125, 13063383.000000, 0.000000, 69.000000, 300000.000000
6.000000, 0.188125, 0.188125, 26722600.000000, 0.235460, 199.000000, 300000.000000
6.000000, 0.188125, 0.188125, 70565548.000000, 0.000000, 114.000000, 300000.000000
6.000000, 0.188125, 0.188125, 67906863.000000, 0.000000, 92.000000, 300000.000000
6.000000, 0.188125, 0.188125, 33860452.000000, 0.000000, 105.000000, 300000.000000
6.000000, 0.188125, 0.188125, 55122131.000000, 0.000000, 105.000000, 300000.000000
6.000000, 0.188125, 0.188125, 8172917.000000, 0.000000, 89.000000, 300000.000000
6.000000, 0.188125, 0.188125, 70428844.000000, 0.000000, 62.000000, 300000.000000
6.000000, 0.188125, 0.188125, 27147736.000000, 0.000000, 75.000000, 300000.000000
6.000000, 0.188125, 0.188125, 90304820.000000, 0.000000, 77.000000, 300000.000000
6.000000, 0.188125, 0.188125, 30614806.000000, 0.000000, 75.000000, 300000.000000
6.000000, 0.188125, 0.188125, 51743378.000000, 0.000000, 88.000000, 300000.000000
6.000000, 0.188125, 0.188125, 50003395.000000, 0.000000, 76.000000, 300000.000000
6.000000, 0.188125, 0.188125, 81620571.000000, 0.000000, 80.000000, 300000.000000
6.000000, 0.188125, 0.188125, 56550805.000000, 0.000000, 82.000000, 300000.000000
6.000000, 0.188125, 0.188125, 77981903.000000, 0.000000, 82.000000, 300000.000000
6.000000, 0.188125, 0.188125, 96459911.000000, 0.000000, 116.000000, 300000.000000
6.000000, 0.188125, 0.188125, 20087866.000000, 0.000000, 120.000000, 300000.000000
6.000000, 0.188125, 0.188125, 16492194.000000, 0.000000, 64.000000, 300000.000000
6.000000, 0.188125, 0.188125, 2575268.000000, 0.000000, 99.000000, 300000.000000
6.000000, 0.188125, 0.188125, 87406741.000000, 0.000000, 62.000000, 300000.000000
6.000000, 0.188125, 0.188125, 75940392.000000, 0.000000, 102.000000, 300000.000000
6.000000, 0.188125, 0.188125, 82310911.000000, 0.000000, 119.000000, 300000.000000
6.000000, 0.188125, 0.188125, 69809514.000000, 0.000000, 70.000000, 300000.000000
6.000000, 0.188125, 0.188125, 93071134.000000, 0.000000, 69.000000, 300000.000000
6.000000, 0.188125, 0.188125, 50291534.000000, 0.000000, 94.000000, 300000.000000
6.000000, 0.188125, 0.188125, 8290636.000000, 0.000000, 89.000000, 300000.000000
6.000000, 0.188125, 0.188125, 90872552.000000, 0.000000, 90.000000, 300000.000000
6.000000, 0.188125, 0.188125, 23285948.000000, 0.000000, 66.000000, 300000.000000
6.000000, 0.188125, 0.188125, 96393932.000000, 0.000000, 80.000000, 300000.000000
6.000000, 0.188125, 0.188125, 21680574.000000, 0.000000, 103.000000, 300000.000000
6.000000, 0.188125, 0.188125, 14688482.000000, 0.000000, 68.000000, 300000.000000
6.000000, 0.188125, 0.188125, 68505488.000000, 0.000000, 94.000000, 300000.000000
6.000000, 0.188125, 0.188125, 44444881.000000, 0.000000, 94.000000, 300000.000000
6.000000, 0.188750, 0.188750, 86154701.000000, 0.000000, 102.000000, 300000.000000
6.000000, 0.188750, 0.188750, 72078806.000000, 0.000000, 167.000000, 300000.000000
6.000000, 0.188750, 0.188750, 83828589.000000, 0.000000, 95.000000, 300000.000000
6.000000, 0.188750, 0.188750, 22133129.000000, 0.000000, 88.000000, 300000.000000
6.000000, 0.188750, 0.188750, 48487309.000000, 0.000000, 77.000000, 300000.000000
6.000000, 0.188750, 0.188750, 83168541.000000, 0.000000, 129.000000, 300000.000000
6.000000, 0.188750, 0.188750, 26455197.000000, 0.272147, 67.000000, 300000.000000
6.000000, 0.188750, 0.188750, 38041971.000000, 0.000000, 88.000000, 300000.000000
6.000000, 0.188750, 0.188750, 15492931.000000, 0.000000, 95.000000, 300000.000000
6.000000, 0.188750, 0.188750, 75043552.000000, 0.000000, 87.000000, 300000.000000
6.000000, 0.188750, 0.188750, 11582906.000000, 0.000000, 136.000000, 300000.000000
6.000000, 0.188750, 0.188750, 29846556.000000, 0.000000, 185.000000, 300000.000000
6.000000, 0.188750, 0.188750, 17510817.000000, 0.000000, 96.000000, 300000.000000
6.000000, 0.188750, 0.188750, 60759588.000000, 0.000000, 106.000000, 300000.000000
6.000000, 0.188750, 0.188750, 99391569.000000, 0.000000, 124.000000, 300000.000000
6.000000, 0.188750, 0.188750, 12971504.000000, 0.000000, 78.000000, 300000.000000
6.000000, 0.188750, 0.188750, 86393537.000000, 0.000000, 128.000000, 300000.000000
6.000000, 0.188750, 0.188750, 5217794.000000, 0.000000, 77.000000, 300000.000000
6.000000, 0.188750, 0.188750, 71019598.000000, 0.000000, 146.000000, 300000.000000
6.000000, 0.188750, 0.188750, 2379793.000000, 0.234407, 103.000000, 300000.000000
6.000000, 0.188750, 0.188750, 10325157.000000, 0.000000, 132.000000, 300000.000000
6.000000, 0.188750, 0.188750, 4818035.000000, 0.000000, 77.000000, 300000.000000
6.000000, 0.188750, 0.188750, 85311643.000000, 0.000000, 78.000000, 300000.000000
6.000000, 0.188750, 0.188750, 72536276.000000, 0.000000, 129.000000, 300000.000000
6.000000, 0.188750, 0.188750, 20452253.000000, 0.000000, 127.000000, 300000.000000
6.000000, 0.188750, 0.188750, 5794304.000000, 0.000000, 82.000000, 300000.000000
6.000000, 0.188750, 0.188750, 34103318.000000, 0.000000, 118.000000, 300000.000000
6.000000, 0.188750, 0.188750, 43832231.000000, 0.000000, 77.000000, 300000.000000
6.000000, 0.188750, 0.188750, 7282326.000000, 0.000000, 97.000000, 300000.000000
6.000000, 0.188750, 0.188750, 48242800.000000, 0.000000, 187.000000, 300000.000000
6.000000, 0.188750, 0.188750, 54144483.000000, 0.000000, 78.000000, 300000.000000
6.000000, 0.188750, 0.188750, 40846118.000000, 0.000000, 135.000000, 300000.000000
6.000000, 0.188750, 0.188750, 74040642.000000, 0.000000, 85.000000, 300000.000000
6.000000, 0.188750, 0.188750, 80785815.000000, 0.000000, 123.000000, 300000.000000
6.000000, 0.188750, 0.188750, 40625639.000000, 0.000000, 77.000000, 300000.000000
6.000000, 0.188750, 0.188750, 29887936.000000, 0.000000, 74.000000, 300000.000000
6.000000, 0.188750, 0.188750, 72206185.000000, 0.000000, 89.000000, 300000.000000
6.000000, 0.188750, 0.188750, 73762734.000000, 0.000000, 111.000000, 300000.000000
6.000000, 0.188750, 0.188750, 10671842.000000, 0.256837, 105.000000, 300000.000000
6.000000, 0.188750, 0.188750, 42058931.000000, 0.000000, 130.000000, 300000.000000
6.000000, 0.188750, 0.188750, 45703435.000000, 0.000000, 122.000000, 300000.000000
6.000000, 0.188750, 0.188750, 53658576.000000, 0.000000, 129.000000, 300000.000000
6.000000, 0.188750, 0.188750, 33689474.000000, 0.000000, 116.000000, 300000.000000
6.000000, 0.188750, 0.188750, 29333830.000000, 0.000000, 74.000000, 300000.000000
6.000000, 0.188750, 0.188750, 4879643.000000, 0.000000, 106.000000, 300000.000000
6.000000, 0.188750, 0.188750, 8079714.000000, 0.000000, 89.000000, 300000.000000
6.000000, 0.188750, 0.188750, 73976168.000000, 0.212580, 200.000000, 300000.000000
6.000000, 0.188750, 0.188750, 69188953.000000, 0.000000, 113.000000, 300000.000000
6.000000, 0.188750, 0.188750, 77002853.000000, 0.000000, 113.000000, 300000.000000
6.000000, 0.188750, 0.188750, 90152031.000000, 0.000000, 97.000000, 300000.000000
6.000000, 0.188750, 0.188750, 80269647.000000, 0.000000, 164.000000, 300000.000000
6.000000, 0.188750, 0.188750, 63023014.000000, 0.000000, 83.000000, 300000.000000
6.000000, 0.188750, 0.188750, 95134743.000000, 0.000000, 102.000000, 300000.000000
6.000000, 0.188750, 0.188750, 90665032.000000, 0.000000, 85.000000, 300000.000000
6.000000, 0.188750, 0.188750, 80560390.000000, 0.000000, 132.000000, 300000.000000
6.000000, 0.188750, 0.188750, 91476450.000000, 0.000000, 113.000000, 300000.000000
6.000000, 0.188750, 0.188750, 94159148.000000, 0.000000, 90.000000, 300000.000000
6.000000, 0.188750, 0.188750, 41140073.000000, 0.000000, 93.000000, 300000.000000
6.000000, 0.188750, 0.188750, 78014150.000000, 0.000000, 93.000000, 300000.000000
6.000000, 0.188750, 0.188750, 22557243.000000, 0.000000, 88.000000, 300000.000000
6.000000, 0.188750, 0.188750, 99296196.000000, 0.000000, 87.000000, 300000.000000
6.000000, 0.188750, 0.188750, 8868172.000000, 0.000000, 106.000000, 300000.000000
6.000000, 0.188750, 0.188750, 60300574.000000, 0.000000, 136.000000, 300000.000000
6.000000, 0.188750, 0.188750, 6541093.000000, 0.000000, 69.000000, 300000.000000
6.000000, 0.188750, 0.188750, 2275115.000000, 0.000000, 96.000000, 300000.000000
6.000000, 0.188750, 0.188750, 37532139.000000, 0.000000, 81.000000, 300000.000000
6.000000, 0.188750, 0.188750, 76550828.000000, 0.000000, 120.000000, 300000.000000
6.000000, 0.188750, 0.188750, 15469223.000000, 0.000000, 106.000000, 300000.000000
6.000000, 0.188750, 0.188750, 42730102.000000, 0.000000, 91.000000, 300000.000000
6.000000, 0.188750, 0.188750, 55019514.000000, 0.000000, 113.000000, 300000.000000
6.000000, 0.188750, 0.188750, 51460124.000000, 0.000000, 141.000000, 300000.000000
6.000000, 0.188750, 0.188750, 28863592.000000, 0.000000, 115.000000, 300000.000000
6.000000, 0.188750, 0.188750, 99486735.000000, 0.000000, 102.000000, 300000.000000
6.000000, 0.188750, 0.188750, 3500831.000000, 0.000000, 153.000000, 300000.000000
6.000000, 0.188750, 0.188750, 21312276.000000, 0.242027, 192.000000, 300000.000000
6.000000, 0.188750, 0.188750, 20592192.000000, 0.000000, 138.000000, 300000.000000
6.000000, 0.188750, 0.188750, 35964238.000000, 0.000000, 179.000000, 300000.000000
6.000000, 0.188750, 0.188750, 20553826.000000, 0.000000, 91.000000, 300000.000000
6.000000, 0.188750, 0.188750, 55206617.000000, 0.148320, 200.000000, 300000.000000
6.000000, 0.188750, 0.188750, 64988446.000000, 0.000000, 95.000000, 300000.000000
6.000000, 0.188750, 0.188750, 99204975.000000, 0.000000, 99.000000, 300000.000000
6.000000, 0.188750, 0.188750, 51144801.000000, 0.000000, 135.000000, 300000.000000
6.000000, 0.188750, 0.188750, 28919967.000000, 0.000000, 139.000000, 300000.000000
6.000000, 0.188750, 0.188750, 8213421.000000, 0.000000, 184.000000, 300000.000000
6.000000, 0.188750, 0.188750, 74967642.000000, 0.000000, 119.000000, 300000.000000
6.000000, 0.188750, 0.188750, 39880231.000000, 0.000000, 98.000000, 300000.000000
6.000000, 0.188750, 0.188750, 15987824.000000, 0.000000, 97.000000, 300000.000000
6.000000, 0.188750, 0.188750, 23258213.000000, 0.000000, 162.000000, 300000.000000
6.000000, 0.188750, 0.188750, 58808982.000000, 0.000000, 118.000000, 300000.000000
6.000000, 0.188750, 0.188750, 81772021.000000, 0.000000, 90.000000, 300000.000000
6.000000, 0.188750, 0.188750, 81143079.000000, 0.227177, 148.000000, 300000.000000
6.000000, 0.188750, 0.188750, 58120475.000000, 0.000000, 139.000000, 300000.000000
6.000000, 0.188750, 0.188750, 86206463.000000, 0.000000, 132.000000, 300000.000000
6.000000, 0.188750, 0.188750, 81706224.000000, 0.000000, 83.000000, 300000.000000
6.000000, 0.188750, 0.188750, 84848276.000000, 0.000000, 127.000000, 300000.000000
6.000000, 0.188750, 0.188750, 67967994.000000, 0.000000, 121.000000, 300000.000000
6.000000, 0.188750, 0.188750, 4806075.000000, 0.000000, 85.000000, 300000.000000
6.000000, 0.188750, 0.188750, 25506993.000000, 0.000000, 86.000000, 300000.000000
6.000000, 0.188750, 0.188750, 82561252.000000, 0.000000, 120.000000, 300000.000000
6.000000, 0.188750, 0.188750, 66479655.000000, 0.000000, 136.000000, 300000.000000
6.000000, 0.188750, 0.188750, 74910804.000000, 0.000000, 77.000000, 300000.000000
6.000000, 0.188750, 0.188750, 50998814.000000, 0.000000, 86.000000, 300000.000000
6.000000, 0.188750, 0.188750, 55932606.000000, 0.000000, 95.000000, 300000.000000
6.000000, 0.188750, 0.188750, 76755723.000000, 0.000000, 113.000000, 300000.000000
6.000000, 0.188750, 0.188750, 8095583.000000, 0.000000, 140.000000, 300000.000000
6.000000, 0.188750, 0.188750, 44178722.000000, 0.000000, 93.000000, 300000.000000
6.000000, 0.188750, 0.188750, 30621818.000000, 0.000000, 81.000000, 300000.000000
6.000000, 0.188750, 0.188750, 70966117.000000, 0.000000, 120.000000, 300000.000000
6.000000, 0.188750, 0.188750, 46837545.000000, 0.000000, 84.000000, 300000.000000
6.000000, 0.188750, 0.188750, 95210811.000000, 0.000000, 129.000000, 300000.000000
6.000000, 0.188750, 0.188750, 71131521.000000, 0.000000, 97.000000, 300000.000000
6.000000, 0.188750, 0.188750, 13081391.000000, 0.000000, 91.000000, 300000.000000
6.000000, 0.188750, 0.188750, 51563110.000000, 0.000000, 96.000000, 300000.000000
6.000000, 0.188750, 0.188750, 66658623.000000, 0.000000, 112.000000, 300000.000000
6.000000, 0.188750, 0.188750, 97870893.000000, 0.000000, 127.000000, 300000.000000
6.000000, 0.188750, 0.188750, 13012855.000000, 0.000000, 85.000000, 300000.000000
6.000000, 0.188750, 0.188750, 13063383.000000, 0.000000, 142.000000, 300000.000000
6.000000, 0.188750, 0.188750, 26722600.000000, 0.000000, 158.000000, 300000.000000
6.000000, 0.188750, 0.188750, 70565548.000000, 0.068927, 200.000000, 300000.000000
6.000000, 0.188750, 0.188750, 67906863.000000, 0.000000, 115.000000, 300000.000000
6.000000, 0.188750, 0.188750, 33860452.000000, 0.000000, 109.000000, 300000.000000
6.000000, 0.188750, 0.188750, 55122131.000000, 0.000000, 107.000000, 300000.000000
6.000000, 0.188750, 0.188750, 8172917.000000, 0.000000, 122.000000, 300000.000000
6.000000, 0.188750, 0.188750, 70428844.000000, 0.000000, 68.000000, 300000.000000
6.000000, 0.188750, 0.188750, 27147736.000000, 0.000000, 75.000000, 300000.000000
6.000000, 0.188750, 0.188750, 90304820.000000, 0.000000, 92.000000, 300000.000000
6.000000, 0.188750, 0.188750, 30614806.000000, 0.000000, 76.000000, 300000.000000
6.000000, 0.188750, 0.188750, 51743378.000000, 0.000000, 114.000000, 300000.000000
6.000000, 0.188750, 0.188750, 50003395.000000, 0.000000, 81.000000, 300000.000000
6.000000, 0.188750, 0.188750, 81620571.000000, 0.000000, 107.000000, 300000.000000
6.000000, 0.188750, 0.188750, 56550805.000000, 0.000000, 109.000000, 300000.000000
6.000000, 0.188750, 0.188750, 77981903.000000, 0.000000, 107.000000, 300000.000000
6.000000, 0.188750, 0.188750, 96459911.000000, 0.000000, 183.000000, 300000.000000
6.000000, 0.188750, 0.188750, 20087866.000000, 0.000000, 145.000000, 300000.000000
6.000000, 0.188750, 0.188750, 16492194.000000, 0.000000, 73.000000, 300000.000000
6.000000, 0.188750, 0.188750, 2575268.000000, 0.000000, 138.000000, 300000.000000
6.000000, 0.188750, 0.188750, 87406741.000000, 0.000000, 65.000000, 300000.000000
6.000000, 0.188750, 0.188750, 75940392.000000, 0.000000, 116.000000, 300000.000000
6.000000, 0.188750, 0.188750, 82310911.000000, 0.000000, 117.000000, 300000.000000
6.000000, 0.188750, 0.188750, 69809514.000000, 0.000000, 87.000000, 300000.000000
6.000000, 0.188750, 0.188750, 93071134.000000, 0.000000, 99.000000, 300000.000000
6.000000, 0.188750, 0.188750, 50291534.000000, 0.000000, 122.000000, 300000.000000
6.000000, 0.188750, 0.188750, 8290636.000000, 0.000000, 103.000000, 300000.000000
6.000000, 0.188750, 0.188750, 90872552.000000, 0.000000, 97.000000, 300000.000000
6.000000, 0.188750, 0.188750, 23285948.000000, 0.000000, 96.000000, 300000.000000
6.000000, 0.188750, 0.188750, 96393932.000000, 0.000000, 75.000000, 300000.000000
6.000000, 0.188750, 0.188750, 21680574.000000, 0.000000, 128.000000, 300000.000000
6.000000, 0.188750, 0.188750, 14688482.000000, 0.000000, 191.000000, 300000.000000
6.000000, 0.188750, 0.188750, 68505488.000000, 0.000000, 108.000000, 300000.000000
6.000000, 0.188750, 0.188750, 44444881.000000, 0.000000, 137.000000, 300000.000000
6.000000, 0.189375, 0.189375, 86154701.000000, 0.000000, 95.000000, 300000.000000
6.000000, 0.189375, 0.189375, 72078806.000000, 0.000000, 160.000000, 300000.000000
6.000000, 0.189375, 0.189375, 83828589.000000, 0.000000, 80.000000, 300000.000000
6.000000, 0.189375, 0.189375, 22133129.000000, 0.000000, 105.000000, 300000.000000
6.000000, 0.189375, 0.189375, 48487309.000000, 0.000000, 99.000000, 300000.000000
6.000000, 0.189375, 0.189375, 83168541.000000, 0.000000, 115.000000, 300000.000000
6.000000, 0.189375, 0.189375, 26455197.000000, 0.271400, 77.000000, 300000.000000
6.000000, 0.189375, 0.189375, 38041971.000000, 0.000000, 146.000000, 300000.000000
6.000000, 0.189375, 0.189375, 15492931.000000, 0.000000, 121.000000, 300000.000000
6.000000, 0.189375, 0.189375, 75043552.000000, 0.000000, 100.000000, 300000.000000
6.000000, 0.189375, 0.189375, 11582906.000000, 0.000000, 134.000000, 300000.000000
6.000000, 0.189375, 0.189375, 29846556.000000, 0.000000, 196.000000, 300000.000000
6.000000, 0.189375, 0.189375, 17510817.000000, 0.000000, 109.000000, 300000.000000
6.000000, 0.189375, 0.189375, 60759588.000000, 0.213717, 200.000000, 300000.000000
6.000000, 0.189375, 0.189375, 99391569.000000, 0.000000, 148.000000, 300000.000000
6.000000, 0.189375, 0.189375, 12971504.000000, 0.000000, 108.000000, 300000.000000
6.000000, 0.189375, 0.189375, 86393537.000000, 0.000000, 157.000000, 300000.000000
6.000000, 0.189375, 0.189375, 5217794.000000, 0.000000, 90.000000, 300000.000000
6.000000, 0.189375, 0.189375, 71019598.000000, 0.008120, 200.000000, 300000.000000
6.000000, 0.189375, 0.189375, 2379793.000000, 0.247643, 107.000000, 300000.000000
6.000000, 0.189375, 0.189375, 10325157.000000, 0.225927, 200.000000, 300000.000000
6.000000, 0.189375, 0.189375, 4818035.000000, 0.000000, 85.000000, 300000.000000
6.000000, 0.189375, 0.189375, 85311643.000000, 0.000000, 96.000000, 300000.000000
6.000000, 0.189375, 0.189375, 72536276.000000, 0.000000, 165.000000, 300000.000000
6.000000, 0.189375, 0.189375, 20452253.000000, 0.000000, 169.000000, 300000.000000
6.000000, 0.189375, 0.189375, 5794304.000000, 0.000000, 101.000000, 300000.000000
6.000000, 0.189375, 0.189375, 34103318.000000, 0.230340, 157.000000, 300000.000000
6.000000, 0.189375, 0.189375, 43832231.000000, 0.000000, 94.000000, 300000.000000
6.000000, 0.189375, 0.189375, 7282326.000000, 0.000000, 102.000000, 300000.000000
6.000000, 0.189375, 0.189375, 48242800.000000, 0.000000, 144.000000, 300000.000000
6.000000, 0.189375, 0.189375, 54144483.000000, 0.000000, 122.000000, 300000.000000
6.000000, 0.189375, 0.189375, 40846118.000000, 0.262447, 113.000000, 300000.000000
6.000000, 0.189375, 0.189375, 74040642.000000, 0.000000, 85.000000, 300000.000000
6.000000, 0.189375, 0.189375, 80785815.000000, 0.226250, 200.000000, 300000.000000
6.000000, 0.189375, 0.189375, 40625639.000000, 0.000000, 114.000000, 300000.000000
6.000000, 0.189375, 0.189375, 29887936.000000, 0.000000, 82.000000, 300000.000000
6.000000, 0.189375, 0.189375, 72206185.000000, 0.000000, 117.000000, 300000.000000
6.000000, 0.189375, 0.189375, 73762734.000000, 0.242163, 132.000000, 300000.000000
6.000000, 0.189375, 0.189375, 10671842.000000, 0.260253, 97.000000, 300000.000000
6.000000, 0.189375, 0.189375, 42058931.000000, 0.000000, 177.000000, 300000.000000
6.000000, 0.189375, 0.189375, 45703435.000000, 0.028460, 200.000000, 300000.000000
6.000000, 0.189375, 0.189375, 53658576.000000, 0.000000, 166.000000, 300000.000000
6.000000, 0.189375, 0.189375, 33689474.000000, 0.000000, 100.000000, 300000.000000
6.000000, 0.189375, 0.189375, 29333830.000000, 0.000000, 99.000000, 300000.000000
6.000000, 0.189375, 0.189375, 4879643.000000, 0.000000, 156.000000, 300000.000000
6.000000, 0.189375, 0.189375, 8079714.000000, 0.000000, 98.000000, 300000.000000
6.000000, 0.189375, 0.189375, 73976168.000000, 0.000000, 115.000000, 300000.000000
6.000000, 0.189375, 0.189375, 69188953.000000, 0.092557, 200.000000, 300000.000000
6.000000, 0.189375, 0.189375, 77002853.000000, 0.217377, 200.000000, 300000.000000
6.000000, 0.189375, 0.189375, 90152031.000000, 0.000000, 146.000000, 300000.000000
6.000000, 0.189375, 0.189375, 80269647.000000, 0.000000, 164.000000, 300000.000000
6.000000, 0.189375, 0.189375, 63023014.000000, 0.000000, 109.000000, 300000.000000
6.000000, 0.189375, 0.189375, 95134743.000000, 0.000000, 158.000000, 300000.000000
6.000000, 0.189375, 0.189375, 90665032.000000, 0.000000, 136.000000, 300000.000000
6.000000, 0.189375, 0.189375, 80560390.000000, 0.000000, 120.000000, 300000.000000
6.000000, 0.189375, 0.189375, 91476450.000000, 0.000000, 159.000000, 300000.000000
6.000000, 0.189375, 0.189375, 94159148.000000, 0.000000, 77.000000, 300000.000000
6.000000, 0.189375, 0.189375, 41140073.000000, 0.000000, 88.000000, 300000.000000
6.000000, 0.189375, 0.189375, 78014150.000000, 0.000000, 146.000000, 300000.000000
6.000000, 0.189375, 0.189375, 22557243.000000, 0.000000, 154.000000, 300000.000000
6.000000, 0.189375, 0.189375, 99296196.000000, 0.000000, 107.000000, 300000.000000
6.000000, 0.189375, 0.189375, 8868172.000000, 0.000000, 136.000000, 300000.000000
6.000000, 0.189375, 0.189375, 60300574.000000, 0.000000, 140.000000, 300000.000000
6.000000, 0.189375, 0.189375, 6541093.000000, 0.000000, 81.000000, 300000.000000
6.000000, 0.189375, 0.189375, 2275115.000000, 0.000000, 135.000000, 300000.000000
6.000000, 0.189375, 0.189375, 37532139.000000, 0.000000, 105.000000, 300000.000000
6.000000, 0.189375, 0.189375, 76550828.000000, 0.252207, 190.000000, 300000.000000
6.000000, 0.189375, 0.189375, 15469223.000000, 0.000000, 137.000000, 300000.000000
6.000000, 0.189375, 0.189375, 42730102.000000, 0.000000, 144.000000, 300000.000000
6.000000, 0.189375, 0.189375, 55019514.000000, 0.000000, 158.000000, 300000.000000
6.000000, 0.189375, 0.189375, 51460124.000000, 0.253160, 132.000000, 300000.000000
6.000000, 0.189375, 0.189375, 28863592.000000, 0.253223, 146.000000, 300000.000000
6.000000, 0.189375, 0.189375, 99486735.000000, 0.000000, 106.000000, 300000.000000
6.000000, 0.189375, 0.189375, 3500831.000000, 0.254593, 109.000000, 300000.000000
6.000000, 0.189375, 0.189375, 21312276.000000, 0.264323, 86.000000, 300000.000000
6.000000, 0.189375, 0.189375, 20592192.000000, 0.260340, 123.000000, 300000.000000
6.000000, 0.189375, 0.189375, 35964238.000000, 0.000000, 114.000000, 300000.000000
6.000000, 0.189375, 0.189375, 20553826.000000, 0.000000, 126.000000, 300000.000000
6.000000, 0.189375, 0.189375, 55206617.000000, 0.265373, 91.000000, 300000.000000
6.000000, 0.189375, 0.189375, 64988446.000000, 0.000000, 143.000000, 300000.000000
6.000000, 0.189375, 0.189375, 99204975.000000, 0.239457, 146.000000, 300000.000000
6.000000, 0.189375, 0.189375, 51144801.000000, 0.000000, 141.000000, 300000.000000
6.000000, 0.189375, 0.189375, 28919967.000000, 0.259617, 98.000000, 300000.000000
6.000000, 0.189375, 0.189375, 8213421.000000, 0.243407, 138.000000, 300000.000000
6.000000, 0.189375, 0.189375, 74967642.000000, 0.000000, 154.000000, 300000.000000
6.000000, 0.189375, 0.189375, 39880231.000000, 0.000000, 133.000000, 300000.000000
6.000000, 0.189375, 0.189375, 15987824.000000, 0.000000, 94.000000, 300000.000000
6.000000, 0.189375, 0.189375, 23258213.000000, 0.201093, 200.000000, 300000.000000
6.000000, 0.189375, 0.189375, 58808982.000000, 0.261813, 176.000000, 300000.000000
6.000000, 0.189375, 0.189375, 81772021.000000, 0.000000, 113.000000, 300000.000000
6.000000, 0.189375, 0.189375, 81143079.000000, 0.252643, 160.000000, 300000.000000
6.000000, 0.189375, 0.189375, 58120475.000000, 0.000000, 107.000000, 300000.000000
6.000000, 0.189375, 0.189375, 86206463.000000, 0.243330, 165.000000, 300000.000000
6.000000, 0.189375, 0.189375, 81706224.000000, 0.000000, 118.000000, 300000.000000
6.000000, 0.189375, 0.189375, 84848276.000000, 0.000000, 104.000000, 300000.000000
6.000000, 0.189375, 0.189375, 67967994.000000, 0.265087, 121.000000, 300000.000000
6.000000, 0.189375, 0.189375, 4806075.000000, 0.000000, 87.000000, 300000.000000
6.000000, 0.189375, 0.189375, 25506993.000000, 0.000000, 92.000000, 300000.000000
6.000000, 0.189375, 0.189375, 82561252.000000, 0.000000, 182.000000, 300000.000000
6.000000, 0.189375, 0.189375, 66479655.000000, 0.000000, 138.000000, 300000.000000
6.000000, 0.189375, 0.189375, 74910804.000000, 0.000000, 125.000000, 300000.000000
6.000000, 0.189375, 0.189375, 50998814.000000, 0.000000, 109.000000, 300000.000000
6.000000, 0.189375, 0.189375, 55932606.000000, 0.000000, 139.000000, 300000.000000
6.000000, 0.189375, 0.189375, 76755723.000000, 0.000000, 141.000000, 300000.000000
6.000000, 0.189375, 0.189375, 8095583.000000, 0.233283, 200.000000, 300000.000000
6.000000, 0.189375, 0.189375, 44178722.000000, 0.000000, 107.000000, 300000.000000
6.000000, 0.189375, 0.189375, 30621818.000000, 0.000000, 106.000000, 300000.000000
6.000000, 0.189375, 0.189375, 70966117.000000, 0.269490, 124.000000, 300000.000000
6.000000, 0.189375, 0.189375, 46837545.000000, 0.000000, 122.000000, 300000.000000
6.000000, 0.189375, 0.189375, 95210811.000000, 0.107850, 200.000000, 300000.000000
6.000000, 0.189375, 0.189375, 71131521.000000, 0.000000, 136.000000, 300000.000000
6.000000, 0.189375, 0.189375, 13081391.000000, 0.000000, 102.000000, 300000.000000
6.000000, 0.189375, 0.189375, 51563110.000000, 0.000000, 111.000000, 300000.000000
6.000000, 0.189375, 0.189375, 66658623.000000, 0.261047, 146.000000, 300000.000000
6.000000, 0.189375, 0.189375, 97870893.000000, 0.000000, 116.000000, 300000.000000
6.000000, 0.189375, 0.189375, 13012855.000000, 0.000000, 125.000000, 300000.000000
6.000000, 0.189375, 0.189375, 13063383.000000, 0.219890, 200.000000, 300000.000000
6.000000, 0.189375, 0.189375, 26722600.000000, 0.138167, 200.000000, 300000.000000
6.000000, 0.189375, 0.189375, 70565548.000000, 0.000000, 152.000000, 300000.000000
6.000000, 0.189375, 0.189375, 67906863.000000, 0.000000, 107.000000, 300000.000000
6.000000, 0.189375, 0.189375, 33860452.000000, 0.000000, 141.000000, 300000.000000
6.000000, 0.189375, 0.189375, 55122131.000000, 0.263903, 123.000000, 300000.000000
6.000000, 0.189375, 0.189375, 8172917.000000, 0.228693, 200.000000, 300000.000000
6.000000, 0.189375, 0.189375, 70428844.000000, 0.000000, 100.000000, 300000.000000
6.000000, 0.189375, 0.189375, 27147736.000000, 0.000000, 107.000000, 300000.000000
6.000000, 0.189375, 0.189375, 90304820.000000, 0.180023, 200.000000, 300000.000000
6.000000, 0.189375, 0.189375, 30614806.000000, 0.000000, 87.000000, 300000.000000
6.000000, 0.189375, 0.189375, 51743378.000000, 0.000000, 125.000000, 300000.000000
6.000000, 0.189375, 0.189375, 50003395.000000, 0.000000, 104.000000, 300000.000000
6.000000, 0.189375, 0.189375, 81620571.000000, 0.000000, 93.000000, 300000.000000
6.000000, 0.189375, 0.189375, 56550805.000000, 0.223117, 200.000000, 300000.000000
6.000000, 0.189375, 0.189375, 77981903.000000, 0.000000, 100.000000, 300000.000000
6.000000, 0.189375, 0.189375, 96459911.000000, 0.281683, 75.000000, 300000.000000
6.000000, 0.189375, 0.189375, 20087866.000000, 0.000000, 178.000000, 300000.000000
6.000000, 0.189375, 0.189375, 16492194.000000, 0.000000, 107.000000, 300000.000000
6.000000, 0.189375, 0.189375, 2575268.000000, 0.242753, 147.000000, 300000.000000
6.000000, 0.189375, 0.189375, 87406741.000000, 0.000000, 145.000000, 300000.000000
6.000000, 0.189375, 0.189375, 75940392.000000, 0.000000, 145.000000, 300000.000000
6.000000, 0.189375, 0.189375, 82310911.000000, 0.000000, 113.000000, 300000.000000
6.000000, 0.189375, 0.189375, 69809514.000000, 0.000000, 99.000000, 300000.000000
6.000000, 0.189375, 0.189375, 93071134.000000, 0.000000, 108.000000, 300000.000000
6.000000, 0.189375, 0.189375, 50291534.000000, 0.259127, 132.000000, 300000.000000
6.000000, 0.189375, 0.189375, 8290636.000000, 0.000000, 160.000000, 300000.000000
6.000000, 0.189375, 0.189375, 90872552.000000, 0.239153, 150.000000, 300000.000000
6.000000, 0.189375, 0.189375, 23285948.000000, 0.000000, 113.000000, 300000.000000
6.000000, 0.189375, 0.189375, 96393932.000000, 0.000000, 82.000000, 300000.000000
6.000000, 0.189375, 0.189375, 21680574.000000, 0.000000, 135.000000, 300000.000000
6.000000, 0.189375, 0.189375, 14688482.000000, 0.260977, 98.000000, 300000.000000
6.000000, 0.189375, 0.189375, 68505488.000000, 0.000000, 81.000000, 300000.000000
6.000000, 0.189375, 0.189375, 44444881.000000, 0.265190, 125.000000, 300000.000000
6.000000, 0.190000, 0.190000, 86154701.000000, 0.000000, 126.000000, 300000.000000
6.000000, 0.190000, 0.190000, 72078806.000000, 0.000000, 83.000000, 300000.000000
6.000000, 0.190000, 0.190000, 83828589.000000, 0.258393, 166.000000, 300000.000000
6.000000, 0.190000, 0.190000, 22133129.000000, 0.000000, 142.000000, 300000.000000
6.000000, 0.190000, 0.190000, 48487309.000000, 0.000000, 147.000000, 300000.000000
6.000000, 0.190000, 0.190000, 83168541.000000, 0.000000, 157.000000, 300000.000000
6.000000, 0.190000, 0.190000, 26455197.000000, 0.269450, 86.000000, 300000.000000
6.000000, 0.190000, 0.190000, 38041971.000000, 0.121907, 200.000000, 300000.000000
6.000000, 0.190000, 0.190000, 15492931.000000, 0.000000, 184.000000, 300000.000000
6.000000, 0.190000, 0.190000, 75043552.000000, 0.000000, 110.000000, 300000.000000
6.000000, 0.190000, 0.190000, 11582906.000000, 0.000000, 169.000000, 300000.000000
6.000000, 0.190000, 0.190000, 29846556.000000, 0.268457, 140.000000, 300000.000000
6.000000, 0.190000, 0.190000, 17510817.000000, 0.000000, 200.000000, 300000.000000
6.000000, 0.190000, 0.190000, 60759588.000000, 0.271413, 85.000000, 300000.000000
6.000000, 0.190000, 0.190000, 99391569.000000, 0.220460, 200.000000, 300000.000000
6.000000, 0.190000, 0.190000, 12971504.000000, 0.000000, 180.000000, 300000.000000
6.000000, 0.190000, 0.190000, 86393537.000000, 0.135583, 200.000000, 300000.000000
6.000000, 0.190000, 0.190000, 5217794.000000, 0.249997, 188.000000, 300000.000000
6.000000, 0.190000, 0.190000, 71019598.000000, 0.228997, 200.000000, 300000.000000
6.000000, 0.190000, 0.190000, 2379793.000000, 0.250667, 114.000000, 300000.000000
6.000000, 0.190000, 0.190000, 10325157.000000, 0.266163, 89.000000, 300000.000000
6.000000, 0.190000, 0.190000, 4818035.000000, 0.000000, 92.000000, 300000.000000
6.000000, 0.190000, 0.190000, 85311643.000000, 0.000000, 94.000000, 300000.000000
6.000000, 0.190000, 0.190000, 72536276.000000, 0.000000, 193.000000, 300000.000000
6.000000, 0.190000, 0.190000, 20452253.000000, 0.257263, 128.000000, 300000.000000
6.000000, 0.190000, 0.190000, 5794304.000000, 0.000000, 105.000000, 300000.000000
6.000000, 0.190000, 0.190000, 34103318.000000, 0.268447, 103.000000, 300000.000000
6.000000, 0.190000, 0.190000, 43832231.000000, 0.000000, 123.000000, 300000.000000
6.000000, 0.190000, 0.190000, 7282326.000000, 0.000000, 94.000000, 300000.000000
6.000000, 0.190000, 0.190000, 48242800.000000, 0.232493, 164.000000, 300000.000000
6.000000, 0.190000, 0.190000, 54144483.000000, 0.259993, 128.000000, 300000.000000
6.000000, 0.190000, 0.190000, 40846118.000000, 0.275297, 141.000000, 300000.000000
6.000000, 0.190000, 0.190000, 74040642.000000, 0.230483, 200.000000, 300000.000000
6.000000, 0.190000, 0.190000, 80785815.000000, 0.284347, 104.000000, 300000.000000
6.000000, 0.190000, 0.190000, 40625639.000000, 0.000417, 200.000000, 300000.000000
6.000000, 0.190000, 0.190000, 29887936.000000, 0.000000, 102.000000, 300000.000000
6.000000, 0.190000, 0.190000, 72206185.000000, 0.000000, 148.000000, 300000.000000
6.000000, 0.190000, 0.190000, 73762734.000000, 0.000000, 198.000000, 300000.000000
6.000000, 0.190000, 0.190000, 10671842.000000, 0.274503, 77.000000, 300000.000000
6.000000, 0.190000, 0.190000, 42058931.000000, 0.031127, 200.000000, 300000.000000
6.000000, 0.190000, 0.190000, 45703435.000000, 0.274630, 106.000000, 300000.000000
6.000000, 0.190000, 0.190000, 53658576.000000, 0.243157, 167.000000, 300000.000000
6.000000, 0.190000, 0.190000, 33689474.000000, 0.272977, 105.000000, 300000.000000
6.000000, 0.190000, 0.190000, 29333830.000000, 0.000000, 124.000000, 300000.000000
6.000000, 0.190000, 0.190000, 4879643.000000, 0.224893, 200.000000, 300000.000000
6.000000, 0.190000, 0.190000, 8079714.000000, 0.000000, 145.000000, 300000.000000
6.000000, 0.190000, 0.190000, 73976168.000000, 0.000000, 136.000000, 300000.000000
6.000000, 0.190000, 0.190000, 69188953.000000, 0.000000, 163.000000, 300000.000000
6.000000, 0.190000, 0.190000, 77002853.000000, 0.000000, 192.000000, 300000.000000
6.000000, 0.190000, 0.190000, 90152031.000000, 0.000000, 145.000000, 300000.000000
6.000000, 0.190000, 0.190000, 80269647.000000, 0.000000, 118.000000, 300000.000000
6.000000, 0.190000, 0.190000, 63023014.000000, 0.267043, 84.000000, 300000.000000
6.000000, 0.190000, 0.190000, 95134743.000000, 0.000000, 174.000000, 300000.000000
6.000000, 0.190000, 0.190000, 90665032.000000, 0.220487, 200.000000, 300000.000000
6.000000, 0.190000, 0.190000, 80560390.000000, 0.254030, 116.000000, 300000.000000
6.000000, 0.190000, 0.190000, 91476450.000000, 0.224253, 200.000000, 300000.000000
6.000000, 0.190000, 0.190000, 94159148.000000, 0.279190, 96.000000, 300000.000000
6.000000, 0.190000, 0.190000, 41140073.000000, 0.000000, 115.000000, 300000.000000
6.000000, 0.190000, 0.190000, 78014150.000000, 0.252357, 153.000000, 300000.000000
6.000000, 0.190000, 0.190000, 22557243.000000, 0.219260, 200.000000, 300000.000000
6.000000, 0.190000, 0.190000, 99296196.000000, 0.252097, 100.000000, 300000.000000
6.000000, 0.190000, 0.190000, 8868172.000000, 0.251257, 124.000000, 300000.000000
6.000000, 0.190000, 0.190000, 60300574.000000, 0.248040, 112.000000, 300000.000000
6.000000, 0.190000, 0.190000, 6541093.000000, 0.219293, 200.000000, 300000.000000
6.000000, 0.190000, 0.190000, 2275115.000000, 0.252783, 117.000000, 300000.000000
6.000000, 0.190000, 0.190000, 37532139.000000, 0.000000, 176.000000, 300000.000000
6.000000, 0.190000, 0.190000, 76550828.000000, 0.268983, 104.000000, 300000.000000
6.000000, 0.190000, 0.190000, 15469223.000000, 0.279720, 101.000000, 300000.000000
6.000000, 0.190000, 0.190000, 42730102.000000, 0.000000, 134.000000, 300000.000000
6.000000, 0.190000, 0.190000, 55019514.000000, 0.260457, 154.000000, 300000.000000
6.000000, 0.190000, 0.190000, 51460124.000000, 0.269797, 118.000000, 300000.000000
6.000000, 0.190000, 0.190000, 28863592.000000, 0.213967, 200.000000, 300000.000000
6.000000, 0.190000, 0.190000, 99486735.000000, 0.213780, 200.000000, 300000.000000
6.000000, 0.190000, 0.190000, 3500831.000000, 0.274873, 119.000000, 300000.000000
6.000000, 0.190000, 0.190000, 21312276.000000, 0.274163, 80.000000, 300000.000000
6.000000, 0.190000, 0.190000, 20592192.000000, 0.276790, 101.000000, 300000.000000
6.000000, 0.190000, 0.190000, 35964238.000000, 0.245900, 145.000000, 300000.000000
6.000000, 0.190000, 0.190000, 20553826.000000, 0.260097, 101.000000, 300000.000000
6.000000, 0.190000, 0.190000, 55206617.000000, 0.219747, 200.000000, 300000.000000
6.000000, 0.190000, 0.190000, 64988446.000000, 0.287643, 58.000000, 300000.000000
6.000000, 0.190000, 0.190000, 99204975.000000, 0.248453, 200.000000, 300000.000000
6.000000, 0.190000, 0.190000, 51144801.000000, 0.254340, 192.000000, 300000.000000
6.000000, 0.190000, 0.190000, 28919967.000000, 0.281290, 88.000000, 300000.000000
6.000000, 0.190000, 0.190000, 8213421.000000, 0.273797, 87.000000, 300000.000000
6.000000, 0.190000, 0.190000, 74967642.000000, 0.240820, 139.000000, 300000.000000
6.000000, 0.190000, 0.190000, 39880231.000000, 0.130347, 200.000000, 300000.000000
6.000000, 0.190000, 0.190000, 15987824.000000, 0.000000, 109.000000, 300000.000000
6.000000, 0.190000, 0.190000, 23258213.000000, 0.210240, 200.000000, 300000.000000
6.000000, 0.190000, 0.190000, 58808982.000000, 0.286087, 77.000000, 300000.000000
6.000000, 0.190000, 0.190000, 81772021.000000, 0.000000, 167.000000, 300000.000000
6.000000, 0.190000, 0.190000, 81143079.000000, 0.257903, 96.000000, 300000.000000
6.000000, 0.190000, 0.190000, 58120475.000000, 0.000000, 107.000000, 300000.000000
6.000000, 0.190000, 0.190000, 86206463.000000, 0.271223, 106.000000, 300000.000000
6.000000, 0.190000, 0.190000, 81706224.000000, 0.246387, 128.000000, 300000.000000
6.000000, 0.190000, 0.190000, 84848276.000000, 0.263727, 120.000000, 300000.000000
6.000000, 0.190000, 0.190000, 67967994.000000, 0.223633, 200.000000, 300000.000000
6.000000, 0.190000, 0.190000, 4806075.000000, 0.000000, 119.000000, 300000.000000
6.000000, 0.190000, 0.190000, 25506993.000000, 0.000000, 141.000000, 300000.000000
6.000000, 0.190000, 0.190000, 82561252.000000, 0.222310, 200.000000, 300000.000000
6.000000, 0.190000, 0.190000, 66479655.000000, 0.243717, 126.000000, 300000.000000
6.000000, 0.190000, 0.190000, 74910804.000000, 0.000000, 139.000000, 300000.000000
6.000000, 0.190000, 0.190000, 50998814.000000, 0.245540, 123.000000, 300000.000000
6.000000, 0.190000, 0.190000, 55932606.000000, 0.000000, 140.000000, 300000.000000
6.000000, 0.190000, 0.190000, 76755723.000000, 0.000000, 116.000000, 300000.000000
6.000000, 0.190000, 0.190000, 8095583.000000, 0.251743, 122.000000, 300000.000000
6.000000, 0.190000, 0.190000, 44178722.000000, 0.208377, 200.000000, 300000.000000
6.000000, 0.190000, 0.190000, 30621818.000000, 0.248970, 109.000000, 300000.000000
6.000000, 0.190000, 0.190000, 70966117.000000, 0.246653, 155.000000, 300000.000000
6.000000, 0.190000, 0.190000, 46837545.000000, 0.260003, 100.000000, 300000.000000
6.000000, 0.190000, 0.190000, 95210811.000000, 0.229203, 200.000000, 300000.000000
6.000000, 0.190000, 0.190000, 71131521.000000, 0.000000, 165.000000, 300000.000000
6.000000, 0.190000, 0.190000, 13081391.000000, 0.271767, 149.000000, 300000.000000
6.000000, 0.190000, 0.190000, 51563110.000000, 0.000000, 131.000000, 300000.000000
6.000000, 0.190000, 0.190000, 66658623.000000, 0.274483, 73.000000, 300000.000000
6.000000, 0.190000, 0.190000, 97870893.000000, 0.240137, 154.000000, 300000.000000
6.000000, 0.190000, 0.190000, 13012855.000000, 0.260847, 137.000000, 300000.000000
6.000000, 0.190000, 0.190000, 13063383.000000, 0.000000, 168.000000, 300000.000000
6.000000, 0.190000, 0.190000, 26722600.000000, 0.259613, 98.000000, 300000.000000
6.000000, 0.190000, 0.190000, 70565548.000000, 0.253877, 159.000000, 300000.000000
6.000000, 0.190000, 0.190000, 67906863.000000, 0.000000, 168.000000, 300000.000000
6.000000, 0.190000, 0.190000, 33860452.000000, 0.258707, 89.000000, 300000.000000
6.000000, 0.190000, 0.190000, 55122131.000000, 0.282787, 97.000000, 300000.000000
6.000000, 0.190000, 0.190000, 8172917.000000, 0.271867, 72.000000, 300000.000000
6.000000, 0.190000, 0.190000, 70428844.000000, 0.000000, 140.000000, 300000.000000
6.000000, 0.190000, 0.190000, 27147736.000000, 0.263713, 122.000000, 300000.000000
6.000000, 0.190000, 0.190000, 90304820.000000, 0.253143, 108.000000, 300000.000000
6.000000, 0.190000, 0.190000, 30614806.000000, 0.000000, 136.000000, 300000.000000
6.000000, 0.190000, 0.190000, 51743378.000000, 0.250490, 138.000000, 300000.000000
6.000000, 0.190000, 0.190000, 50003395.000000, 0.000000, 118.000000, 300000.000000
6.000000, 0.190000, 0.190000, 81620571.000000, 0.000000, 174.000000, 300000.000000
6.000000, 0.190000, 0.190000, 56550805.000000, 0.263170, 200.000000, 300000.000000
6.000000, 0.190000, 0.190000, 77981903.000000, 0.000000, 140.000000, 300000.000000
6.000000, 0.190000, 0.190000, 96459911.000000, 0.292973, 82.000000, 300000.000000
6.000000, 0.190000, 0.190000, 20087866.000000, 0.000000, 129.000000, 300000.000000
6.000000, 0.190000, 0.190000, 16492194.000000, 0.256010, 110.000000, 300000.000000
6.000000, 0.190000, 0.190000, 2575268.000000, 0.267313, 96.000000, 300000.000000
6.000000, 0.190000, 0.190000, 87406741.000000, 0.000000, 114.000000, 300000.000000
6.000000, 0.190000, 0.190000, 75940392.000000, 0.251340, 111.000000, 300000.000000
6.000000, 0.190000, 0.190000, 82310911.000000, 0.000000, 127.000000, 300000.000000
6.000000, 0.190000, 0.190000, 69809514.000000, 0.000000, 153.000000, 300000.000000
6.000000, 0.190000, 0.190000, 93071134.000000, 0.000000, 134.000000, 300000.000000
6.000000, 0.190000, 0.190000, 50291534.000000, 0.276330, 81.000000, 300000.000000
6.000000, 0.190000, 0.190000, 8290636.000000, 0.260810, 133.000000, 300000.000000
6.000000, 0.190000, 0.190000, 90872552.000000, 0.258473, 111.000000, 300000.000000
6.000000, 0.190000, 0.190000, 23285948.000000, 0.167760, 200.000000, 300000.000000
6.000000, 0.190000, 0.190000, 96393932.000000, 0.000000, 120.000000, 300000.000000
6.000000, 0.190000, 0.190000, 21680574.000000, 0.243683, 129.000000, 300000.000000
6.000000, 0.190000, 0.190000, 14688482.000000, 0.271893, 132.000000, 300000.000000
6.000000, 0.190000, 0.190000, 68505488.000000, 0.000000, 119.000000, 300000.000000
6.000000, 0.190000, 0.190000, 44444881.000000, 0.000000, 140.000000, 300000.000000
6.000000, 0.195000, 0.195000, 86154701.000000, 0.334923, 51.000000, 300000.000000
6.000000, 0.195000, 0.195000, 72078806.000000, 0.328140, 69.000000, 300000.000000
6.000000, 0.195000, 0.195000, 83828589.000000, 0.333957, 67.000000, 300000.000000
6.000000, 0.195000, 0.195000, 22133129.000000, 0.346523, 60.000000, 300000.000000
6.000000, 0.195000, 0.195000, 48487309.000000, 0.335653, 55.000000, 300000.000000
6.000000, 0.195000, 0.195000, 83168541.000000, 0.339620, 50.000000, 300000.000000
6.000000, 0.195000, 0.195000, 26455197.000000, 0.343407, 51.000000, 300000.000000
6.000000, 0.195000, 0.195000, 38041971.000000, 0.354377, 47.000000, 300000.000000
6.000000, 0.195000, 0.195000, 15492931.000000, 0.353527, 47.000000, 300000.000000
6.000000, 0.195000, 0.195000, 75043552.000000, 0.349547, 46.000000, 300000.000000
6.000000, 0.195000, 0.195000, 11582906.000000, 0.338917, 68.000000, 300000.000000
6.000000, 0.195000, 0.195000, 29846556.000000, 0.337487, 62.000000, 300000.000000
6.000000, 0.195000, 0.195000, 17510817.000000, 0.345960, 53.000000, 300000.000000
6.000000, 0.195000, 0.195000, 60759588.000000, 0.336020, 48.000000, 300000.000000
6.000000, 0.195000, 0.195000, 99391569.000000, 0.346947, 62.000000, 300000.000000
6.000000, 0.195000, 0.195000, 12971504.000000, 0.333330, 53.000000, 300000.000000
6.000000, 0.195000, 0.195000, 86393537.000000, 0.328027, 83.000000, 300000.000000
6.000000, 0.195000, 0.195000, 5217794.000000, 0.336483, 65.000000, 300000.000000
6.000000, 0.195000, 0.195000, 71019598.000000, 0.339777, 39.000000, 300000.000000
6.000000, 0.195000, 0.195000, 2379793.000000, 0.342023, 53.000000, 300000.000000
6.000000, 0.195000, 0.195000, 10325157.000000, 0.345603, 59.000000, 300000.000000
6.000000, 0.195000, 0.195000, 4818035.000000, 0.332707, 88.000000, 300000.000000
6.000000, 0.195000, 0.195000, 85311643.000000, 0.341010, 52.000000, 300000.000000
6.000000, 0.195000, 0.195000, 72536276.000000, 0.345503, 64.000000, 300000.000000
6.000000, 0.195000, 0.195000, 20452253.000000, 0.336933, 61.000000, 300000.000000
6.000000, 0.195000, 0.195000, 5794304.000000, 0.337950, 65.000000, 300000.000000
6.000000, 0.195000, 0.195000, 34103318.000000, 0.344813, 57.000000, 300000.000000
6.000000, 0.195000, 0.195000, 43832231.000000, 0.345570, 48.000000, 300000.000000
6.000000, 0.195000, 0.195000, 7282326.000000, 0.335317, 62.000000, 300000.000000
6.000000, 0.195000, 0.195000, 48242800.000000, 0.342503, 50.000000, 300000.000000
6.000000, 0.195000, 0.195000, 54144483.000000, 0.332287, 57.000000, 300000.000000
6.000000, 0.195000, 0.195000, 40846118.000000, 0.335267, 59.000000, 300000.000000
6.000000, 0.195000, 0.195000, 74040642.000000, 0.341240, 44.000000, 300000.000000
6.000000, 0.195000, 0.195000, 80785815.000000, 0.343583, 43.000000, 300000.000000
6.000000, 0.195000, 0.195000, 40625639.000000, 0.346100, 58.000000, 300000.000000
6.000000, 0.195000, 0.195000, 29887936.000000, 0.345410, 49.000000, 300000.000000
6.000000, 0.195000, 0.195000, 72206185.000000, 0.325573, 74.000000, 300000.000000
6.000000, 0.195000, 0.195000, 73762734.000000, 0.343000, 51.000000, 300000.000000
6.000000, 0.195000, 0.195000, 10671842.000000, 0.334767, 51.000000, 300000.000000
6.000000, 0.195000, 0.195000, 42058931.000000, 0.342447, 50.000000, 300000.000000
6.000000, 0.195000, 0.195000, 45703435.000000, 0.341527, 47.000000, 300000.000000
6.000000, 0.195000, 0.195000, 53658576.000000, 0.335157, 75.000000, 300000.000000
6.000000, 0.195000, 0.195000, 33689474.000000, 0.327767, 59.000000, 300000.000000
6.000000, 0.195000, 0.195000, 29333830.000000, 0.342737, 45.000000, 300000.000000
6.000000, 0.195000, 0.195000, 4879643.000000, 0.347367, 45.000000, 300000.000000
6.000000, 0.195000, 0.195000, 8079714.000000, 0.347253, 63.000000, 300000.000000
6.000000, 0.195000, 0.195000, 73976168.000000, 0.338183, 50.000000, 300000.000000
6.000000, 0.195000, 0.195000, 69188953.000000, 0.334633, 59.000000, 300000.000000
6.000000, 0.195000, 0.195000, 77002853.000000, 0.341653, 53.000000, 300000.000000
6.000000, 0.195000, 0.195000, 90152031.000000, 0.339933, 58.000000, 300000.000000
6.000000, 0.195000, 0.195000, 80269647.000000, 0.345570, 46.000000, 300000.000000
6.000000, 0.195000, 0.195000, 63023014.000000, 0.325223, 56.000000, 300000.000000
6.000000, 0.195000, 0.195000, 95134743.000000, 0.344280, 54.000000, 300000.000000
6.000000, 0.195000, 0.195000, 90665032.000000, 0.327973, 68.000000, 300000.000000
6.000000, 0.195000, 0.195000, 80560390.000000, 0.336090, 63.000000, 300000.000000
6.000000, 0.195000, 0.195000, 91476450.000000, 0.341883, 49.000000, 300000.000000
6.000000, 0.195000, 0.195000, 94159148.000000, 0.342730, 47.000000, 300000.000000
6.000000, 0.195000, 0.195000, 41140073.000000, 0.331400, 56.000000, 300000.000000
6.000000, 0.195000, 0.195000, 78014150.000000, 0.347803, 45.000000, 300000.000000
6.000000, 0.195000, 0.195000, 22557243.000000, 0.337290, 49.000000, 300000.000000
6.000000, 0.195000, 0.195000, 99296196.000000, 0.345063, 55.000000, 300000.000000
6.000000, 0.195000, 0.195000, 8868172.000000, 0.340160, 56.000000, 300000.000000
6.000000, 0.195000, 0.195000, 60300574.000000, 0.343223, 58.000000, 300000.000000
6.000000, 0.195000, 0.195000, 6541093.000000, 0.348867, 50.000000, 300000.000000
6.000000, 0.195000, 0.195000, 2275115.000000, 0.348500, 49.000000, 300000.000000
6.000000, 0.195000, 0.195000, 37532139.000000, 0.336667, 62.000000, 300000.000000
6.000000, 0.195000, 0.195000, 76550828.000000, 0.362230, 55.000000, 300000.000000
6.000000, 0.195000, 0.195000, 15469223.000000, 0.351320, 57.000000, 300000.000000
6.000000, 0.195000, 0.195000, 42730102.000000, 0.341577, 67.000000, 300000.000000
6.000000, 0.195000, 0.195000, 55019514.000000, 0.345440, 52.000000, 300000.000000
6.000000, 0.195000, 0.195000, 51460124.000000, 0.341327, 53.000000, 300000.000000
6.000000, 0.195000, 0.195000, 28863592.000000, 0.329857, 54.000000, 300000.000000
6.000000, 0.195000, 0.195000, 99486735.000000, 0.335180, 71.000000, 300000.000000
6.000000, 0.195000, 0.195000, 3500831.000000, 0.331263, 47.000000, 300000.000000
6.000000, 0.195000, 0.195000, 21312276.000000, 0.346370, 56.000000, 300000.000000
6.000000, 0.195000, 0.195000, 20592192.000000, 0.322767, 54.000000, 300000.000000
6.000000, 0.195000, 0.195000, 35964238.000000, 0.330627, 58.000000, 300000.000000
6.000000, 0.195000, 0.195000, 20553826.000000, 0.346427, 57.000000, 300000.000000
6.000000, 0.195000, 0.195000, 55206617.000000, 0.335023, 66.000000, 300000.000000
6.000000, 0.195000, 0.195000, 64988446.000000, 0.340633, 61.000000, 300000.000000
6.000000, 0.195000, 0.195000, 99204975.000000, 0.349617, 62.000000, 300000.000000
6.000000, 0.195000, 0.195000, 51144801.000000, 0.336527, 58.000000, 300000.000000
6.000000, 0.195000, 0.195000, 28919967.000000, 0.325430, 62.000000, 300000.000000
6.000000, 0.195000, 0.195000, 8213421.000000, 0.336083, 46.000000, 300000.000000
6.000000, 0.195000, 0.195000, 74967642.000000, 0.344523, 60.000000, 300000.000000
6.000000, 0.195000, 0.195000, 39880231.000000, 0.339570, 63.000000, 300000.000000
6.000000, 0.195000, 0.195000, 15987824.000000, 0.341543, 66.000000, 300000.000000
6.000000, 0.195000, 0.195000, 23258213.000000, 0.338207, 53.000000, 300000.000000
6.000000, 0.195000, 0.195000, 58808982.000000, 0.344777, 48.000000, 300000.000000
6.000000, 0.195000, 0.195000, 81772021.000000, 0.333230, 66.000000, 300000.000000
6.000000, 0.195000, 0.195000, 81143079.000000, 0.339630, 65.000000, 300000.000000
6.000000, 0.195000, 0.195000, 58120475.000000, 0.324843, 77.000000, 300000.000000
6.000000, 0.195000, 0.195000, 86206463.000000, 0.338127, 55.000000, 300000.000000
6.000000, 0.195000, 0.195000, 81706224.000000, 0.341777, 53.000000, 300000.000000
6.000000, 0.195000, 0.195000, 84848276.000000, 0.356083, 47.000000, 300000.000000
6.000000, 0.195000, 0.195000, 67967994.000000, 0.343570, 57.000000, 300000.000000
6.000000, 0.195000, 0.195000, 4806075.000000, 0.349983, 60.000000, 300000.000000
6.000000, 0.195000, 0.195000, 25506993.000000, 0.331647, 52.000000, 300000.000000
6.000000, 0.195000, 0.195000, 82561252.000000, 0.340890, 59.000000, 300000.000000
6.000000, 0.195000, 0.195000, 66479655.000000, 0.339687, 57.000000, 300000.000000
6.000000, 0.195000, 0.195000, 74910804.000000, 0.345040, 42.000000, 300000.000000
6.000000, 0.195000, 0.195000, 50998814.000000, 0.328497, 74.000000, 300000.000000
6.000000, 0.195000, 0.195000, 55932606.000000, 0.336027, 69.000000, 300000.000000
6.000000, 0.195000, 0.195000, 76755723.000000, 0.349997, 56.000000, 300000.000000
6.000000, 0.195000, 0.195000, 8095583.000000, 0.342217, 50.000000, 300000.000000
6.000000, 0.195000, 0.195000, 44178722.000000, 0.338667, 62.000000, 300000.000000
6.000000, 0.195000, 0.195000, 30621818.000000, 0.343983, 56.000000, 300000.000000
6.000000, 0.195000, 0.195000, 70966117.000000, 0.350813, 57.000000, 300000.000000
6.000000, 0.195000, 0.195000, 46837545.000000, 0.338840, 49.000000, 300000.000000
6.000000, 0.195000, 0.195000, 95210811.000000, 0.347520, 48.000000, 300000.000000
6.000000, 0.195000, 0.195000, 71131521.000000, 0.337833, 48.000000, 300000.000000
6.000000, 0.195000, 0.195000, 13081391.000000, 0.340880, 55.000000, 300000.000000
6.000000, 0.195000, 0.195000, 51563110.000000, 0.344900, 56.000000, 300000.000000
6.000000, 0.195000, 0.195000, 66658623.000000, 0.336300, 54.000000, 300000.000000
6.000000, 0.195000, 0.195000, 97870893.000000, 0.329907, 66.000000, 300000.000000
6.000000, 0.195000, 0.195000, 13012855.000000, 0.337133, 61.000000, 300000.000000
6.000000, 0.195000, 0.195000, 13063383.000000, 0.330707, 60.000000, 300000.000000
6.000000, 0.195000, 0.195000, 26722600.000000, 0.334700, 52.000000, 300000.000000
6.000000, 0.195000, 0.195000, 70565548.000000, 0.338130, 61.000000, 300000.000000
6.000000, 0.195000, 0.195000, 67906863.000000, 0.347013, 48.000000, 300000.000000
6.000000, 0.195000, 0.195000, 33860452.000000, 0.336193, 61.000000, 300000.000000
6.000000, 0.195000, 0.195000, 55122131.000000, 0.337180, 60.000000, 300000.000000
6.000000, 0.195000, 0.195000, 8172917.000000, 0.332680, 55.000000, 300000.000000
6.000000, 0.195000, 0.195000, 70428844.000000, 0.337063, 50.000000, 300000.000000
6.000000, 0.195000, 0.195000, 27147736.000000, 0.342757, 55.000000, 300000.000000
6.000000, 0.195000, 0.195000, 90304820.000000, 0.336003, 67.000000, 300000.000000
6.000000, 0.195000, 0.195000, 30614806.000000, 0.341953, 62.000000, 300000.000000
6.000000, 0.195000, 0.195000, 51743378.000000, 0.336100, 47.000000, 300000.000000
6.000000, 0.195000, 0.195000, 50003395.000000, 0.346087, 59.000000, 300000.000000
6.000000, 0.195000, 0.195000, 81620571.000000, 0.319067, 63.000000, 300000.000000
6.000000, 0.195000, 0.195000, 56550805.000000, 0.345987, 51.000000, 300000.000000
6.000000, 0.195000, 0.195000, 77981903.000000, 0.332453, 57.000000, 300000.000000
6.000000, 0.195000, 0.195000, 96459911.000000, 0.341820, 63.000000, 300000.000000
6.000000, 0.195000, 0.195000, 20087866.000000, 0.334947, 49.000000, 300000.000000
6.000000, 0.195000, 0.195000, 16492194.000000, 0.339840, 46.000000, 300000.000000
6.000000, 0.195000, 0.195000, 2575268.000000, 0.338210, 49.000000, 300000.000000
6.000000, 0.195000, 0.195000, 87406741.000000, 0.336393, 60.000000, 300000.000000
6.000000, 0.195000, 0.195000, 75940392.000000, 0.341247, 49.000000, 300000.000000
6.000000, 0.195000, 0.195000, 82310911.000000, 0.352510, 42.000000, 300000.000000
6.000000, 0.195000, 0.195000, 69809514.000000, 0.343093, 54.000000, 300000.000000
6.000000, 0.195000, 0.195000, 93071134.000000, 0.332850, 54.000000, 300000.000000
6.000000, 0.195000, 0.195000, 50291534.000000, 0.338930, 72.000000, 300000.000000
6.000000, 0.195000, 0.195000, 8290636.000000, 0.344103, 45.000000, 300000.000000
6.000000, 0.195000, 0.195000, 90872552.000000, 0.345967, 44.000000, 300000.000000
6.000000, 0.195000, 0.195000, 23285948.000000, 0.342920, 59.000000, 300000.000000
6.000000, 0.195000, 0.195000, 96393932.000000, 0.338800, 63.000000, 300000.000000
6.000000, 0.195000, 0.195000, 21680574.000000, 0.331857, 53.000000, 300000.000000
6.000000, 0.195000, 0.195000, 14688482.000000, 0.341250, 71.000000, 300000.000000
6.000000, 0.195000, 0.195000, 68505488.000000, 0.340110, 69.000000, 300000.000000
6.000000, 0.195000, 0.195000, 44444881.000000, 0.341633, 64.000000, 300000.000000
6.000000, 0.200000, 0.200000, 86154701.000000, 0.384423, 50.000000, 300000.000000
6.000000, 0.200000, 0.200000, 72078806.000000, 0.381877, 41.000000, 300000.000000
6.000000, 0.200000, 0.200000, 83828589.000000, 0.387530, 36.000000, 300000.000000
6.000000, 0.200000, 0.200000, 22133129.000000, 0.386643, 55.000000, 300000.000000
6.000000, 0.200000, 0.200000, 48487309.000000, 0.390563, 65.000000, 300000.000000
6.000000, 0.200000, 0.200000, 83168541.000000, 0.394130, 47.000000, 300000.000000
6.000000, 0.200000, 0.200000, 26455197.000000, 0.394563, 44.000000, 300000.000000
6.000000, 0.200000, 0.200000, 38041971.000000, 0.376387, 57.000000, 300000.000000
6.000000, 0.200000, 0.200000, 15492931.000000, 0.387270, 39.000000, 300000.000000
6.000000, 0.200000, 0.200000, 75043552.000000, 0.378767, 56.000000, 300000.000000
6.000000, 0.200000, 0.200000, 11582906.000000, 0.382720, 38.000000, 300000.000000
6.000000, 0.200000, 0.200000, 29846556.000000, 0.389090, 43.000000, 300000.000000
6.000000, 0.200000, 0.200000, 17510817.000000, 0.385063, 42.000000, 300000.000000
6.000000, 0.200000, 0.200000, 60759588.000000, 0.387210, 34.000000, 300000.000000
6.000000, 0.200000, 0.200000, 99391569.000000, 0.392827, 56.000000, 300000.000000
6.000000, 0.200000, 0.200000, 12971504.000000, 0.396670, 49.000000, 300000.000000
6.000000, 0.200000, 0.200000, 86393537.000000, 0.384443, 49.000000, 300000.000000
6.000000, 0.200000, 0.200000, 5217794.000000, 0.382537, 49.000000, 300000.000000
6.000000, 0.200000, 0.200000, 71019598.000000, 0.385427, 41.000000, 300000.000000
6.000000, 0.200000, 0.200000, 2379793.000000, 0.397317, 34.000000, 300000.000000
6.000000, 0.200000, 0.200000, 10325157.000000, 0.390870, 41.000000, 300000.000000
6.000000, 0.200000, 0.200000, 4818035.000000, 0.390917, 44.000000, 300000.000000
6.000000, 0.200000, 0.200000, 85311643.000000, 0.383593, 47.000000, 300000.000000
6.000000, 0.200000, 0.200000, 72536276.000000, 0.381570, 40.000000, 300000.000000
6.000000, 0.200000, 0.200000, 20452253.000000, 0.396610, 37.000000, 300000.000000
6.000000, 0.200000, 0.200000, 5794304.000000, 0.386503, 71.000000, 300000.000000
6.000000, 0.200000, 0.200000, 34103318.000000, 0.390173, 48.000000, 300000.000000
6.000000, 0.200000, 0.200000, 43832231.000000, 0.389360, 43.000000, 300000.000000
6.000000, 0.200000, 0.200000, 7282326.000000, 0.384570, 50.000000, 300000.000000
6.000000, 0.200000, 0.200000, 48242800.000000, 0.391740, 36.000000, 300000.000000
6.000000, 0.200000, 0.200000, 54144483.000000, 0.382187, 54.000000, 300000.000000
6.000000, 0.200000, 0.200000, 40846118.000000, 0.380603, 40.000000, 300000.000000
6.000000, 0.200000, 0.200000, 74040642.000000, 0.388883, 51.000000, 300000.000000
6.000000, 0.200000, 0.200000, 80785815.000000, 0.378447, 42.000000, 300000.000000
6.000000, 0.200000, 0.200000, 40625639.000000, 0.385297, 51.000000, 300000.000000
6.000000, 0.200000, 0.200000, 29887936.000000, 0.382703, 47.000000, 300000.000000
6.000000, 0.200000, 0.200000, 72206185.000000, 0.388913, 43.000000, 300000.000000
6.000000, 0.200000, 0.200000, 73762734.000000, 0.393580, 38.000000, 300000.000000
6.000000, 0.200000, 0.200000, 10671842.000000, 0.387223, 43.000000, 300000.000000
6.000000, 0.200000, 0.200000, 42058931.000000, 0.399887, 49.000000, 300000.000000
6.000000, 0.200000, 0.200000, 45703435.000000, 0.385860, 35.000000, 300000.000000
6.000000, 0.200000, 0.200000, 53658576.000000, 0.380607, 66.000000, 300000.000000
6.000000, 0.200000, 0.200000, 33689474.000000, 0.386947, 44.000000, 300000.000000
6.000000, 0.200000, 0.200000, 29333830.000000, 0.389673, 47.000000, 300000.000000
6.000000, 0.200000, 0.200000, 4879643.000000, 0.386563, 53.000000, 300000.000000
6.000000, 0.200000, 0.200000, 8079714.000000, 0.384217, 44.000000, 300000.000000
6.000000, 0.200000, 0.200000, 73976168.000000, 0.379193, 41.000000, 300000.000000
6.000000, 0.200000, 0.200000, 69188953.000000, 0.388563, 40.000000, 300000.000000
6.000000, 0.200000, 0.200000, 77002853.000000, 0.387193, 57.000000, 300000.000000
6.000000, 0.200000, 0.200000, 90152031.000000, 0.385457, 49.000000, 300000.000000
6.000000, 0.200000, 0.200000, 80269647.000000, 0.395070, 40.000000, 300000.000000
6.000000, 0.200000, 0.200000, 63023014.000000, 0.391570, 39.000000, 300000.000000
6.000000, 0.200000, 0.200000, 95134743.000000, 0.380307, 45.000000, 300000.000000
6.000000, 0.200000, 0.200000, 90665032.000000, 0.398957, 36.000000, 300000.000000
6.000000, 0.200000, 0.200000, 80560390.000000, 0.390583, 44.000000, 300000.000000
6.000000, 0.200000, 0.200000, 91476450.000000, 0.391433, 43.000000, 300000.000000
6.000000, 0.200000, 0.200000, 94159148.000000, 0.386190, 44.000000, 300000.000000
6.000000, 0.200000, 0.200000, 41140073.000000, 0.384367, 40.000000, 300000.000000
6.000000, 0.200000, 0.200000, 78014150.000000, 0.380960, 59.000000, 300000.000000
6.000000, 0.200000, 0.200000, 22557243.000000, 0.382857, 46.000000, 300000.000000
6.000000, 0.200000, 0.200000, 99296196.000000, 0.378437, 51.000000, 300000.000000
6.000000, 0.200000, 0.200000, 8868172.000000, 0.386483, 40.000000, 300000.000000
6.000000, 0.200000, 0.200000, 60300574.000000, 0.392113, 51.000000, 300000.000000
6.000000, 0.200000, 0.200000, 6541093.000000, 0.389827, 51.000000, 300000.000000
6.000000, 0.200000, 0.200000, 2275115.000000, 0.384340, 34.000000, 300000.000000
6.000000, 0.200000, 0.200000, 37532139.000000, 0.389347, 42.000000, 300000.000000
6.000000, 0.200000, 0.200000, 76550828.000000, 0.376153, 53.000000, 300000.000000
6.000000, 0.200000, 0.200000, 15469223.000000, 0.385660, 41.000000, 300000.000000
6.000000, 0.200000, 0.200000, 42730102.000000, 0.390293, 38.000000, 300000.000000
6.000000, 0.200000, 0.200000, 55019514.000000, 0.389177, 40.000000, 300000.000000
6.000000, 0.200000, 0.200000, 51460124.000000, 0.388443, 67.000000, 300000.000000
6.000000, 0.200000, 0.200000, 28863592.000000, 0.388733, 35.000000, 300000.000000
6.000000, 0.200000, 0.200000, 99486735.000000, 0.385753, 47.000000, 300000.000000
6.000000, 0.200000, 0.200000, 3500831.000000, 0.394073, 45.000000, 300000.000000
6.000000, 0.200000, 0.200000, 21312276.000000, 0.383780, 49.000000, 300000.000000
6.000000, 0.200000, 0.200000, 20592192.000000, 0.382540, 42.000000, 300000.000000
6.000000, 0.200000, 0.200000, 35964238.000000, 0.393103, 42.000000, 300000.000000
6.000000, 0.200000, 0.200000, 20553826.000000, 0.398667, 50.000000, 300000.000000
6.000000, 0.200000, 0.200000, 55206617.000000, 0.397030, 42.000000, 300000.000000
6.000000, 0.200000, 0.200000, 64988446.000000, 0.383223, 53.000000, 300000.000000
6.000000, 0.200000, 0.200000, 99204975.000000, 0.388627, 45.000000, 300000.000000
6.000000, 0.200000, 0.200000, 51144801.000000, 0.385977, 38.000000, 300000.000000
6.000000, 0.200000, 0.200000, 28919967.000000, 0.373733, 44.000000, 300000.000000
6.000000, 0.200000, 0.200000, 8213421.000000, 0.395380, 38.000000, 300000.000000
6.000000, 0.200000, 0.200000, 74967642.000000, 0.387713, 53.000000, 300000.000000
6.000000, 0.200000, 0.200000, 39880231.000000, 0.395067, 41.000000, 300000.000000
6.000000, 0.200000, 0.200000, 15987824.000000, 0.392483, 44.000000, 300000.000000
6.000000, 0.200000, 0.200000, 23258213.000000, 0.386157, 40.000000, 300000.000000
6.000000, 0.200000, 0.200000, 58808982.000000, 0.398313, 46.000000, 300000.000000
6.000000, 0.200000, 0.200000, 81772021.000000, 0.383543, 53.000000, 300000.000000
6.000000, 0.200000, 0.200000, 81143079.000000, 0.386433, 43.000000, 300000.000000
6.000000, 0.200000, 0.200000, 58120475.000000, 0.376597, 45.000000, 300000.000000
6.000000, 0.200000, 0.200000, 86206463.000000, 0.386747, 38.000000, 300000.000000
6.000000, 0.200000, 0.200000, 81706224.000000, 0.389510, 44.000000, 300000.000000
6.000000, 0.200000, 0.200000, 84848276.000000, 0.381493, 46.000000, 300000.000000
6.000000, 0.200000, 0.200000, 67967994.000000, 0.389483, 50.000000, 300000.000000
6.000000, 0.200000, 0.200000, 4806075.000000, 0.390990, 51.000000, 300000.000000
6.000000, 0.200000, 0.200000, 25506993.000000, 0.387900, 47.000000, 300000.000000
6.000000, 0.200000, 0.200000, 82561252.000000, 0.384177, 44.000000, 300000.000000
6.000000, 0.200000, 0.200000, 66479655.000000, 0.393310, 35.000000, 300000.000000
6.000000, 0.200000, 0.200000, 74910804.000000, 0.386183, 50.000000, 300000.000000
6.000000, 0.200000, 0.200000, 50998814.000000, 0.387683, 45.000000, 300000.000000
6.000000, 0.200000, 0.200000, 55932606.000000, 0.385163, 49.000000, 300000.000000
6.000000, 0.200000, 0.200000, 76755723.000000, 0.396190, 38.000000, 300000.000000
6.000000, 0.200000, 0.200000, 8095583.000000, 0.392200, 36.000000, 300000.000000
6.000000, 0.200000, 0.200000, 44178722.000000, 0.382150, 50.000000, 300000.000000
6.000000, 0.200000, 0.200000, 30621818.000000, 0.387703, 48.000000, 300000.000000
6.000000, 0.200000, 0.200000, 70966117.000000, 0.391840, 41.000000, 300000.000000
6.000000, 0.200000, 0.200000, 46837545.000000, 0.391100, 46.000000, 300000.000000
6.000000, 0.200000, 0.200000, 95210811.000000, 0.383350, 47.000000, 300000.000000
6.000000, 0.200000, 0.200000, 71131521.000000, 0.378110, 48.000000, 300000.000000
6.000000, 0.200000, 0.200000, 13081391.000000, 0.380867, 47.000000, 300000.000000
6.000000, 0.200000, 0.200000, 51563110.000000, 0.384157, 47.000000, 300000.000000
6.000000, 0.200000, 0.200000, 66658623.000000, 0.385193, 52.000000, 300000.000000
6.000000, 0.200000, 0.200000, 97870893.000000, 0.392763, 38.000000, 300000.000000
6.000000, 0.200000, 0.200000, 13012855.000000, 0.399587, 41.000000, 300000.000000
6.000000, 0.200000, 0.200000, 13063383.000000, 0.395630, 49.000000, 300000.000000
6.000000, 0.200000, 0.200000, 26722600.000000, 0.391817, 42.000000, 300000.000000
6.000000, 0.200000, 0.200000, 70565548.000000, 0.393670, 39.000000, 300000.000000
6.000000, 0.200000, 0.200000, 67906863.000000, 0.389910, 59.000000, 300000.000000
6.000000, 0.200000, 0.200000, 33860452.000000, 0.386590, 40.000000, 300000.000000
6.000000, 0.200000, 0.200000, 55122131.000000, 0.385147, 37.000000, 300000.000000
6.000000, 0.200000, 0.200000, 8172917.000000, 0.387323, 45.000000, 300000.000000
6.000000, 0.200000, 0.200000, 70428844.000000, 0.388813, 45.000000, 300000.000000
6.000000, 0.200000, 0.200000, 27147736.000000, 0.380173, 46.000000, 300000.000000
6.000000, 0.200000, 0.200000, 90304820.000000, 0.382740, 58.000000, 300000.000000
6.000000, 0.200000, 0.200000, 30614806.000000, 0.381473, 38.000000, 300000.000000
6.000000, 0.200000, 0.200000, 51743378.000000, 0.387987, 58.000000, 300000.000000
6.000000, 0.200000, 0.200000, 50003395.000000, 0.389293, 42.000000, 300000.000000
6.000000, 0.200000, 0.200000, 81620571.000000, 0.388330, 43.000000, 300000.000000
6.000000, 0.200000, 0.200000, 56550805.000000, 0.390240, 53.000000, 300000.000000
6.000000, 0.200000, 0.200000, 77981903.000000, 0.392177, 44.000000, 300000.000000
6.000000, 0.200000, 0.200000, 96459911.000000, 0.385693, 54.000000, 300000.000000
6.000000, 0.200000, 0.200000, 20087866.000000, 0.386163, 38.000000, 300000.000000
6.000000, 0.200000, 0.200000, 16492194.000000, 0.391663, 41.000000, 300000.000000
6.000000, 0.200000, 0.200000, 2575268.000000, 0.376287, 55.000000, 300000.000000
6.000000, 0.200000, 0.200000, 87406741.000000, 0.388587, 39.000000, 300000.000000
6.000000, 0.200000, 0.200000, 75940392.000000, 0.387000, 51.000000, 300000.000000
6.000000, 0.200000, 0.200000, 82310911.000000, 0.388560, 36.000000, 300000.000000
6.000000, 0.200000, 0.200000, 69809514.000000, 0.398360, 40.000000, 300000.000000
6.000000, 0.200000, 0.200000, 93071134.000000, 0.382963, 43.000000, 300000.000000
6.000000, 0.200000, 0.200000, 50291534.000000, 0.381867, 44.000000, 300000.000000
6.000000, 0.200000, 0.200000, 8290636.000000, 0.383973, 49.000000, 300000.000000
6.000000, 0.200000, 0.200000, 90872552.000000, 0.390577, 50.000000, 300000.000000
6.000000, 0.200000, 0.200000, 23285948.000000, 0.386103, 50.000000, 300000.000000
6.000000, 0.200000, 0.200000, 96393932.000000, 0.388727, 38.000000, 300000.000000
6.000000, 0.200000, 0.200000, 21680574.000000, 0.387117, 45.000000, 300000.000000
6.000000, 0.200000, 0.200000, 14688482.000000, 0.388357, 41.000000, 300000.000000
6.000000, 0.200000, 0.200000, 68505488.000000, 0.386030, 43.000000, 300000.000000
6.000000, 0.200000, 0.200000, 44444881.000000, 0.388477, 40.000000, 300000.000000
6.000000, 0.205000, 0.205000, 86154701.000000, 0.423903, 37.000000, 300000.000000
6.000000, 0.205000, 0.205000, 72078806.000000, 0.419283, 38.000000, 300000.000000
6.000000, 0.205000, 0.205000, 83828589.000000, 0.423827, 36.000000, 300000.000000
6.000000, 0.205000, 0.205000, 22133129.000000, 0.431733, 45.000000, 300000.000000
6.000000, 0.205000, 0.205000, 48487309.000000, 0.424963, 40.000000, 300000.000000
6.000000, 0.205000, 0.205000, 83168541.000000, 0.431253, 37.000000, 300000.000000
6.000000, 0.205000, 0.205000, 26455197.000000, 0.426380, 35.000000, 300000.000000
6.000000, 0.205000, 0.205000, 38041971.000000, 0.433720, 28.000000, 300000.000000
6.000000, 0.205000, 0.205000, 15492931.000000, 0.430713, 34.000000, 300000.000000
6.000000, 0.205000, 0.205000, 75043552.000000, 0.429660, 41.000000, 300000.000000
6.000000, 0.205000, 0.205000, 11582906.000000, 0.428493, 34.000000, 300000.000000
6.000000, 0.205000, 0.205000, 29846556.000000, 0.423920, 40.000000, 300000.000000
6.000000, 0.205000, 0.205000, 17510817.000000, 0.427907, 34.000000, 300000.000000
6.000000, 0.205000, 0.205000, 60759588.000000, 0.426757, 37.000000, 300000.000000
6.000000, 0.205000, 0.205000, 99391569.000000, 0.430257, 34.000000, 300000.000000
6.000000, 0.205000, 0.205000, 12971504.000000, 0.426637, 31.000000, 300000.000000
6.000000, 0.205000, 0.205000, 86393537.000000, 0.430777, 40.000000, 300000.000000
6.000000, 0.205000, 0.205000, 5217794.000000, 0.433003, 38.000000, 300000.000000
6.000000, 0.205000, 0.205000, 71019598.000000, 0.422623, 36.000000, 300000.000000
6.000000, 0.205000, 0.205000, 2379793.000000, 0.430217, 41.000000, 300000.000000
6.000000, 0.205000, 0.205000, 10325157.000000, 0.427210, 31.000000, 300000.000000
6.000000, 0.205000, 0.205000, 4818035.000000, 0.429667, 41.000000, 300000.000000
6.000000, 0.205000, 0.205000, 85311643.000000, 0.422930, 32.000000, 300000.000000
6.000000, 0.205000, 0.205000, 72536276.000000, 0.429280, 42.000000, 300000.000000
6.000000, 0.205000, 0.205000, 20452253.000000, 0.426523, 33.000000, 300000.000000
6.000000, 0.205000, 0.205000, 5794304.000000, 0.418447, 34.000000, 300000.000000
6.000000, 0.205000, 0.205000, 34103318.000000, 0.427153, 52.000000, 300000.000000
6.000000, 0.205000, 0.205000, 43832231.000000, 0.420750, 40.000000, 300000.000000
6.000000, 0.205000, 0.205000, 7282326.000000, 0.428153, 42.000000, 300000.000000
6.000000, 0.205000, 0.205000, 48242800.000000, 0.423207, 33.000000, 300000.000000
6.000000, 0.205000, 0.205000, 54144483.000000, 0.433300, 36.000000, 300000.000000
6.000000, 0.205000, 0.205000, 40846118.000000, 0.421927, 44.000000, 300000.000000
6.000000, 0.205000, 0.205000, 74040642.000000, 0.429737, 40.000000, 300000.000000
6.000000, 0.205000, 0.205000, 80785815.000000, 0.422273, 39.000000, 300000.000000
6.000000, 0.205000, 0.205000, 40625639.000000, 0.426457, 39.000000, 300000.000000
6.000000, 0.205000, 0.205000, 29887936.000000, 0.419903, 36.000000, 300000.000000
6.000000, 0.205000, 0.205000, 72206185.000000, 0.427237, 39.000000, 300000.000000
6.000000, 0.205000, 0.205000, 73762734.000000, 0.420863, 41.000000, 300000.000000
6.000000, 0.205000, 0.205000, 10671842.000000, 0.424463, 36.000000, 300000.000000
6.000000, 0.205000, 0.205000, 42058931.000000, 0.433263, 30.000000, 300000.000000
6.000000, 0.205000, 0.205000, 45703435.000000, 0.429003, 40.000000, 300000.000000
6.000000, 0.205000, 0.205000, 53658576.000000, 0.418210, 41.000000, 300000.000000
6.000000, 0.205000, 0.205000, 33689474.000000, 0.429370, 35.000000, 300000.000000
6.000000, 0.205000, 0.205000, 29333830.000000, 0.432493, 33.000000, 300000.000000
6.000000, 0.205000, 0.205000, 4879643.000000, 0.425297, 38.000000, 300000.000000
6.000000, 0.205000, 0.205000, 8079714.000000, 0.425043, 35.000000, 300000.000000
6.000000, 0.205000, 0.205000, 73976168.000000, 0.415190, 41.000000, 300000.000000
6.000000, 0.205000, 0.205000, 69188953.000000, 0.430610, 38.000000, 300000.000000
6.000000, 0.205000, 0.205000, 77002853.000000, 0.431067, 52.000000, 300000.000000
6.000000, 0.205000, 0.205000, 90152031.000000, 0.422327, 41.000000, 300000.000000
6.000000, 0.205000, 0.205000, 80269647.000000, 0.424173, 32.000000, 300000.000000
6.000000, 0.205000, 0.205000, 63023014.000000, 0.425330, 29.000000, 300000.000000
6.000000, 0.205000, 0.205000, 95134743.000000, 0.425477, 38.000000, 300000.000000
6.000000, 0.205000, 0.205000, 90665032.000000, 0.425533, 39.000000, 300000.000000
6.000000, 0.205000, 0.205000, 80560390.000000, 0.423053, 38.000000, 300000.000000
6.000000, 0.205000, 0.205000, 91476450.000000, 0.423977, 39.000000, 300000.000000
6.000000, 0.205000, 0.205000, 94159148.000000, 0.428430, 36.000000, 300000.000000
6.000000, 0.205000, 0.205000, 41140073.000000, 0.431583, 32.000000, 300000.000000
6.000000, 0.205000, 0.205000, 78014150.000000, 0.419737, 49.000000, 300000.000000
6.000000, 0.205000, 0.205000, 22557243.000000, 0.417840, 38.000000, 300000.000000
6.000000, 0.205000, 0.205000, 99296196.000000, 0.423803, 47.000000, 300000.000000
6.000000, 0.205000, 0.205000, 8868172.000000, 0.429017, 40.000000, 300000.000000
6.000000, 0.205000, 0.205000, 60300574.000000, 0.423907, 38.000000, 300000.000000
6.000000, 0.205000, 0.205000, 6541093.000000, 0.424287, 36.000000, 300000.000000
6.000000, 0.205000, 0.205000, 2275115.000000, 0.434127, 32.000000, 300000.000000
6.000000, 0.205000, 0.205000, 37532139.000000, 0.427880, 42.000000, 300000.000000
6.000000, 0.205000, 0.205000, 76550828.000000, 0.414280, 37.000000, 300000.000000
6.000000, 0.205000, 0.205000, 15469223.000000, 0.423243, 46.000000, 300000.000000
6.000000, 0.205000, 0.205000, 42730102.000000, 0.429917, 31.000000, 300000.000000
6.000000, 0.205000, 0.205000, 55019514.000000, 0.415120, 37.000000, 300000.000000
6.000000, 0.205000, 0.205000, 51460124.000000, 0.426037, 34.000000, 300000.000000
6.000000, 0.205000, 0.205000, 28863592.000000, 0.430253, 47.000000, 300000.000000
6.000000, 0.205000, 0.205000, 99486735.000000, 0.430683, 53.000000, 300000.000000
6.000000, 0.205000, 0.205000, 3500831.000000, 0.430170, 39.000000, 300000.000000
6.000000, 0.205000, 0.205000, 21312276.000000, 0.424413, 37.000000, 300000.000000
6.000000, 0.205000, 0.205000, 20592192.000000, 0.425123, 39.000000, 300000.000000
6.000000, 0.205000, 0.205000, 35964238.000000, 0.423827, 32.000000, 300000.000000
6.000000, 0.205000, 0.205000, 20553826.000000, 0.423590, 33.000000, 300000.000000
6.000000, 0.205000, 0.205000, 55206617.000000, 0.425877, 39.000000, 300000.000000
6.000000, 0.205000, 0.205000, 64988446.000000, 0.427203, 36.000000, 300000.000000
6.000000, 0.205000, 0.205000, 99204975.000000, 0.426640, 39.000000, 300000.000000
6.000000, 0.205000, 0.205000, 51144801.000000, 0.419757, 30.000000, 300000.000000
6.000000, 0.205000, 0.205000, 28919967.000000, 0.413193, 38.000000, 300000.000000
6.000000, 0.205000, 0.205000, 8213421.000000, 0.424107, 34.000000, 300000.000000
6.000000, 0.205000, 0.205000, 74967642.000000, 0.430067, 32.000000, 300000.000000
6.000000, 0.205000, 0.205000, 39880231.000000, 0.430503, 34.000000, 300000.000000
6.000000, 0.205000, 0.205000, 15987824.000000, 0.423293, 35.000000, 300000.000000
6.000000, 0.205000, 0.205000, 23258213.000000, 0.425397, 42.000000, 300000.000000
6.000000, 0.205000, 0.205000, 58808982.000000, 0.416890, 39.000000, 300000.000000
6.000000, 0.205000, 0.205000, 81772021.000000, 0.428810, 39.000000, 300000.000000
6.000000, 0.205000, 0.205000, 81143079.000000, 0.421563, 41.000000, 300000.000000
6.000000, 0.205000, 0.205000, 58120475.000000, 0.429870, 35.000000, 300000.000000
6.000000, 0.205000, 0.205000, 86206463.000000, 0.423090, 34.000000, 300000.000000
6.000000, 0.205000, 0.205000, 81706224.000000, 0.423247, 37.000000, 300000.000000
6.000000, 0.205000, 0.205000, 84848276.000000, 0.418287, 36.000000, 300000.000000
6.000000, 0.205000, 0.205000, 67967994.000000, 0.423577, 37.000000, 300000.000000
6.000000, 0.205000, 0.205000, 4806075.000000, 0.430423, 40.000000, 300000.000000
6.000000, 0.205000, 0.205000, 25506993.000000, 0.421910, 35.000000, 300000.000000
6.000000, 0.205000, 0.205000, 82561252.000000, 0.427283, 32.000000, 300000.000000
6.000000, 0.205000, 0.205000, 66479655.000000, 0.426553, 54.000000, 300000.000000
6.000000, 0.205000, 0.205000, 74910804.000000, 0.426607, 32.000000, 300000.000000
6.000000, 0.205000, 0.205000, 50998814.000000, 0.431787, 35.000000, 300000.000000
6.000000, 0.205000, 0.205000, 55932606.000000, 0.423873, 30.000000, 300000.000000
6.000000, 0.205000, 0.205000, 76755723.000000, 0.427397, 40.000000, 300000.000000
6.000000, 0.205000, 0.205000, 8095583.000000, 0.425630, 40.000000, 300000.000000
6.000000, 0.205000, 0.205000, 44178722.000000, 0.427620, 43.000000, 300000.000000
6.000000, 0.205000, 0.205000, 30621818.000000, 0.428287, 29.000000, 300000.000000
6.000000, 0.205000, 0.205000, 70966117.000000, 0.433597, 37.000000, 300000.000000
6.000000, 0.205000, 0.205000, 46837545.000000, 0.420823, 36.000000, 300000.000000
6.000000, 0.205000, 0.205000, 95210811.000000, 0.427713, 43.000000, 300000.000000
6.000000, 0.205000, 0.205000, 71131521.000000, 0.426957, 32.000000, 300000.000000
6.000000, 0.205000, 0.205000, 13081391.000000, 0.425630, 35.000000, 300000.000000
6.000000, 0.205000, 0.205000, 51563110.000000, 0.427290, 53.000000, 300000.000000
6.000000, 0.205000, 0.205000, 66658623.000000, 0.425220, 33.000000, 300000.000000
6.000000, 0.205000, 0.205000, 97870893.000000, 0.419810, 35.000000, 300000.000000
6.000000, 0.205000, 0.205000, 13012855.000000, 0.430443, 30.000000, 300000.000000
6.000000, 0.205000, 0.205000, 13063383.000000, 0.422013, 44.000000, 300000.000000
6.000000, 0.205000, 0.205000, 26722600.000000, 0.427603, 40.000000, 300000.000000
6.000000, 0.205000, 0.205000, 70565548.000000, 0.425573, 39.000000, 300000.000000
6.000000, 0.205000, 0.205000, 67906863.000000, 0.425430, 35.000000, 300000.000000
6.000000, 0.205000, 0.205000, 33860452.000000, 0.425010, 39.000000, 300000.000000
6.000000, 0.205000, 0.205000, 55122131.000000, 0.425473, 34.000000, 300000.000000
6.000000, 0.205000, 0.205000, 8172917.000000, 0.419337, 34.000000, 300000.000000
6.000000, 0.205000, 0.205000, 70428844.000000, 0.426447, 40.000000, 300000.000000
6.000000, 0.205000, 0.205000, 27147736.000000, 0.420357, 48.000000, 300000.000000
6.000000, 0.205000, 0.205000, 90304820.000000, 0.424177, 32.000000, 300000.000000
6.000000, 0.205000, 0.205000, 30614806.000000, 0.431837, 35.000000, 300000.000000
6.000000, 0.205000, 0.205000, 51743378.000000, 0.424877, 39.000000, 300000.000000
6.000000, 0.205000, 0.205000, 50003395.000000, 0.425300, 32.000000, 300000.000000
6.000000, 0.205000, 0.205000, 81620571.000000, 0.430433, 36.000000, 300000.000000
6.000000, 0.205000, 0.205000, 56550805.000000, 0.426997, 34.000000, 300000.000000
6.000000, 0.205000, 0.205000, 77981903.000000, 0.429997, 41.000000, 300000.000000
6.000000, 0.205000, 0.205000, 96459911.000000, 0.421603, 32.000000, 300000.000000
6.000000, 0.205000, 0.205000, 20087866.000000, 0.429747, 35.000000, 300000.000000
6.000000, 0.205000, 0.205000, 16492194.000000, 0.425373, 49.000000, 300000.000000
6.000000, 0.205000, 0.205000, 2575268.000000, 0.423583, 49.000000, 300000.000000
6.000000, 0.205000, 0.205000, 87406741.000000, 0.426343, 37.000000, 300000.000000
6.000000, 0.205000, 0.205000, 75940392.000000, 0.425537, 32.000000, 300000.000000
6.000000, 0.205000, 0.205000, 82310911.000000, 0.430650, 45.000000, 300000.000000
6.000000, 0.205000, 0.205000, 69809514.000000, 0.421763, 35.000000, 300000.000000
6.000000, 0.205000, 0.205000, 93071134.000000, 0.427777, 45.000000, 300000.000000
6.000000, 0.205000, 0.205000, 50291534.000000, 0.421083, 40.000000, 300000.000000
6.000000, 0.205000, 0.205000, 8290636.000000, 0.431697, 33.000000, 300000.000000
6.000000, 0.205000, 0.205000, 90872552.000000, 0.421660, 38.000000, 300000.000000
6.000000, 0.205000, 0.205000, 23285948.000000, 0.431520, 32.000000, 300000.000000
6.000000, 0.205000, 0.205000, 96393932.000000, 0.430807, 35.000000, 300000.000000
6.000000, 0.205000, 0.205000, 21680574.000000, 0.428570, 32.000000, 300000.000000
6.000000, 0.205000, 0.205000, 14688482.000000, 0.429940, 37.000000, 300000.000000
6.000000, 0.205000, 0.205000, 68505488.000000, 0.425543, 46.000000, 300000.000000
6.000000, 0.205000, 0.205000, 44444881.000000, 0.424327, 51.000000, 300000.000000
