W0, SFE_target, SFE_actual, seed, F_bound, n_iter, N_part
3.000000, 0.250000, 0.250000, 9835844.000000, 0.000000, 14.000000, 10000.000000
3.000000, 0.250000, 0.250000, 77621648.000000, 0.000000, 15.000000, 10000.000000
3.000000, 0.250000, 0.250000, 65802579.000000, 0.000000, 16.000000, 10000.000000
3.000000, 0.250000, 0.250000, 44448965.000000, 0.000000, 14.000000, 10000.000000
3.000000, 0.250000, 0.250000, 43868507.000000, 0.000000, 15.000000, 10000.000000
3.000000, 0.250000, 0.250000, 86001193.000000, 0.000000, 15.000000, 10000.000000
3.000000, 0.250000, 0.250000, 9508618.000000, 0.000000, 16.000000, 10000.000000
3.000000, 0.250000, 0.250000, 70039434.000000, 0.000000, 15.000000, 10000.000000
3.000000, 0.250000, 0.250000, 20945483.000000, 0.000000, 15.000000, 10000.000000
3.000000, 0.250000, 0.250000, 10323557.000000, 0.000000, 15.000000, 10000.000000
3.000000, 0.250000, 0.250000, 53121418.000000, 0.000000, 15.000000, 10000.000000
3.000000, 0.250000, 0.250000, 97586611.000000, 0.000000, 16.000000, 10000.000000
3.000000, 0.250000, 0.250000, 73839483.000000, 0.000000, 16.000000, 10000.000000
3.000000, 0.250000, 0.250000, 76352829.000000, 0.000000, 17.000000, 10000.000000
3.000000, 0.250000, 0.250000, 72030249.000000, 0.000000, 15.000000, 10000.000000
3.000000, 0.250000, 0.250000, 78820365.000000, 0.000000, 15.000000, 10000.000000
3.000000, 0.250000, 0.250000, 51809430.000000, 0.000000, 15.000000, 10000.000000
3.000000, 0.250000, 0.250000, 13683249.000000, 0.000000, 16.000000, 10000.000000
3.000000, 0.250000, 0.250000, 84135073.000000, 0.000000, 15.000000, 10000.000000
3.000000, 0.250000, 0.250000, 45588207.000000, 0.000000, 16.000000, 10000.000000
3.000000, 0.250000, 0.250000, 50534839.000000, 0.000000, 14.000000, 10000.000000
3.000000, 0.250000, 0.250000, 37709004.000000, 0.000000, 16.000000, 10000.000000
3.000000, 0.250000, 0.250000, 19072413.000000, 0.000000, 15.000000, 10000.000000
3.000000, 0.250000, 0.250000, 92749732.000000, 0.000000, 14.000000, 10000.000000
3.000000, 0.250000, 0.250000, 78375177.000000, 0.000000, 15.000000, 10000.000000
3.000000, 0.250000, 0.250000, 64742646.000000, 0.000000, 16.000000, 10000.000000
3.000000, 0.250000, 0.250000, 40839021.000000, 0.000000, 17.000000, 10000.000000
3.000000, 0.250000, 0.250000, 82453398.000000, 0.000000, 15.000000, 10000.000000
3.000000, 0.250000, 0.250000, 54997482.000000, 0.000000, 16.000000, 10000.000000
3.000000, 0.250000, 0.250000, 44898005.000000, 0.000000, 14.000000, 10000.000000
3.000000, 0.250000, 0.250000, 45595495.000000, 0.000000, 16.000000, 10000.000000
3.000000, 0.250000, 0.250000, 23496633.000000, 0.000000, 14.000000, 10000.000000
3.000000, 0.250000, 0.250000, 10121455.000000, 0.000000, 14.000000, 10000.000000
3.000000, 0.250000, 0.250000, 55903893.000000, 0.000000, 15.000000, 10000.000000
3.000000, 0.250000, 0.250000, 88901093.000000, 0.000000, 16.000000, 10000.000000
3.000000, 0.250000, 0.250000, 7317908.000000, 0.000000, 14.000000, 10000.000000
3.000000, 0.250000, 0.250000, 85970837.000000, 0.000000, 15.000000, 10000.000000
3.000000, 0.250000, 0.250000, 82935485.000000, 0.000000, 15.000000, 10000.000000
3.000000, 0.250000, 0.250000, 28399209.000000, 0.000000, 16.000000, 10000.000000
3.000000, 0.250000, 0.250000, 63534774.000000, 0.000000, 17.000000, 10000.000000
3.000000, 0.250000, 0.250000, 17357678.000000, 0.000000, 15.000000, 10000.000000
3.000000, 0.250000, 0.250000, 76050685.000000, 0.000000, 16.000000, 10000.000000
3.000000, 0.250000, 0.250000, 70351772.000000, 0.000000, 15.000000, 10000.000000
3.000000, 0.250000, 0.250000, 36098070.000000, 0.000000, 14.000000, 10000.000000
3.000000, 0.250000, 0.250000, 7724080.000000, 0.000000, 16.000000, 10000.000000
3.000000, 0.250000, 0.250000, 97099103.000000, 0.000000, 15.000000, 10000.000000
3.000000, 0.250000, 0.250000, 45123060.000000, 0.000000, 16.000000, 10000.000000
3.000000, 0.250000, 0.250000, 89418990.000000, 0.000000, 17.000000, 10000.000000
3.000000, 0.250000, 0.250000, 68113981.000000, 0.000000, 15.000000, 10000.000000
3.000000, 0.250000, 0.250000, 78059965.000000, 0.000000, 15.000000, 10000.000000
3.000000, 0.300000, 0.300000, 9835844.000000, 0.000000, 56.000000, 10000.000000
3.000000, 0.300000, 0.300000, 77621648.000000, 0.000000, 49.000000, 10000.000000
3.000000, 0.300000, 0.300000, 65802579.000000, 0.000000, 73.000000, 10000.000000
3.000000, 0.300000, 0.300000, 44448965.000000, 0.000000, 69.000000, 10000.000000
3.000000, 0.300000, 0.300000, 43868507.000000, 0.000000, 56.000000, 10000.000000
3.000000, 0.300000, 0.300000, 86001193.000000, 0.424000, 41.000000, 10000.000000
3.000000, 0.300000, 0.300000, 9508618.000000, 0.000000, 75.000000, 10000.000000
3.000000, 0.300000, 0.300000, 70039434.000000, 0.000000, 48.000000, 10000.000000
3.000000, 0.300000, 0.300000, 20945483.000000, 0.503300, 59.000000, 10000.000000
3.000000, 0.300000, 0.300000, 10323557.000000, 0.000000, 64.000000, 10000.000000
3.000000, 0.300000, 0.300000, 53121418.000000, 0.000000, 53.000000, 10000.000000
3.000000, 0.300000, 0.300000, 97586611.000000, 0.000000, 66.000000, 10000.000000
3.000000, 0.300000, 0.300000, 73839483.000000, 0.000000, 50.000000, 10000.000000
3.000000, 0.300000, 0.300000, 76352829.000000, 0.000000, 57.000000, 10000.000000
3.000000, 0.300000, 0.300000, 72030249.000000, 0.000000, 58.000000, 10000.000000
3.000000, 0.300000, 0.300000, 78820365.000000, 0.439800, 53.000000, 10000.000000
3.000000, 0.300000, 0.300000, 51809430.000000, 0.000000, 68.000000, 10000.000000
3.000000, 0.300000, 0.300000, 13683249.000000, 0.422300, 64.000000, 10000.000000
3.000000, 0.300000, 0.300000, 84135073.000000, 0.000000, 74.000000, 10000.000000
3.000000, 0.300000, 0.300000, 45588207.000000, 0.501100, 45.000000, 10000.000000
3.000000, 0.300000, 0.300000, 50534839.000000, 0.000000, 70.000000, 10000.000000
3.000000, 0.300000, 0.300000, 37709004.000000, 0.457200, 81.000000, 10000.000000
3.000000, 0.300000, 0.300000, 19072413.000000, 0.000000, 51.000000, 10000.000000
3.000000, 0.300000, 0.300000, 92749732.000000, 0.000000, 62.000000, 10000.000000
3.000000, 0.300000, 0.300000, 78375177.000000, 0.000000, 66.000000, 10000.000000
3.000000, 0.300000, 0.300000, 64742646.000000, 0.000000, 76.000000, 10000.000000
3.000000, 0.300000, 0.300000, 40839021.000000, 0.000000, 40.000000, 10000.000000
3.000000, 0.300000, 0.300000, 82453398.000000, 0.000000, 53.000000, 10000.000000
3.000000, 0.300000, 0.300000, 54997482.000000, 0.000000, 58.000000, 10000.000000
3.000000, 0.300000, 0.300000, 44898005.000000, 0.000000, 46.000000, 10000.000000
3.000000, 0.300000, 0.300000, 45595495.000000, 0.440000, 61.000000, 10000.000000
3.000000, 0.300000, 0.300000, 23496633.000000, 0.453400, 44.000000, 10000.000000
3.000000, 0.300000, 0.300000, 10121455.000000, 0.000000, 49.000000, 10000.000000
3.000000, 0.300000, 0.300000, 55903893.000000, 0.000000, 47.000000, 10000.000000
3.000000, 0.300000, 0.300000, 88901093.000000, 0.000000, 58.000000, 10000.000000
3.000000, 0.300000, 0.300000, 7317908.000000, 0.000000, 45.000000, 10000.000000
3.000000, 0.300000, 0.300000, 85970837.000000, 0.000000, 57.000000, 10000.000000
3.000000, 0.300000, 0.300000, 82935485.000000, 0.000000, 53.000000, 10000.000000
3.000000, 0.300000, 0.300000, 28399209.000000, 0.000000, 50.000000, 10000.000000
3.000000, 0.300000, 0.300000, 63534774.000000, 0.000000, 60.000000, 10000.000000
3.000000, 0.300000, 0.300000, 17357678.000000, 0.000000, 65.000000, 10000.000000
3.000000, 0.300000, 0.300000, 76050685.000000, 0.000000, 73.000000, 10000.000000
3.000000, 0.300000, 0.300000, 70351772.000000, 0.000000, 85.000000, 10000.000000
3.000000, 0.300000, 0.300000, 36098070.000000, 0.442900, 39.000000, 10000.000000
3.000000, 0.300000, 0.300000, 7724080.000000, 0.000000, 79.000000, 10000.000000
3.000000, 0.300000, 0.300000, 97099103.000000, 0.449600, 58.000000, 10000.000000
3.000000, 0.300000, 0.300000, 45123060.000000, 0.000000, 49.000000, 10000.000000
3.000000, 0.300000, 0.300000, 89418990.000000, 0.000000, 89.000000, 10000.000000
3.000000, 0.300000, 0.300000, 68113981.000000, 0.000000, 66.000000, 10000.000000
3.000000, 0.300000, 0.300000, 78059965.000000, 0.000000, 87.000000, 10000.000000
3.000000, 0.305000, 0.305000, 9835844.000000, 0.438500, 73.000000, 10000.000000
3.000000, 0.305000, 0.305000, 77621648.000000, 0.000000, 114.000000, 10000.000000
3.000000, 0.305000, 0.305000, 65802579.000000, 0.539300, 46.000000, 10000.000000
3.000000, 0.305000, 0.305000, 44448965.000000, 0.548300, 40.000000, 10000.000000
3.000000, 0.305000, 0.305000, 43868507.000000, 0.000000, 78.000000, 10000.000000
3.000000, 0.305000, 0.305000, 86001193.000000, 0.467400, 68.000000, 10000.000000
3.000000, 0.305000, 0.305000, 9508618.000000, 0.588100, 34.000000, 10000.000000
3.000000, 0.305000, 0.305000, 70039434.000000, 0.464700, 67.000000, 10000.000000
3.000000, 0.305000, 0.305000, 20945483.000000, 0.574600, 38.000000, 10000.000000
3.000000, 0.305000, 0.305000, 10323557.000000, 0.489300, 71.000000, 10000.000000
3.000000, 0.305000, 0.305000, 53121418.000000, 0.516900, 29.000000, 10000.000000
3.000000, 0.305000, 0.305000, 97586611.000000, 0.000000, 54.000000, 10000.000000
3.000000, 0.305000, 0.305000, 73839483.000000, 0.503000, 39.000000, 10000.000000
3.000000, 0.305000, 0.305000, 76352829.000000, 0.473200, 48.000000, 10000.000000
3.000000, 0.305000, 0.305000, 72030249.000000, 0.457500, 55.000000, 10000.000000
3.000000, 0.305000, 0.305000, 78820365.000000, 0.538200, 57.000000, 10000.000000
3.000000, 0.305000, 0.305000, 51809430.000000, 0.502600, 31.000000, 10000.000000
3.000000, 0.305000, 0.305000, 13683249.000000, 0.553800, 49.000000, 10000.000000
3.000000, 0.305000, 0.305000, 84135073.000000, 0.526500, 39.000000, 10000.000000
3.000000, 0.305000, 0.305000, 45588207.000000, 0.570900, 28.000000, 10000.000000
3.000000, 0.305000, 0.305000, 50534839.000000, 0.498300, 40.000000, 10000.000000
3.000000, 0.305000, 0.305000, 37709004.000000, 0.572500, 34.000000, 10000.000000
3.000000, 0.305000, 0.305000, 19072413.000000, 0.535300, 34.000000, 10000.000000
3.000000, 0.305000, 0.305000, 92749732.000000, 0.516100, 44.000000, 10000.000000
3.000000, 0.305000, 0.305000, 78375177.000000, 0.000000, 92.000000, 10000.000000
3.000000, 0.305000, 0.305000, 64742646.000000, 0.535400, 32.000000, 10000.000000
3.000000, 0.305000, 0.305000, 40839021.000000, 0.493000, 64.000000, 10000.000000
3.000000, 0.305000, 0.305000, 82453398.000000, 0.394700, 88.000000, 10000.000000
3.000000, 0.305000, 0.305000, 54997482.000000, 0.522600, 35.000000, 10000.000000
3.000000, 0.305000, 0.305000, 44898005.000000, 0.000000, 67.000000, 10000.000000
3.000000, 0.305000, 0.305000, 45595495.000000, 0.538800, 48.000000, 10000.000000
3.000000, 0.305000, 0.305000, 23496633.000000, 0.483400, 56.000000, 10000.000000
3.000000, 0.305000, 0.305000, 10121455.000000, 0.505500, 57.000000, 10000.000000
3.000000, 0.305000, 0.305000, 55903893.000000, 0.474100, 59.000000, 10000.000000
3.000000, 0.305000, 0.305000, 88901093.000000, 0.543000, 33.000000, 10000.000000
3.000000, 0.305000, 0.305000, 7317908.000000, 0.000000, 80.000000, 10000.000000
3.000000, 0.305000, 0.305000, 85970837.000000, 0.000000, 57.000000, 10000.000000
3.000000, 0.305000, 0.305000, 82935485.000000, 0.590600, 25.000000, 10000.000000
3.000000, 0.305000, 0.305000, 28399209.000000, 0.544900, 26.000000, 10000.000000
3.000000, 0.305000, 0.305000, 63534774.000000, 0.576300, 28.000000, 10000.000000
3.000000, 0.305000, 0.305000, 17357678.000000, 0.518100, 43.000000, 10000.000000
3.000000, 0.305000, 0.305000, 76050685.000000, 0.529400, 36.000000, 10000.000000
3.000000, 0.305000, 0.305000, 70351772.000000, 0.561000, 36.000000, 10000.000000
3.000000, 0.305000, 0.305000, 36098070.000000, 0.472100, 46.000000, 10000.000000
3.000000, 0.305000, 0.305000, 7724080.000000, 0.565500, 29.000000, 10000.000000
3.000000, 0.305000, 0.305000, 97099103.000000, 0.509700, 67.000000, 10000.000000
3.000000, 0.305000, 0.305000, 45123060.000000, 0.000000, 69.000000, 10000.000000
3.000000, 0.305000, 0.305000, 89418990.000000, 0.513600, 30.000000, 10000.000000
3.000000, 0.305000, 0.305000, 68113981.000000, 0.491800, 88.000000, 10000.000000
3.000000, 0.305000, 0.305000, 78059965.000000, 0.552400, 27.000000, 10000.000000
3.000000, 0.310000, 0.310000, 9835844.000000, 0.517700, 49.000000, 10000.000000
3.000000, 0.310000, 0.310000, 77621648.000000, 0.599600, 29.000000, 10000.000000
3.000000, 0.310000, 0.310000, 65802579.000000, 0.626900, 20.000000, 10000.000000
3.000000, 0.310000, 0.310000, 44448965.000000, 0.592100, 24.000000, 10000.000000
3.000000, 0.310000, 0.310000, 43868507.000000, 0.606800, 30.000000, 10000.000000
3.000000, 0.310000, 0.310000, 86001193.000000, 0.568200, 45.000000, 10000.000000
3.000000, 0.310000, 0.310000, 9508618.000000, 0.613300, 29.000000, 10000.000000
3.000000, 0.310000, 0.310000, 70039434.000000, 0.532100, 36.000000, 10000.000000
3.000000, 0.310000, 0.310000, 20945483.000000, 0.621600, 24.000000, 10000.000000
3.000000, 0.310000, 0.310000, 10323557.000000, 0.616000, 20.000000, 10000.000000
3.000000, 0.310000, 0.310000, 53121418.000000, 0.564700, 43.000000, 10000.000000
3.000000, 0.310000, 0.310000, 97586611.000000, 0.601400, 33.000000, 10000.000000
3.000000, 0.310000, 0.310000, 73839483.000000, 0.574200, 28.000000, 10000.000000
3.000000, 0.310000, 0.310000, 76352829.000000, 0.526100, 45.000000, 10000.000000
3.000000, 0.310000, 0.310000, 72030249.000000, 0.569300, 39.000000, 10000.000000
3.000000, 0.310000, 0.310000, 78820365.000000, 0.597200, 34.000000, 10000.000000
3.000000, 0.310000, 0.310000, 51809430.000000, 0.560600, 50.000000, 10000.000000
3.000000, 0.310000, 0.310000, 13683249.000000, 0.595000, 28.000000, 10000.000000
3.000000, 0.310000, 0.310000, 84135073.000000, 0.596900, 39.000000, 10000.000000
3.000000, 0.310000, 0.310000, 45588207.000000, 0.592000, 23.000000, 10000.000000
3.000000, 0.310000, 0.310000, 50534839.000000, 0.494400, 55.000000, 10000.000000
3.000000, 0.310000, 0.310000, 37709004.000000, 0.629600, 28.000000, 10000.000000
3.000000, 0.310000, 0.310000, 19072413.000000, 0.614900, 26.000000, 10000.000000
3.000000, 0.310000, 0.310000, 92749732.000000, 0.615100, 23.000000, 10000.000000
3.000000, 0.310000, 0.310000, 78375177.000000, 0.578200, 35.000000, 10000.000000
3.000000, 0.310000, 0.310000, 64742646.000000, 0.573800, 41.000000, 10000.000000
3.000000, 0.310000, 0.310000, 40839021.000000, 0.544500, 27.000000, 10000.000000
3.000000, 0.310000, 0.310000, 82453398.000000, 0.554200, 36.000000, 10000.000000
3.000000, 0.310000, 0.310000, 54997482.000000, 0.548700, 46.000000, 10000.000000
3.000000, 0.310000, 0.310000, 44898005.000000, 0.514300, 41.000000, 10000.000000
3.000000, 0.310000, 0.310000, 45595495.000000, 0.592900, 26.000000, 10000.000000
3.000000, 0.310000, 0.310000, 23496633.000000, 0.613600, 33.000000, 10000.000000
3.000000, 0.310000, 0.310000, 10121455.000000, 0.600100, 30.000000, 10000.000000
3.000000, 0.310000, 0.310000, 55903893.000000, 0.569500, 31.000000, 10000.000000
3.000000, 0.310000, 0.310000, 88901093.000000, 0.557500, 33.000000, 10000.000000
3.000000, 0.310000, 0.310000, 7317908.000000, 0.576700, 32.000000, 10000.000000
3.000000, 0.310000, 0.310000, 85970837.000000, 0.530700, 29.000000, 10000.000000
3.000000, 0.310000, 0.310000, 82935485.000000, 0.609000, 31.000000, 10000.000000
3.000000, 0.310000, 0.310000, 28399209.000000, 0.623400, 29.000000, 10000.000000
3.000000, 0.310000, 0.310000, 63534774.000000, 0.634100, 31.000000, 10000.000000
3.000000, 0.310000, 0.310000, 17357678.000000, 0.574200, 30.000000, 10000.000000
3.000000, 0.310000, 0.310000, 76050685.000000, 0.588200, 30.000000, 10000.000000
3.000000, 0.310000, 0.310000, 70351772.000000, 0.602300, 31.000000, 10000.000000
3.000000, 0.310000, 0.310000, 36098070.000000, 0.572300, 27.000000, 10000.000000
3.000000, 0.310000, 0.310000, 7724080.000000, 0.594300, 23.000000, 10000.000000
3.000000, 0.310000, 0.310000, 97099103.000000, 0.602200, 21.000000, 10000.000000
3.000000, 0.310000, 0.310000, 45123060.000000, 0.607000, 27.000000, 10000.000000
3.000000, 0.310000, 0.310000, 89418990.000000, 0.532300, 36.000000, 10000.000000
3.000000, 0.310000, 0.310000, 68113981.000000, 0.604300, 26.000000, 10000.000000
3.000000, 0.310000, 0.310000, 78059965.000000, 0.602600, 26.000000, 10000.000000
3.000000, 0.350000, 0.350000, 9835844.000000, 0.815600, 10.000000, 10000.000000
3.000000, 0.350000, 0.350000, 77621648.000000, 0.803200, 12.000000, 10000.000000
3.000000, 0.350000, 0.350000, 65802579.000000, 0.800700, 14.000000, 10000.000000
3.000000, 0.350000, 0.350000, 44448965.000000, 0.820500, 11.000000, 10000.000000
3.000000, 0.350000, 0.350000, 43868507.000000, 0.817200, 9.000000, 10000.000000
3.000000, 0.350000, 0.350000, 86001193.000000, 0.799900, 18.000000, 10000.000000
3.000000, 0.350000, 0.350000, 9508618.000000, 0.795500, 12.000000, 10000.000000
3.000000, 0.350000, 0.350000, 70039434.000000, 0.799800, 13.000000, 10000.000000
3.000000, 0.350000, 0.350000, 20945483.000000, 0.810600, 12.000000, 10000.000000
3.000000, 0.350000, 0.350000, 10323557.000000, 0.797100, 12.000000, 10000.000000
3.000000, 0.350000, 0.350000, 53121418.000000, 0.803800, 14.000000, 10000.000000
3.000000, 0.350000, 0.350000, 97586611.000000, 0.801100, 14.000000, 10000.000000
3.000000, 0.350000, 0.350000, 73839483.000000, 0.799400, 12.000000, 10000.000000
3.000000, 0.350000, 0.350000, 76352829.000000, 0.808600, 11.000000, 10000.000000
3.000000, 0.350000, 0.350000, 72030249.000000, 0.798100, 15.000000, 10000.000000
3.000000, 0.350000, 0.350000, 78820365.000000, 0.815700, 12.000000, 10000.000000
3.000000, 0.350000, 0.350000, 51809430.000000, 0.796300, 18.000000, 10000.000000
3.000000, 0.350000, 0.350000, 13683249.000000, 0.805800, 11.000000, 10000.000000
3.000000, 0.350000, 0.350000, 84135073.000000, 0.806100, 12.000000, 10000.000000
3.000000, 0.350000, 0.350000, 45588207.000000, 0.802900, 13.000000, 10000.000000
3.000000, 0.350000, 0.350000, 50534839.000000, 0.807200, 14.000000, 10000.000000
3.000000, 0.350000, 0.350000, 37709004.000000, 0.804500, 10.000000, 10000.000000
3.000000, 0.350000, 0.350000, 19072413.000000, 0.804200, 11.000000, 10000.000000
3.000000, 0.350000, 0.350000, 92749732.000000, 0.803600, 11.000000, 10000.000000
3.000000, 0.350000, 0.350000, 78375177.000000, 0.801900, 14.000000, 10000.000000
3.000000, 0.350000, 0.350000, 64742646.000000, 0.817200, 10.000000, 10000.000000
3.000000, 0.350000, 0.350000, 40839021.000000, 0.795000, 14.000000, 10000.000000
3.000000, 0.350000, 0.350000, 82453398.000000, 0.810000, 13.000000, 10000.000000
3.000000, 0.350000, 0.350000, 54997482.000000, 0.797300, 15.000000, 10000.000000
3.000000, 0.350000, 0.350000, 44898005.000000, 0.797700, 12.000000, 10000.000000
3.000000, 0.350000, 0.350000, 45595495.000000, 0.811700, 13.000000, 10000.000000
3.000000, 0.350000, 0.350000, 23496633.000000, 0.819000, 12.000000, 10000.000000
3.000000, 0.350000, 0.350000, 10121455.000000, 0.804900, 15.000000, 10000.000000
3.000000, 0.350000, 0.350000, 55903893.000000, 0.788800, 13.000000, 10000.000000
3.000000, 0.350000, 0.350000, 88901093.000000, 0.797800, 12.000000, 10000.000000
3.000000, 0.350000, 0.350000, 7317908.000000, 0.810100, 11.000000, 10000.000000
3.000000, 0.350000, 0.350000, 85970837.000000, 0.807900, 12.000000, 10000.000000
3.000000, 0.350000, 0.350000, 82935485.000000, 0.803900, 11.000000, 10000.000000
3.000000, 0.350000, 0.350000, 28399209.000000, 0.814400, 13.000000, 10000.000000
3.000000, 0.350000, 0.350000, 63534774.000000, 0.802000, 19.000000, 10000.000000
3.000000, 0.350000, 0.350000, 17357678.000000, 0.822700, 11.000000, 10000.000000
3.000000, 0.350000, 0.350000, 76050685.000000, 0.799400, 16.000000, 10000.000000
3.000000, 0.350000, 0.350000, 70351772.000000, 0.798400, 12.000000, 10000.000000
3.000000, 0.350000, 0.350000, 36098070.000000, 0.820900, 16.000000, 10000.000000
3.000000, 0.350000, 0.350000, 7724080.000000, 0.808700, 11.000000, 10000.000000
3.000000, 0.350000, 0.350000, 97099103.000000, 0.815700, 12.000000, 10000.000000
3.000000, 0.350000, 0.350000, 45123060.000000, 0.809100, 11.000000, 10000.000000
3.000000, 0.350000, 0.350000, 89418990.000000, 0.786700, 13.000000, 10000.000000
3.000000, 0.350000, 0.350000, 68113981.000000, 0.813900, 12.000000, 10000.000000
3.000000, 0.350000, 0.350000, 78059965.000000, 0.818500, 11.000000, 10000.000000
3.000000, 0.400000, 0.400000, 9835844.000000, 0.922000, 6.000000, 10000.000000
3.000000, 0.400000, 0.400000, 77621648.000000, 0.917200, 9.000000, 10000.000000
3.000000, 0.400000, 0.400000, 65802579.000000, 0.908200, 7.000000, 10000.000000
3.000000, 0.400000, 0.400000, 44448965.000000, 0.913200, 7.000000, 10000.000000
3.000000, 0.400000, 0.400000, 43868507.000000, 0.913200, 11.000000, 10000.000000
3.000000, 0.400000, 0.400000, 86001193.000000, 0.916300, 5.000000, 10000.000000
3.000000, 0.400000, 0.400000, 9508618.000000, 0.916200, 7.000000, 10000.000000
3.000000, 0.400000, 0.400000, 70039434.000000, 0.916600, 8.000000, 10000.000000
3.000000, 0.400000, 0.400000, 20945483.000000, 0.903600, 7.000000, 10000.000000
3.000000, 0.400000, 0.400000, 10323557.000000, 0.903600, 6.000000, 10000.000000
3.000000, 0.400000, 0.400000, 53121418.000000, 0.911000, 9.000000, 10000.000000
3.000000, 0.400000, 0.400000, 97586611.000000, 0.907200, 11.000000, 10000.000000
3.000000, 0.400000, 0.400000, 73839483.000000, 0.915800, 5.000000, 10000.000000
3.000000, 0.400000, 0.400000, 76352829.000000, 0.914300, 6.000000, 10000.000000
3.000000, 0.400000, 0.400000, 72030249.000000, 0.917200, 8.000000, 10000.000000
3.000000, 0.400000, 0.400000, 78820365.000000, 0.913000, 8.000000, 10000.000000
3.000000, 0.400000, 0.400000, 51809430.000000, 0.909300, 7.000000, 10000.000000
3.000000, 0.400000, 0.400000, 13683249.000000, 0.905900, 13.000000, 10000.000000
3.000000, 0.400000, 0.400000, 84135073.000000, 0.920200, 7.000000, 10000.000000
3.000000, 0.400000, 0.400000, 45588207.000000, 0.919400, 6.000000, 10000.000000
3.000000, 0.400000, 0.400000, 50534839.000000, 0.911100, 13.000000, 10000.000000
3.000000, 0.400000, 0.400000, 37709004.000000, 0.909300, 7.000000, 10000.000000
3.000000, 0.400000, 0.400000, 19072413.000000, 0.918300, 9.000000, 10000.000000
3.000000, 0.400000, 0.400000, 92749732.000000, 0.917100, 9.000000, 10000.000000
3.000000, 0.400000, 0.400000, 78375177.000000, 0.905400, 6.000000, 10000.000000
3.000000, 0.400000, 0.400000, 64742646.000000, 0.910500, 7.000000, 10000.000000
3.000000, 0.400000, 0.400000, 40839021.000000, 0.915800, 8.000000, 10000.000000
3.000000, 0.400000, 0.400000, 82453398.000000, 0.912200, 8.000000, 10000.000000
3.000000, 0.400000, 0.400000, 54997482.000000, 0.912300, 9.000000, 10000.000000
3.000000, 0.400000, 0.400000, 44898005.000000, 0.907400, 8.000000, 10000.000000
3.000000, 0.400000, 0.400000, 45595495.000000, 0.910100, 7.000000, 10000.000000
3.000000, 0.400000, 0.400000, 23496633.000000, 0.916300, 7.000000, 10000.000000
3.000000, 0.400000, 0.400000, 10121455.000000, 0.911100, 8.000000, 10000.000000
3.000000, 0.400000, 0.400000, 55903893.000000, 0.916600, 10.000000, 10000.000000
3.000000, 0.400000, 0.400000, 88901093.000000, 0.910500, 7.000000, 10000.000000
3.000000, 0.400000, 0.400000, 7317908.000000, 0.911400, 7.000000, 10000.000000
3.000000, 0.400000, 0.400000, 85970837.000000, 0.913700, 7.000000, 10000.000000
3.000000, 0.400000, 0.400000, 82935485.000000, 0.919100, 5.000000, 10000.000000
3.000000, 0.400000, 0.400000, 28399209.000000, 0.913200, 9.000000, 10000.000000
3.000000, 0.400000, 0.400000, 63534774.000000, 0.915900, 7.000000, 10000.000000
3.000000, 0.400000, 0.400000, 17357678.000000, 0.903600, 9.000000, 10000.000000
3.000000, 0.400000, 0.400000, 76050685.000000, 0.912800, 7.000000, 10000.000000
3.000000, 0.400000, 0.400000, 70351772.000000, 0.911300, 6.000000, 10000.000000
3.000000, 0.400000, 0.400000, 36098070.000000, 0.914800, 10.000000, 10000.000000
3.000000, 0.400000, 0.400000, 7724080.000000, 0.907700, 7.000000, 10000.000000
3.000000, 0.400000, 0.400000, 97099103.000000, 0.913400, 6.000000, 10000.000000
3.000000, 0.400000, 0.400000, 45123060.000000, 0.907600, 11.000000, 10000.000000
3.000000, 0.400000, 0.400000, 89418990.000000, 0.918200, 7.000000, 10000.000000
3.000000, 0.400000, 0.400000, 68113981.000000, 0.913500, 7.000000, 10000.000000
3.000000, 0.400000, 0.400000, 78059965.000000, 0.911000, 7.000000, 10000.000000
6.000000, 0.160000, 0.160000, 9835844.000000, 0.000000, 19.000000, 10000.000000
6.000000, 0.160000, 0.160000, 77621648.000000, 0.000000, 18.000000, 10000.000000
6.000000, 0.160000, 0.160000, 65802579.000000, 0.000000, 19.000000, 10000.000000
6.000000, 0.160000, 0.160000, 44448965.000000, 0.000000, 18.000000, 10000.000000
6.000000, 0.160000, 0.160000, 43868507.000000, 0.000000, 20.000000, 10000.000000
6.000000, 0.160000, 0.160000, 86001193.000000, 0.000000, 22.000000, 10000.000000
6.000000, 0.160000, 0.160000, 9508618.000000, 0.000000, 20.000000, 10000.000000
6.000000, 0.160000, 0.160000, 70039434.000000, 0.000000, 17.000000, 10000.000000
6.000000, 0.160000, 0.160000, 20945483.000000, 0.000000, 19.000000, 10000.000000
6.000000, 0.160000, 0.160000, 10323557.000000, 0.000000, 23.000000, 10000.000000
6.000000, 0.160000, 0.160000, 53121418.000000, 0.000000, 19.000000, 10000.000000
6.000000, 0.160000, 0.160000, 97586611.000000, 0.000000, 19.000000, 10000.000000
6.000000, 0.160000, 0.160000, 73839483.000000, 0.000000, 18.000000, 10000.000000
6.000000, 0.160000, 0.160000, 76352829.000000, 0.000000, 20.000000, 10000.000000
6.000000, 0.160000, 0.160000, 72030249.000000, 0.000000, 18.000000, 10000.000000
6.000000, 0.160000, 0.160000, 78820365.000000, 0.000000, 18.000000, 10000.000000
6.000000, 0.160000, 0.160000, 51809430.000000, 0.000000, 20.000000, 10000.000000
6.000000, 0.160000, 0.160000, 13683249.000000, 0.000000, 18.000000, 10000.000000
6.000000, 0.160000, 0.160000, 84135073.000000, 0.000000, 17.000000, 10000.000000
6.000000, 0.160000, 0.160000, 45588207.000000, 0.000000, 19.000000, 10000.000000
6.000000, 0.160000, 0.160000, 50534839.000000, 0.000000, 20.000000, 10000.000000
6.000000, 0.160000, 0.160000, 37709004.000000, 0.000000, 19.000000, 10000.000000
6.000000, 0.160000, 0.160000, 19072413.000000, 0.000000, 22.000000, 10000.000000
6.000000, 0.160000, 0.160000, 92749732.000000, 0.000000, 17.000000, 10000.000000
6.000000, 0.160000, 0.160000, 78375177.000000, 0.000000, 22.000000, 10000.000000
6.000000, 0.160000, 0.160000, 64742646.000000, 0.000000, 16.000000, 10000.000000
6.000000, 0.160000, 0.160000, 40839021.000000, 0.000000, 20.000000, 10000.000000
6.000000, 0.160000, 0.160000, 82453398.000000, 0.000000, 21.000000, 10000.000000
6.000000, 0.160000, 0.160000, 54997482.000000, 0.000000, 22.000000, 10000.000000
6.000000, 0.160000, 0.160000, 44898005.000000, 0.000000, 19.000000, 10000.000000
6.000000, 0.160000, 0.160000, 45595495.000000, 0.000000, 19.000000, 10000.000000
6.000000, 0.160000, 0.160000, 23496633.000000, 0.000000, 19.000000, 10000.000000
6.000000, 0.160000, 0.160000, 10121455.000000, 0.000000, 18.000000, 10000.000000
6.000000, 0.160000, 0.160000, 55903893.000000, 0.000000, 18.000000, 10000.000000
6.000000, 0.160000, 0.160000, 88901093.000000, 0.000000, 18.000000, 10000.000000
6.000000, 0.160000, 0.160000, 7317908.000000, 0.000000, 19.000000, 10000.000000
6.000000, 0.160000, 0.160000, 85970837.000000, 0.000000, 20.000000, 10000.000000
6.000000, 0.160000, 0.160000, 82935485.000000, 0.000000, 20.000000, 10000.000000
6.000000, 0.160000, 0.160000, 28399209.000000, 0.000000, 19.000000, 10000.000000
6.000000, 0.160000, 0.160000, 63534774.000000, 0.000000, 18.000000, 10000.000000
6.000000, 0.160000, 0.160000, 17357678.000000, 0.000000, 19.000000, 10000.000000
6.000000, 0.160000, 0.160000, 76050685.000000, 0.000000, 16.000000, 10000.000000
6.000000, 0.160000, 0.160000, 70351772.000000, 0.000000, 20.000000, 10000.000000
6.000000, 0.160000, 0.160000, 36098070.000000, 0.000000, 21.000000, 10000.000000
6.000000, 0.160000, 0.160000, 7724080.000000, 0.000000, 20.000000, 10000.000000
6.000000, 0.160000, 0.160000, 97099103.000000, 0.000000, 18.000000, 10000.000000
6.000000, 0.160000, 0.160000, 45123060.000000, 0.000000, 19.000000, 10000.000000
6.000000, 0.160000, 0.160000, 89418990.000000, 0.000000, 19.000000, 10000.000000
6.000000, 0.160000, 0.160000, 68113981.000000, 0.000000, 18.000000, 10000.000000
6.000000, 0.160000, 0.160000, 78059965.000000, 0.000000, 18.000000, 10000.000000
6.000000, 0.170000, 0.170000, 9835844.000000, 0.000000, 27.000000, 10000.000000
6.000000, 0.170000, 0.170000, 77621648.000000, 0.000000, 23.000000, 10000.000000
6.000000, 0.170000, 0.170000, 65802579.000000, 0.000000, 28.000000, 10000.000000
6.000000, 0.170000, 0.170000, 44448965.000000, 0.000000, 22.000000, 10000.000000
6.000000, 0.170000, 0.170000, 43868507.000000, 0.000000, 24.000000, 10000.000000
6.000000, 0.170000, 0.170000, 86001193.000000, 0.000000, 26.000000, 10000.000000
6.000000, 0.170000, 0.170000, 9508618.000000, 0.000000, 23.000000, 10000.000000
6.000000, 0.170000, 0.170000, 70039434.000000, 0.000000, 26.000000, 10000.000000
6.000000, 0.170000, 0.170000, 20945483.000000, 0.000000, 22.000000, 10000.000000
6.000000, 0.170000, 0.170000, 10323557.000000, 0.000000, 23.000000, 10000.000000
6.000000, 0.170000, 0.170000, 53121418.000000, 0.000000, 26.000000, 10000.000000
6.000000, 0.170000, 0.170000, 97586611.000000, 0.000000, 23.000000, 10000.000000
6.000000, 0.170000, 0.170000, 73839483.000000, 0.000000, 26.000000, 10000.000000
6.000000, 0.170000, 0.170000, 76352829.000000, 0.000000, 26.000000, 10000.000000
6.000000, 0.170000, 0.170000, 72030249.000000, 0.000000, 24.000000, 10000.000000
6.000000, 0.170000, 0.170000, 78820365.000000, 0.000000, 26.000000, 10000.000000
6.000000, 0.170000, 0.170000, 51809430.000000, 0.000000, 25.000000, 10000.000000
6.000000, 0.170000, 0.170000, 13683249.000000, 0.000000, 24.000000, 10000.000000
6.000000, 0.170000, 0.170000, 84135073.000000, 0.000000, 25.000000, 10000.000000
6.000000, 0.170000, 0.170000, 45588207.000000, 0.000000, 24.000000, 10000.000000
6.000000, 0.170000, 0.170000, 50534839.000000, 0.000000, 23.000000, 10000.000000
6.000000, 0.170000, 0.170000, 37709004.000000, 0.000000, 26.000000, 10000.000000
6.000000, 0.170000, 0.170000, 19072413.000000, 0.000000, 23.000000, 10000.000000
6.000000, 0.170000, 0.170000, 92749732.000000, 0.000000, 27.000000, 10000.000000
6.000000, 0.170000, 0.170000, 78375177.000000, 0.000000, 24.000000, 10000.000000
6.000000, 0.170000, 0.170000, 64742646.000000, 0.000000, 19.000000, 10000.000000
6.000000, 0.170000, 0.170000, 40839021.000000, 0.000000, 27.000000, 10000.000000
6.000000, 0.170000, 0.170000, 82453398.000000, 0.000000, 27.000000, 10000.000000
6.000000, 0.170000, 0.170000, 54997482.000000, 0.000000, 28.000000, 10000.000000
6.000000, 0.170000, 0.170000, 44898005.000000, 0.000000, 27.000000, 10000.000000
6.000000, 0.170000, 0.170000, 45595495.000000, 0.000000, 26.000000, 10000.000000
6.000000, 0.170000, 0.170000, 23496633.000000, 0.000000, 21.000000, 10000.000000
6.000000, 0.170000, 0.170000, 10121455.000000, 0.000000, 29.000000, 10000.000000
6.000000, 0.170000, 0.170000, 55903893.000000, 0.000000, 20.000000, 10000.000000
6.000000, 0.170000, 0.170000, 88901093.000000, 0.000000, 21.000000, 10000.000000
6.000000, 0.170000, 0.170000, 7317908.000000, 0.000000, 22.000000, 10000.000000
6.000000, 0.170000, 0.170000, 85970837.000000, 0.000000, 24.000000, 10000.000000
6.000000, 0.170000, 0.170000, 82935485.000000, 0.000000, 24.000000, 10000.000000
6.000000, 0.170000, 0.170000, 28399209.000000, 0.000000, 25.000000, 10000.000000
6.000000, 0.170000, 0.170000, 63534774.000000, 0.000000, 22.000000, 10000.000000
6.000000, 0.170000, 0.170000, 17357678.000000, 0.000000, 25.000000, 10000.000000
6.000000, 0.170000, 0.170000, 76050685.000000, 0.000000, 23.000000, 10000.000000
6.000000, 0.170000, 0.170000, 70351772.000000, 0.000000, 23.000000, 10000.000000
6.000000, 0.170000, 0.170000, 36098070.000000, 0.000000, 28.000000, 10000.000000
6.000000, 0.170000, 0.170000, 7724080.000000, 0.000000, 22.000000, 10000.000000
6.000000, 0.170000, 0.170000, 97099103.000000, 0.000000, 21.000000, 10000.000000
6.000000, 0.170000, 0.170000, 45123060.000000, 0.000000, 23.000000, 10000.000000
6.000000, 0.170000, 0.170000, 89418990.000000, 0.000000, 23.000000, 10000.000000
6.000000, 0.170000, 0.170000, 68113981.000000, 0.000000, 24.000000, 10000.000000
6.000000, 0.170000, 0.170000, 78059965.000000, 0.000000, 24.000000, 10000.000000
6.000000, 0.180000, 0.180000, 9835844.000000, 0.000000, 31.000000, 10000.000000
6.000000, 0.180000, 0.180000, 77621648.000000, 0.000000, 29.000000, 10000.000000
6.000000, 0.180000, 0.180000, 65802579.000000, 0.000000, 34.000000, 10000.000000
6.000000, 0.180000, 0.180000, 44448965.000000, 0.000000, 54.000000, 10000.000000
6.000000, 0.180000, 0.180000, 43868507.000000, 0.000000, 36.000000, 10000.000000
6.000000, 0.180000, 0.180000, 86001193.000000, 0.000000, 32.000000, 10000.000000
6.000000, 0.180000, 0.180000, 9508618.000000, 0.000000, 31.000000, 10000.000000
6.000000, 0.180000, 0.180000, 70039434.000000, 0.000000, 32.000000, 10000.000000
6.000000, 0.180000, 0.180000, 20945483.000000, 0.000000, 38.000000, 10000.000000
6.000000, 0.180000, 0.180000, 10323557.000000, 0.000000, 44.000000, 10000.000000
6.000000, 0.180000, 0.180000, 53121418.000000, 0.000000, 36.000000, 10000.000000
6.000000, 0.180000, 0.180000, 97586611.000000, 0.000000, 41.000000, 10000.000000
6.000000, 0.180000, 0.180000, 73839483.000000, 0.000000, 44.000000, 10000.000000
6.000000, 0.180000, 0.180000, 76352829.000000, 0.000000, 33.000000, 10000.000000
6.000000, 0.180000, 0.180000, 72030249.000000, 0.000000, 39.000000, 10000.000000
6.000000, 0.180000, 0.180000, 78820365.000000, 0.000000, 44.000000, 10000.000000
6.000000, 0.180000, 0.180000, 51809430.000000, 0.000000, 43.000000, 10000.000000
6.000000, 0.180000, 0.180000, 13683249.000000, 0.000000, 50.000000, 10000.000000
6.000000, 0.180000, 0.180000, 84135073.000000, 0.000000, 45.000000, 10000.000000
6.000000, 0.180000, 0.180000, 45588207.000000, 0.000000, 54.000000, 10000.000000
6.000000, 0.180000, 0.180000, 50534839.000000, 0.000000, 41.000000, 10000.000000
6.000000, 0.180000, 0.180000, 37709004.000000, 0.000000, 28.000000, 10000.000000
6.000000, 0.180000, 0.180000, 19072413.000000, 0.000000, 42.000000, 10000.000000
6.000000, 0.180000, 0.180000, 92749732.000000, 0.000000, 46.000000, 10000.000000
6.000000, 0.180000, 0.180000, 78375177.000000, 0.000000, 34.000000, 10000.000000
6.000000, 0.180000, 0.180000, 64742646.000000, 0.000000, 46.000000, 10000.000000
6.000000, 0.180000, 0.180000, 40839021.000000, 0.000000, 31.000000, 10000.000000
6.000000, 0.180000, 0.180000, 82453398.000000, 0.000000, 45.000000, 10000.000000
6.000000, 0.180000, 0.180000, 54997482.000000, 0.202100, 44.000000, 10000.000000
6.000000, 0.180000, 0.180000, 44898005.000000, 0.000000, 39.000000, 10000.000000
6.000000, 0.180000, 0.180000, 45595495.000000, 0.000000, 49.000000, 10000.000000
6.000000, 0.180000, 0.180000, 23496633.000000, 0.000000, 36.000000, 10000.000000
6.000000, 0.180000, 0.180000, 10121455.000000, 0.000000, 27.000000, 10000.000000
6.000000, 0.180000, 0.180000, 55903893.000000, 0.000000, 30.000000, 10000.000000
6.000000, 0.180000, 0.180000, 88901093.000000, 0.000000, 30.000000, 10000.000000
6.000000, 0.180000, 0.180000, 7317908.000000, 0.000000, 29.000000, 10000.000000
6.000000, 0.180000, 0.180000, 85970837.000000, 0.000000, 36.000000, 10000.000000
6.000000, 0.180000, 0.180000, 82935485.000000, 0.000000, 40.000000, 10000.000000
6.000000, 0.180000, 0.180000, 28399209.000000, 0.000000, 40.000000, 10000.000000
6.000000, 0.180000, 0.180000, 63534774.000000, 0.000000, 29.000000, 10000.000000
6.000000, 0.180000, 0.180000, 17357678.000000, 0.000000, 43.000000, 10000.000000
6.000000, 0.180000, 0.180000, 76050685.000000, 0.000000, 33.000000, 10000.000000
6.000000, 0.180000, 0.180000, 70351772.000000, 0.000000, 48.000000, 10000.000000
6.000000, 0.180000, 0.180000, 36098070.000000, 0.000000, 38.000000, 10000.000000
6.000000, 0.180000, 0.180000, 7724080.000000, 0.000000, 40.000000, 10000.000000
6.000000, 0.180000, 0.180000, 97099103.000000, 0.000000, 32.000000, 10000.000000
6.000000, 0.180000, 0.180000, 45123060.000000, 0.000000, 31.000000, 10000.000000
6.000000, 0.180000, 0.180000, 89418990.000000, 0.000000, 32.000000, 10000.000000
6.000000, 0.180000, 0.180000, 68113981.000000, 0.000000, 35.000000, 10000.000000
6.000000, 0.180000, 0.180000, 78059965.000000, 0.000000, 38.000000, 10000.000000
6.000000, 0.200000, 0.200000, 9835844.000000, 0.396200, 27.000000, 10000.000000
6.000000, 0.200000, 0.200000, 77621648.000000, 0.365100, 32.000000, 10000.000000
6.000000, 0.200000, 0.200000, 65802579.000000, 0.380500, 22.000000, 10000.000000
6.000000, 0.200000, 0.200000, 44448965.000000, 0.395700, 23.000000, 10000.000000
6.000000, 0.200000, 0.200000, 43868507.000000, 0.353900, 38.000000, 10000.000000
6.000000, 0.200000, 0.200000, 86001193.000000, 0.394900, 21.000000, 10000.000000
6.000000, 0.200000, 0.200000, 9508618.000000, 0.408400, 28.000000, 10000.000000
6.000000, 0.200000, 0.200000, 70039434.000000, 0.377700, 38.000000, 10000.000000
6.000000, 0.200000, 0.200000, 20945483.000000, 0.424200, 31.000000, 10000.000000
6.000000, 0.200000, 0.200000, 10323557.000000, 0.315100, 35.000000, 10000.000000
6.000000, 0.200000, 0.200000, 53121418.000000, 0.376300, 27.000000, 10000.000000
6.000000, 0.200000, 0.200000, 97586611.000000, 0.347800, 38.000000, 10000.000000
6.000000, 0.200000, 0.200000, 73839483.000000, 0.407300, 24.000000, 10000.000000
6.000000, 0.200000, 0.200000, 76352829.000000, 0.400600, 29.000000, 10000.000000
6.000000, 0.200000, 0.200000, 72030249.000000, 0.361400, 18.000000, 10000.000000
6.000000, 0.200000, 0.200000, 78820365.000000, 0.348200, 31.000000, 10000.000000
6.000000, 0.200000, 0.200000, 51809430.000000, 0.387100, 26.000000, 10000.000000
6.000000, 0.200000, 0.200000, 13683249.000000, 0.400700, 30.000000, 10000.000000
6.000000, 0.200000, 0.200000, 84135073.000000, 0.408600, 21.000000, 10000.000000
6.000000, 0.200000, 0.200000, 45588207.000000, 0.393300, 21.000000, 10000.000000
6.000000, 0.200000, 0.200000, 50534839.000000, 0.321200, 32.000000, 10000.000000
6.000000, 0.200000, 0.200000, 37709004.000000, 0.406300, 28.000000, 10000.000000
6.000000, 0.200000, 0.200000, 19072413.000000, 0.323200, 49.000000, 10000.000000
6.000000, 0.200000, 0.200000, 92749732.000000, 0.405900, 24.000000, 10000.000000
6.000000, 0.200000, 0.200000, 78375177.000000, 0.416100, 25.000000, 10000.000000
6.000000, 0.200000, 0.200000, 64742646.000000, 0.389700, 35.000000, 10000.000000
6.000000, 0.200000, 0.200000, 40839021.000000, 0.413300, 19.000000, 10000.000000
6.000000, 0.200000, 0.200000, 82453398.000000, 0.382300, 26.000000, 10000.000000
6.000000, 0.200000, 0.200000, 54997482.000000, 0.409600, 17.000000, 10000.000000
6.000000, 0.200000, 0.200000, 44898005.000000, 0.377400, 25.000000, 10000.000000
6.000000, 0.200000, 0.200000, 45595495.000000, 0.415100, 26.000000, 10000.000000
6.000000, 0.200000, 0.200000, 23496633.000000, 0.424100, 19.000000, 10000.000000
6.000000, 0.200000, 0.200000, 10121455.000000, 0.334200, 31.000000, 10000.000000
6.000000, 0.200000, 0.200000, 55903893.000000, 0.415700, 22.000000, 10000.000000
6.000000, 0.200000, 0.200000, 88901093.000000, 0.328200, 37.000000, 10000.000000
6.000000, 0.200000, 0.200000, 7317908.000000, 0.377700, 24.000000, 10000.000000
6.000000, 0.200000, 0.200000, 85970837.000000, 0.374000, 23.000000, 10000.000000
6.000000, 0.200000, 0.200000, 82935485.000000, 0.427500, 31.000000, 10000.000000
6.000000, 0.200000, 0.200000, 28399209.000000, 0.412600, 25.000000, 10000.000000
6.000000, 0.200000, 0.200000, 63534774.000000, 0.351800, 34.000000, 10000.000000
6.000000, 0.200000, 0.200000, 17357678.000000, 0.379300, 41.000000, 10000.000000
6.000000, 0.200000, 0.200000, 76050685.000000, 0.382700, 27.000000, 10000.000000
6.000000, 0.200000, 0.200000, 70351772.000000, 0.376200, 36.000000, 10000.000000
6.000000, 0.200000, 0.200000, 36098070.000000, 0.388100, 30.000000, 10000.000000
6.000000, 0.200000, 0.200000, 7724080.000000, 0.374000, 45.000000, 10000.000000
6.000000, 0.200000, 0.200000, 97099103.000000, 0.387300, 27.000000, 10000.000000
6.000000, 0.200000, 0.200000, 45123060.000000, 0.391700, 26.000000, 10000.000000
6.000000, 0.200000, 0.200000, 89418990.000000, 0.389400, 24.000000, 10000.000000
6.000000, 0.200000, 0.200000, 68113981.000000, 0.379800, 28.000000, 10000.000000
6.000000, 0.200000, 0.200000, 78059965.000000, 0.414300, 25.000000, 10000.000000
6.000000, 0.220000, 0.220000, 9835844.000000, 0.494800, 20.000000, 10000.000000
6.000000, 0.220000, 0.220000, 77621648.000000, 0.490100, 19.000000, 10000.000000
6.000000, 0.220000, 0.220000, 65802579.000000, 0.497300, 22.000000, 10000.000000
6.000000, 0.220000, 0.220000, 44448965.000000, 0.540200, 13.000000, 10000.000000
6.000000, 0.220000, 0.220000, 43868507.000000, 0.521100, 27.000000, 10000.000000
6.000000, 0.220000, 0.220000, 86001193.000000, 0.517700, 19.000000, 10000.000000
6.000000, 0.220000, 0.220000, 9508618.000000, 0.528300, 15.000000, 10000.000000
6.000000, 0.220000, 0.220000, 70039434.000000, 0.497900, 20.000000, 10000.000000
6.000000, 0.220000, 0.220000, 20945483.000000, 0.510000, 16.000000, 10000.000000
6.000000, 0.220000, 0.220000, 10323557.000000, 0.519500, 17.000000, 10000.000000
6.000000, 0.220000, 0.220000, 53121418.000000, 0.507500, 22.000000, 10000.000000
6.000000, 0.220000, 0.220000, 97586611.000000, 0.526300, 16.000000, 10000.000000
6.000000, 0.220000, 0.220000, 73839483.000000, 0.513000, 18.000000, 10000.000000
6.000000, 0.220000, 0.220000, 76352829.000000, 0.529100, 21.000000, 10000.000000
6.000000, 0.220000, 0.220000, 72030249.000000, 0.508000, 14.000000, 10000.000000
6.000000, 0.220000, 0.220000, 78820365.000000, 0.516900, 16.000000, 10000.000000
6.000000, 0.220000, 0.220000, 51809430.000000, 0.523600, 19.000000, 10000.000000
6.000000, 0.220000, 0.220000, 13683249.000000, 0.544000, 15.000000, 10000.000000
6.000000, 0.220000, 0.220000, 84135073.000000, 0.533500, 15.000000, 10000.000000
6.000000, 0.220000, 0.220000, 45588207.000000, 0.526900, 18.000000, 10000.000000
6.000000, 0.220000, 0.220000, 50534839.000000, 0.505700, 19.000000, 10000.000000
6.000000, 0.220000, 0.220000, 37709004.000000, 0.516300, 15.000000, 10000.000000
6.000000, 0.220000, 0.220000, 19072413.000000, 0.492800, 18.000000, 10000.000000
6.000000, 0.220000, 0.220000, 92749732.000000, 0.530600, 15.000000, 10000.000000
6.000000, 0.220000, 0.220000, 78375177.000000, 0.507000, 16.000000, 10000.000000
6.000000, 0.220000, 0.220000, 64742646.000000, 0.529300, 15.000000, 10000.000000
6.000000, 0.220000, 0.220000, 40839021.000000, 0.496400, 19.000000, 10000.000000
6.000000, 0.220000, 0.220000, 82453398.000000, 0.523300, 17.000000, 10000.000000
6.000000, 0.220000, 0.220000, 54997482.000000, 0.519800, 18.000000, 10000.000000
6.000000, 0.220000, 0.220000, 44898005.000000, 0.537200, 15.000000, 10000.000000
6.000000, 0.220000, 0.220000, 45595495.000000, 0.545100, 17.000000, 10000.000000
6.000000, 0.220000, 0.220000, 23496633.000000, 0.528400, 15.000000, 10000.000000
6.000000, 0.220000, 0.220000, 10121455.000000, 0.518200, 14.000000, 10000.000000
6.000000, 0.220000, 0.220000, 55903893.000000, 0.510200, 19.000000, 10000.000000
6.000000, 0.220000, 0.220000, 88901093.000000, 0.525100, 16.000000, 10000.000000
6.000000, 0.220000, 0.220000, 7317908.000000, 0.520700, 18.000000, 10000.000000
6.000000, 0.220000, 0.220000, 85970837.000000, 0.530200, 16.000000, 10000.000000
6.000000, 0.220000, 0.220000, 82935485.000000, 0.523600, 14.000000, 10000.000000
6.000000, 0.220000, 0.220000, 28399209.000000, 0.510400, 17.000000, 10000.000000
6.000000, 0.220000, 0.220000, 63534774.000000, 0.481500, 19.000000, 10000.000000
6.000000, 0.220000, 0.220000, 17357678.000000, 0.514800, 18.000000, 10000.000000
6.000000, 0.220000, 0.220000, 76050685.000000, 0.528500, 17.000000, 10000.000000
6.000000, 0.220000, 0.220000, 70351772.000000, 0.511200, 18.000000, 10000.000000
6.000000, 0.220000, 0.220000, 36098070.000000, 0.491200, 25.000000, 10000.000000
6.000000, 0.220000, 0.220000, 7724080.000000, 0.521900, 15.000000, 10000.000000
6.000000, 0.220000, 0.220000, 97099103.000000, 0.511300, 19.000000, 10000.000000
6.000000, 0.220000, 0.220000, 45123060.000000, 0.512200, 16.000000, 10000.000000
6.000000, 0.220000, 0.220000, 89418990.000000, 0.513300, 16.000000, 10000.000000
6.000000, 0.220000, 0.220000, 68113981.000000, 0.513900, 21.000000, 10000.000000
6.000000, 0.220000, 0.220000, 78059965.000000, 0.523900, 18.000000, 10000.000000
6.000000, 0.300000, 0.300000, 9835844.000000, 0.777700, 13.000000, 10000.000000
6.000000, 0.300000, 0.300000, 77621648.000000, 0.768300, 10.000000, 10000.000000
6.000000, 0.300000, 0.300000, 65802579.000000, 0.777900, 8.000000, 10000.000000
6.000000, 0.300000, 0.300000, 44448965.000000, 0.775600, 9.000000, 10000.000000
6.000000, 0.300000, 0.300000, 43868507.000000, 0.783500, 8.000000, 10000.000000
6.000000, 0.300000, 0.300000, 86001193.000000, 0.785800, 9.000000, 10000.000000
6.000000, 0.300000, 0.300000, 9508618.000000, 0.771600, 10.000000, 10000.000000
6.000000, 0.300000, 0.300000, 70039434.000000, 0.785100, 8.000000, 10000.000000
6.000000, 0.300000, 0.300000, 20945483.000000, 0.783600, 10.000000, 10000.000000
6.000000, 0.300000, 0.300000, 10323557.000000, 0.772100, 10.000000, 10000.000000
6.000000, 0.300000, 0.300000, 53121418.000000, 0.787300, 8.000000, 10000.000000
6.000000, 0.300000, 0.300000, 97586611.000000, 0.774200, 10.000000, 10000.000000
6.000000, 0.300000, 0.300000, 73839483.000000, 0.780800, 7.000000, 10000.000000
6.000000, 0.300000, 0.300000, 76352829.000000, 0.785800, 8.000000, 10000.000000
6.000000, 0.300000, 0.300000, 72030249.000000, 0.780500, 11.000000, 10000.000000
6.000000, 0.300000, 0.300000, 78820365.000000, 0.776800, 8.000000, 10000.000000
6.000000, 0.300000, 0.300000, 51809430.000000, 0.774600, 8.000000, 10000.000000
6.000000, 0.300000, 0.300000, 13683249.000000, 0.781700, 9.000000, 10000.000000
6.000000, 0.300000, 0.300000, 84135073.000000, 0.768000, 14.000000, 10000.000000
6.000000, 0.300000, 0.300000, 45588207.000000, 0.780000, 10.000000, 10000.000000
6.000000, 0.300000, 0.300000, 50534839.000000, 0.779800, 12.000000, 10000.000000
6.000000, 0.300000, 0.300000, 37709004.000000, 0.783700, 7.000000, 10000.000000
6.000000, 0.300000, 0.300000, 19072413.000000, 0.782100, 11.000000, 10000.000000
6.000000, 0.300000, 0.300000, 92749732.000000, 0.782900, 8.000000, 10000.000000
6.000000, 0.300000, 0.300000, 78375177.000000, 0.780700, 9.000000, 10000.000000
6.000000, 0.300000, 0.300000, 64742646.000000, 0.793000, 8.000000, 10000.000000
6.000000, 0.300000, 0.300000, 40839021.000000, 0.767900, 8.000000, 10000.000000
6.000000, 0.300000, 0.300000, 82453398.000000, 0.781700, 13.000000, 10000.000000
6.000000, 0.300000, 0.300000, 54997482.000000, 0.786400, 11.000000, 10000.000000
6.000000, 0.300000, 0.300000, 44898005.000000, 0.783700, 7.000000, 10000.000000
6.000000, 0.300000, 0.300000, 45595495.000000, 0.770800, 9.000000, 10000.000000
6.000000, 0.300000, 0.300000, 23496633.000000, 0.776900, 11.000000, 10000.000000
6.000000, 0.300000, 0.300000, 10121455.000000, 0.770000, 8.000000, 10000.000000
6.000000, 0.300000, 0.300000, 55903893.000000, 0.785800, 10.000000, 10000.000000
6.000000, 0.300000, 0.300000, 88901093.000000, 0.776900, 9.000000, 10000.000000
6.000000, 0.300000, 0.300000, 7317908.000000, 0.786500, 11.000000, 10000.000000
6.000000, 0.300000, 0.300000, 85970837.000000, 0.768400, 12.000000, 10000.000000
6.000000, 0.300000, 0.300000, 82935485.000000, 0.798000, 8.000000, 10000.000000
6.000000, 0.300000, 0.300000, 28399209.000000, 0.777400, 9.000000, 10000.000000
6.000000, 0.300000, 0.300000, 63534774.000000, 0.784300, 9.000000, 10000.000000
6.000000, 0.300000, 0.300000, 17357678.000000, 0.775100, 11.000000, 10000.000000
6.000000, 0.300000, 0.300000, 76050685.000000, 0.780400, 10.000000, 10000.000000
6.000000, 0.300000, 0.300000, 70351772.000000, 0.784300, 7.000000, 10000.000000
6.000000, 0.300000, 0.300000, 36098070.000000, 0.787500, 8.000000, 10000.000000
6.000000, 0.300000, 0.300000, 7724080.000000, 0.763700, 13.000000, 10000.000000
6.000000, 0.300000, 0.300000, 97099103.000000, 0.792100, 10.000000, 10000.000000
6.000000, 0.300000, 0.300000, 45123060.000000, 0.773300, 8.000000, 10000.000000
6.000000, 0.300000, 0.300000, 89418990.000000, 0.782700, 9.000000, 10000.000000
6.000000, 0.300000, 0.300000, 68113981.000000, 0.786800, 10.000000, 10000.000000
6.000000, 0.300000, 0.300000, 78059965.000000, 0.774800, 7.000000, 10000.000000
6.000000, 0.400000, 0.400000, 9835844.000000, 0.922200, 7.000000, 10000.000000
6.000000, 0.400000, 0.400000, 77621648.000000, 0.926200, 5.000000, 10000.000000
6.000000, 0.400000, 0.400000, 65802579.000000, 0.918800, 5.000000, 10000.000000
6.000000, 0.400000, 0.400000, 44448965.000000, 0.923100, 6.000000, 10000.000000
6.000000, 0.400000, 0.400000, 43868507.000000, 0.925100, 4.000000, 10000.000000
6.000000, 0.400000, 0.400000, 86001193.000000, 0.925000, 5.000000, 10000.000000
6.000000, 0.400000, 0.400000, 9508618.000000, 0.915000, 6.000000, 10000.000000
6.000000, 0.400000, 0.400000, 70039434.000000, 0.917300, 6.000000, 10000.000000
6.000000, 0.400000, 0.400000, 20945483.000000, 0.907500, 6.000000, 10000.000000
6.000000, 0.400000, 0.400000, 10323557.000000, 0.920300, 6.000000, 10000.000000
6.000000, 0.400000, 0.400000, 53121418.000000, 0.913200, 8.000000, 10000.000000
6.000000, 0.400000, 0.400000, 97586611.000000, 0.923300, 6.000000, 10000.000000
6.000000, 0.400000, 0.400000, 73839483.000000, 0.918400, 5.000000, 10000.000000
6.000000, 0.400000, 0.400000, 76352829.000000, 0.920600, 6.000000, 10000.000000
6.000000, 0.400000, 0.400000, 72030249.000000, 0.919500, 7.000000, 10000.000000
6.000000, 0.400000, 0.400000, 78820365.000000, 0.919900, 6.000000, 10000.000000
6.000000, 0.400000, 0.400000, 51809430.000000, 0.921600, 5.000000, 10000.000000
6.000000, 0.400000, 0.400000, 13683249.000000, 0.921500, 5.000000, 10000.000000
6.000000, 0.400000, 0.400000, 84135073.000000, 0.922700, 5.000000, 10000.000000
6.000000, 0.400000, 0.400000, 45588207.000000, 0.921800, 5.000000, 10000.000000
6.000000, 0.400000, 0.400000, 50534839.000000, 0.921800, 6.000000, 10000.000000
6.000000, 0.400000, 0.400000, 37709004.000000, 0.920600, 5.000000, 10000.000000
6.000000, 0.400000, 0.400000, 19072413.000000, 0.920600, 5.000000, 10000.000000
6.000000, 0.400000, 0.400000, 92749732.000000, 0.918900, 5.000000, 10000.000000
6.000000, 0.400000, 0.400000, 78375177.000000, 0.919800, 6.000000, 10000.000000
6.000000, 0.400000, 0.400000, 64742646.000000, 0.917000, 5.000000, 10000.000000
6.000000, 0.400000, 0.400000, 40839021.000000, 0.911800, 5.000000, 10000.000000
6.000000, 0.400000, 0.400000, 82453398.000000, 0.923600, 6.000000, 10000.000000
6.000000, 0.400000, 0.400000, 54997482.000000, 0.924800, 5.000000, 10000.000000
6.000000, 0.400000, 0.400000, 44898005.000000, 0.915200, 5.000000, 10000.000000
6.000000, 0.400000, 0.400000, 45595495.000000, 0.916800, 6.000000, 10000.000000
6.000000, 0.400000, 0.400000, 23496633.000000, 0.921300, 7.000000, 10000.000000
6.000000, 0.400000, 0.400000, 10121455.000000, 0.920900, 7.000000, 10000.000000
6.000000, 0.400000, 0.400000, 55903893.000000, 0.916600, 6.000000, 10000.000000
6.000000, 0.400000, 0.400000, 88901093.000000, 0.922200, 5.000000, 10000.000000
6.000000, 0.400000, 0.400000, 7317908.000000, 0.926300, 5.000000, 10000.000000
6.000000, 0.400000, 0.400000, 85970837.000000, 0.911000, 6.000000, 10000.000000
6.000000, 0.400000, 0.400000, 82935485.000000, 0.926300, 6.000000, 10000.000000
6.000000, 0.400000, 0.400000, 28399209.000000, 0.918700, 7.000000, 10000.000000
6.000000, 0.400000, 0.400000, 63534774.000000, 0.915700, 5.000000, 10000.000000
6.000000, 0.400000, 0.400000, 17357678.000000, 0.922200, 6.000000, 10000.000000
6.000000, 0.400000, 0.400000, 76050685.000000, 0.917000, 5.000000, 10000.000000
6.000000, 0.400000, 0.400000, 70351772.000000, 0.920000, 7.000000, 10000.000000
6.000000, 0.400000, 0.400000, 36098070.000000, 0.917800, 5.000000, 10000.000000
6.000000, 0.400000, 0.400000, 7724080.000000, 0.920800, 4.000000, 10000.000000
6.000000, 0.400000, 0.400000, 97099103.000000, 0.919000, 5.000000, 10000.000000
6.000000, 0.400000, 0.400000, 45123060.000000, 0.913900, 6.000000, 10000.000000
6.000000, 0.400000, 0.400000, 89418990.000000, 0.928400, 4.000000, 10000.000000
6.000000, 0.400000, 0.400000, 68113981.000000, 0.927700, 5.000000, 10000.000000
6.000000, 0.400000, 0.400000, 78059965.000000, 0.910500, 7.000000, 10000.000000
9.000000, 0.030000, 0.030000, 9835844.000000, 0.000000, 10.000000, 10000.000000
9.000000, 0.030000, 0.030000, 77621648.000000, 0.000000, 10.000000, 10000.000000
9.000000, 0.030000, 0.030000, 65802579.000000, 0.000000, 11.000000, 10000.000000
9.000000, 0.030000, 0.030000, 44448965.000000, 0.000000, 11.000000, 10000.000000
9.000000, 0.030000, 0.030000, 43868507.000000, 0.000000, 12.000000, 10000.000000
9.000000, 0.030000, 0.030000, 86001193.000000, 0.000000, 10.000000, 10000.000000
9.000000, 0.030000, 0.030000, 9508618.000000, 0.000000, 12.000000, 10000.000000
9.000000, 0.030000, 0.030000, 70039434.000000, 0.000000, 11.000000, 10000.000000
9.000000, 0.030000, 0.030000, 20945483.000000, 0.000000, 10.000000, 10000.000000
9.000000, 0.030000, 0.030000, 10323557.000000, 0.000000, 10.000000, 10000.000000
9.000000, 0.030000, 0.030000, 53121418.000000, 0.000000, 11.000000, 10000.000000
9.000000, 0.030000, 0.030000, 97586611.000000, 0.000000, 11.000000, 10000.000000
9.000000, 0.030000, 0.030000, 73839483.000000, 0.000000, 10.000000, 10000.000000
9.000000, 0.030000, 0.030000, 76352829.000000, 0.000000, 11.000000, 10000.000000
9.000000, 0.030000, 0.030000, 72030249.000000, 0.000000, 13.000000, 10000.000000
9.000000, 0.030000, 0.030000, 78820365.000000, 0.000000, 10.000000, 10000.000000
9.000000, 0.030000, 0.030000, 51809430.000000, 0.000000, 10.000000, 10000.000000
9.000000, 0.030000, 0.030000, 13683249.000000, 0.000000, 10.000000, 10000.000000
9.000000, 0.030000, 0.030000, 84135073.000000, 0.000000, 13.000000, 10000.000000
9.000000, 0.030000, 0.030000, 45588207.000000, 0.000000, 13.000000, 10000.000000
9.000000, 0.030000, 0.030000, 50534839.000000, 0.000000, 11.000000, 10000.000000
9.000000, 0.030000, 0.030000, 37709004.000000, 0.000000, 12.000000, 10000.000000
9.000000, 0.030000, 0.030000, 19072413.000000, 0.000000, 11.000000, 10000.000000
9.000000, 0.030000, 0.030000, 92749732.000000, 0.000000, 10.000000, 10000.000000
9.000000, 0.030000, 0.030000, 78375177.000000, 0.000000, 12.000000, 10000.000000
9.000000, 0.030000, 0.030000, 64742646.000000, 0.000000, 12.000000, 10000.000000
9.000000, 0.030000, 0.030000, 40839021.000000, 0.000000, 12.000000, 10000.000000
9.000000, 0.030000, 0.030000, 82453398.000000, 0.000000, 13.000000, 10000.000000
9.000000, 0.030000, 0.030000, 54997482.000000, 0.000000, 10.000000, 10000.000000
9.000000, 0.030000, 0.030000, 44898005.000000, 0.000000, 12.000000, 10000.000000
9.000000, 0.030000, 0.030000, 45595495.000000, 0.000000, 11.000000, 10000.000000
9.000000, 0.030000, 0.030000, 23496633.000000, 0.000000, 14.000000, 10000.000000
9.000000, 0.030000, 0.030000, 10121455.000000, 0.000000, 13.000000, 10000.000000
9.000000, 0.030000, 0.030000, 55903893.000000, 0.000000, 10.000000, 10000.000000
9.000000, 0.030000, 0.030000, 88901093.000000, 0.000000, 12.000000, 10000.000000
9.000000, 0.030000, 0.030000, 7317908.000000, 0.000000, 13.000000, 10000.000000
9.000000, 0.030000, 0.030000, 85970837.000000, 0.000000, 12.000000, 10000.000000
9.000000, 0.030000, 0.030000, 82935485.000000, 0.000000, 12.000000, 10000.000000
9.000000, 0.030000, 0.030000, 28399209.000000, 0.000000, 11.000000, 10000.000000
9.000000, 0.030000, 0.030000, 63534774.000000, 0.000000, 10.000000, 10000.000000
9.000000, 0.030000, 0.030000, 17357678.000000, 0.000000, 10.000000, 10000.000000
9.000000, 0.030000, 0.030000, 76050685.000000, 0.000000, 11.000000, 10000.000000
9.000000, 0.030000, 0.030000, 70351772.000000, 0.000000, 10.000000, 10000.000000
9.000000, 0.030000, 0.030000, 36098070.000000, 0.000000, 11.000000, 10000.000000
9.000000, 0.030000, 0.030000, 7724080.000000, 0.000000, 10.000000, 10000.000000
9.000000, 0.030000, 0.030000, 97099103.000000, 0.000000, 11.000000, 10000.000000
9.000000, 0.030000, 0.030000, 45123060.000000, 0.000000, 10.000000, 10000.000000
9.000000, 0.030000, 0.030000, 89418990.000000, 0.000000, 11.000000, 10000.000000
9.000000, 0.030000, 0.030000, 68113981.000000, 0.000000, 11.000000, 10000.000000
9.000000, 0.030000, 0.030000, 78059965.000000, 0.000000, 11.000000, 10000.000000
9.000000, 0.040000, 0.040000, 9835844.000000, 0.000000, 18.000000, 10000.000000
9.000000, 0.040000, 0.040000, 77621648.000000, 0.000000, 24.000000, 10000.000000
9.000000, 0.040000, 0.040000, 65802579.000000, 0.000000, 20.000000, 10000.000000
9.000000, 0.040000, 0.040000, 44448965.000000, 0.000000, 22.000000, 10000.000000
9.000000, 0.040000, 0.040000, 43868507.000000, 0.000000, 15.000000, 10000.000000
9.000000, 0.040000, 0.040000, 86001193.000000, 0.000000, 25.000000, 10000.000000
9.000000, 0.040000, 0.040000, 9508618.000000, 0.000000, 20.000000, 10000.000000
9.000000, 0.040000, 0.040000, 70039434.000000, 0.000000, 23.000000, 10000.000000
9.000000, 0.040000, 0.040000, 20945483.000000, 0.000000, 34.000000, 10000.000000
9.000000, 0.040000, 0.040000, 10323557.000000, 0.000000, 20.000000, 10000.000000
9.000000, 0.040000, 0.040000, 53121418.000000, 0.000000, 22.000000, 10000.000000
9.000000, 0.040000, 0.040000, 97586611.000000, 0.000000, 19.000000, 10000.000000
9.000000, 0.040000, 0.040000, 73839483.000000, 0.000000, 24.000000, 10000.000000
9.000000, 0.040000, 0.040000, 76352829.000000, 0.000000, 21.000000, 10000.000000
9.000000, 0.040000, 0.040000, 72030249.000000, 0.000000, 18.000000, 10000.000000
9.000000, 0.040000, 0.040000, 78820365.000000, 0.000000, 19.000000, 10000.000000
9.000000, 0.040000, 0.040000, 51809430.000000, 0.000000, 19.000000, 10000.000000
9.000000, 0.040000, 0.040000, 13683249.000000, 0.000000, 20.000000, 10000.000000
9.000000, 0.040000, 0.040000, 84135073.000000, 0.000000, 19.000000, 10000.000000
9.000000, 0.040000, 0.040000, 45588207.000000, 0.000000, 16.000000, 10000.000000
9.000000, 0.040000, 0.040000, 50534839.000000, 0.000000, 27.000000, 10000.000000
9.000000, 0.040000, 0.040000, 37709004.000000, 0.000000, 25.000000, 10000.000000
9.000000, 0.040000, 0.040000, 19072413.000000, 0.000000, 19.000000, 10000.000000
9.000000, 0.040000, 0.040000, 92749732.000000, 0.000000, 21.000000, 10000.000000
9.000000, 0.040000, 0.040000, 78375177.000000, 0.000000, 22.000000, 10000.000000
9.000000, 0.040000, 0.040000, 64742646.000000, 0.000000, 18.000000, 10000.000000
9.000000, 0.040000, 0.040000, 40839021.000000, 0.000000, 17.000000, 10000.000000
9.000000, 0.040000, 0.040000, 82453398.000000, 0.000000, 33.000000, 10000.000000
9.000000, 0.040000, 0.040000, 54997482.000000, 0.000000, 19.000000, 10000.000000
9.000000, 0.040000, 0.040000, 44898005.000000, 0.000000, 17.000000, 10000.000000
9.000000, 0.040000, 0.040000, 45595495.000000, 0.000000, 19.000000, 10000.000000
9.000000, 0.040000, 0.040000, 23496633.000000, 0.000000, 23.000000, 10000.000000
9.000000, 0.040000, 0.040000, 10121455.000000, 0.000000, 17.000000, 10000.000000
9.000000, 0.040000, 0.040000, 55903893.000000, 0.000000, 21.000000, 10000.000000
9.000000, 0.040000, 0.040000, 88901093.000000, 0.000000, 23.000000, 10000.000000
9.000000, 0.040000, 0.040000, 7317908.000000, 0.000000, 20.000000, 10000.000000
9.000000, 0.040000, 0.040000, 85970837.000000, 0.000000, 24.000000, 10000.000000
9.000000, 0.040000, 0.040000, 82935485.000000, 0.000000, 26.000000, 10000.000000
9.000000, 0.040000, 0.040000, 28399209.000000, 0.000000, 15.000000, 10000.000000
9.000000, 0.040000, 0.040000, 63534774.000000, 0.000000, 22.000000, 10000.000000
9.000000, 0.040000, 0.040000, 17357678.000000, 0.000000, 17.000000, 10000.000000
9.000000, 0.040000, 0.040000, 76050685.000000, 0.000000, 23.000000, 10000.000000
9.000000, 0.040000, 0.040000, 70351772.000000, 0.000000, 27.000000, 10000.000000
9.000000, 0.040000, 0.040000, 36098070.000000, 0.000000, 20.000000, 10000.000000
9.000000, 0.040000, 0.040000, 7724080.000000, 0.000000, 26.000000, 10000.000000
9.000000, 0.040000, 0.040000, 97099103.000000, 0.000000, 22.000000, 10000.000000
9.000000, 0.040000, 0.040000, 45123060.000000, 0.000000, 15.000000, 10000.000000
9.000000, 0.040000, 0.040000, 89418990.000000, 0.000000, 14.000000, 10000.000000
9.000000, 0.040000, 0.040000, 68113981.000000, 0.000000, 41.000000, 10000.000000
9.000000, 0.040000, 0.040000, 78059965.000000, 0.000000, 22.000000, 10000.000000
9.000000, 0.045000, 0.045000, 9835844.000000, 0.000000, 22.000000, 10000.000000
9.000000, 0.045000, 0.045000, 77621648.000000, 0.000000, 36.000000, 10000.000000
9.000000, 0.045000, 0.045000, 65802579.000000, 0.000000, 37.000000, 10000.000000
9.000000, 0.045000, 0.045000, 44448965.000000, 0.000000, 45.000000, 10000.000000
9.000000, 0.045000, 0.045000, 43868507.000000, 0.000000, 19.000000, 10000.000000
9.000000, 0.045000, 0.045000, 86001193.000000, 0.000000, 45.000000, 10000.000000
9.000000, 0.045000, 0.045000, 9508618.000000, 0.000000, 30.000000, 10000.000000
9.000000, 0.045000, 0.045000, 70039434.000000, 0.000000, 31.000000, 10000.000000
9.000000, 0.045000, 0.045000, 20945483.000000, 0.045300, 42.000000, 10000.000000
9.000000, 0.045000, 0.045000, 10323557.000000, 0.000000, 42.000000, 10000.000000
9.000000, 0.045000, 0.045000, 53121418.000000, 0.000000, 48.000000, 10000.000000
9.000000, 0.045000, 0.045000, 97586611.000000, 0.000000, 27.000000, 10000.000000
9.000000, 0.045000, 0.045000, 73839483.000000, 0.000000, 31.000000, 10000.000000
9.000000, 0.045000, 0.045000, 76352829.000000, 0.000000, 48.000000, 10000.000000
9.000000, 0.045000, 0.045000, 72030249.000000, 0.000000, 47.000000, 10000.000000
9.000000, 0.045000, 0.045000, 78820365.000000, 0.000000, 25.000000, 10000.000000
9.000000, 0.045000, 0.045000, 51809430.000000, 0.000000, 27.000000, 10000.000000
9.000000, 0.045000, 0.045000, 13683249.000000, 0.070900, 42.000000, 10000.000000
9.000000, 0.045000, 0.045000, 84135073.000000, 0.073000, 29.000000, 10000.000000
9.000000, 0.045000, 0.045000, 45588207.000000, 0.000000, 38.000000, 10000.000000
9.000000, 0.045000, 0.045000, 50534839.000000, 0.000000, 34.000000, 10000.000000
9.000000, 0.045000, 0.045000, 37709004.000000, 0.000000, 39.000000, 10000.000000
9.000000, 0.045000, 0.045000, 19072413.000000, 0.000000, 39.000000, 10000.000000
9.000000, 0.045000, 0.045000, 92749732.000000, 0.000000, 38.000000, 10000.000000
9.000000, 0.045000, 0.045000, 78375177.000000, 0.000000, 21.000000, 10000.000000
9.000000, 0.045000, 0.045000, 64742646.000000, 0.000000, 54.000000, 10000.000000
9.000000, 0.045000, 0.045000, 40839021.000000, 0.000000, 36.000000, 10000.000000
9.000000, 0.045000, 0.045000, 82453398.000000, 0.000000, 33.000000, 10000.000000
9.000000, 0.045000, 0.045000, 54997482.000000, 0.000000, 25.000000, 10000.000000
9.000000, 0.045000, 0.045000, 44898005.000000, 0.000000, 28.000000, 10000.000000
9.000000, 0.045000, 0.045000, 45595495.000000, 0.000000, 37.000000, 10000.000000
9.000000, 0.045000, 0.045000, 23496633.000000, 0.000000, 36.000000, 10000.000000
9.000000, 0.045000, 0.045000, 10121455.000000, 0.047800, 32.000000, 10000.000000
9.000000, 0.045000, 0.045000, 55903893.000000, 0.000000, 28.000000, 10000.000000
9.000000, 0.045000, 0.045000, 88901093.000000, 0.000000, 40.000000, 10000.000000
9.000000, 0.045000, 0.045000, 7317908.000000, 0.060300, 42.000000, 10000.000000
9.000000, 0.045000, 0.045000, 85970837.000000, 0.000000, 26.000000, 10000.000000
9.000000, 0.045000, 0.045000, 82935485.000000, 0.000000, 35.000000, 10000.000000
9.000000, 0.045000, 0.045000, 28399209.000000, 0.000000, 29.000000, 10000.000000
9.000000, 0.045000, 0.045000, 63534774.000000, 0.000000, 35.000000, 10000.000000
9.000000, 0.045000, 0.045000, 17357678.000000, 0.000000, 32.000000, 10000.000000
9.000000, 0.045000, 0.045000, 76050685.000000, 0.000000, 29.000000, 10000.000000
9.000000, 0.045000, 0.045000, 70351772.000000, 0.000000, 27.000000, 10000.000000
9.000000, 0.045000, 0.045000, 36098070.000000, 0.081500, 25.000000, 10000.000000
9.000000, 0.045000, 0.045000, 7724080.000000, 0.000000, 27.000000, 10000.000000
9.000000, 0.045000, 0.045000, 97099103.000000, 0.001100, 36.000000, 10000.000000
9.000000, 0.045000, 0.045000, 45123060.000000, 0.000000, 26.000000, 10000.000000
9.000000, 0.045000, 0.045000, 89418990.000000, 0.000000, 53.000000, 10000.000000
9.000000, 0.045000, 0.045000, 68113981.000000, 0.076300, 20.000000, 10000.000000
9.000000, 0.045000, 0.045000, 78059965.000000, 0.000000, 47.000000, 10000.000000
9.000000, 0.050000, 0.050000, 9835844.000000, 0.000000, 49.000000, 10000.000000
9.000000, 0.050000, 0.050000, 77621648.000000, 0.114700, 17.000000, 10000.000000
9.000000, 0.050000, 0.050000, 65802579.000000, 0.083400, 24.000000, 10000.000000
9.000000, 0.050000, 0.050000, 44448965.000000, 0.000000, 31.000000, 10000.000000
9.000000, 0.050000, 0.050000, 43868507.000000, 0.127300, 18.000000, 10000.000000
9.000000, 0.050000, 0.050000, 86001193.000000, 0.116800, 20.000000, 10000.000000
9.000000, 0.050000, 0.050000, 9508618.000000, 0.132100, 16.000000, 10000.000000
9.000000, 0.050000, 0.050000, 70039434.000000, 0.089300, 30.000000, 10000.000000
9.000000, 0.050000, 0.050000, 20945483.000000, 0.043700, 49.000000, 10000.000000
9.000000, 0.050000, 0.050000, 10323557.000000, 0.104000, 17.000000, 10000.000000
9.000000, 0.050000, 0.050000, 53121418.000000, 0.082500, 37.000000, 10000.000000
9.000000, 0.050000, 0.050000, 97586611.000000, 0.108400, 26.000000, 10000.000000
9.000000, 0.050000, 0.050000, 73839483.000000, 0.099700, 26.000000, 10000.000000
9.000000, 0.050000, 0.050000, 76352829.000000, 0.110900, 17.000000, 10000.000000
9.000000, 0.050000, 0.050000, 72030249.000000, 0.102300, 24.000000, 10000.000000
9.000000, 0.050000, 0.050000, 78820365.000000, 0.037500, 50.000000, 10000.000000
9.000000, 0.050000, 0.050000, 51809430.000000, 0.082900, 30.000000, 10000.000000
9.000000, 0.050000, 0.050000, 13683249.000000, 0.121300, 17.000000, 10000.000000
9.000000, 0.050000, 0.050000, 84135073.000000, 0.098100, 31.000000, 10000.000000
9.000000, 0.050000, 0.050000, 45588207.000000, 0.102400, 28.000000, 10000.000000
9.000000, 0.050000, 0.050000, 50534839.000000, 0.109900, 20.000000, 10000.000000
9.000000, 0.050000, 0.050000, 37709004.000000, 0.070300, 45.000000, 10000.000000
9.000000, 0.050000, 0.050000, 19072413.000000, 0.131300, 17.000000, 10000.000000
9.000000, 0.050000, 0.050000, 92749732.000000, 0.109300, 24.000000, 10000.000000
9.000000, 0.050000, 0.050000, 78375177.000000, 0.000000, 78.000000, 10000.000000
9.000000, 0.050000, 0.050000, 64742646.000000, 0.102600, 18.000000, 10000.000000
9.000000, 0.050000, 0.050000, 40839021.000000, 0.058500, 39.000000, 10000.000000
9.000000, 0.050000, 0.050000, 82453398.000000, 0.093200, 17.000000, 10000.000000
9.000000, 0.050000, 0.050000, 54997482.000000, 0.108700, 31.000000, 10000.000000
9.000000, 0.050000, 0.050000, 44898005.000000, 0.121500, 19.000000, 10000.000000
9.000000, 0.050000, 0.050000, 45595495.000000, 0.067900, 29.000000, 10000.000000
9.000000, 0.050000, 0.050000, 23496633.000000, 0.076700, 33.000000, 10000.000000
9.000000, 0.050000, 0.050000, 10121455.000000, 0.089500, 22.000000, 10000.000000
9.000000, 0.050000, 0.050000, 55903893.000000, 0.000000, 57.000000, 10000.000000
9.000000, 0.050000, 0.050000, 88901093.000000, 0.092100, 23.000000, 10000.000000
9.000000, 0.050000, 0.050000, 7317908.000000, 0.128100, 22.000000, 10000.000000
9.000000, 0.050000, 0.050000, 85970837.000000, 0.080800, 30.000000, 10000.000000
9.000000, 0.050000, 0.050000, 82935485.000000, 0.103100, 23.000000, 10000.000000
9.000000, 0.050000, 0.050000, 28399209.000000, 0.086700, 21.000000, 10000.000000
9.000000, 0.050000, 0.050000, 63534774.000000, 0.111400, 17.000000, 10000.000000
9.000000, 0.050000, 0.050000, 17357678.000000, 0.112700, 22.000000, 10000.000000
9.000000, 0.050000, 0.050000, 76050685.000000, 0.090100, 27.000000, 10000.000000
9.000000, 0.050000, 0.050000, 70351772.000000, 0.083300, 25.000000, 10000.000000
9.000000, 0.050000, 0.050000, 36098070.000000, 0.123400, 22.000000, 10000.000000
9.000000, 0.050000, 0.050000, 7724080.000000, 0.102700, 20.000000, 10000.000000
9.000000, 0.050000, 0.050000, 97099103.000000, 0.082800, 39.000000, 10000.000000
9.000000, 0.050000, 0.050000, 45123060.000000, 0.094100, 26.000000, 10000.000000
9.000000, 0.050000, 0.050000, 89418990.000000, 0.116000, 15.000000, 10000.000000
9.000000, 0.050000, 0.050000, 68113981.000000, 0.079000, 27.000000, 10000.000000
9.000000, 0.050000, 0.050000, 78059965.000000, 0.000000, 60.000000, 10000.000000
9.000000, 0.060000, 0.060000, 9835844.000000, 0.175200, 12.000000, 10000.000000
9.000000, 0.060000, 0.060000, 77621648.000000, 0.173500, 11.000000, 10000.000000
9.000000, 0.060000, 0.060000, 65802579.000000, 0.139000, 18.000000, 10000.000000
9.000000, 0.060000, 0.060000, 44448965.000000, 0.163400, 17.000000, 10000.000000
9.000000, 0.060000, 0.060000, 43868507.000000, 0.144100, 14.000000, 10000.000000
9.000000, 0.060000, 0.060000, 86001193.000000, 0.169500, 19.000000, 10000.000000
9.000000, 0.060000, 0.060000, 9508618.000000, 0.169800, 13.000000, 10000.000000
9.000000, 0.060000, 0.060000, 70039434.000000, 0.165600, 14.000000, 10000.000000
9.000000, 0.060000, 0.060000, 20945483.000000, 0.187800, 17.000000, 10000.000000
9.000000, 0.060000, 0.060000, 10323557.000000, 0.183700, 13.000000, 10000.000000
9.000000, 0.060000, 0.060000, 53121418.000000, 0.175600, 20.000000, 10000.000000
9.000000, 0.060000, 0.060000, 97586611.000000, 0.178800, 18.000000, 10000.000000
9.000000, 0.060000, 0.060000, 73839483.000000, 0.173100, 17.000000, 10000.000000
9.000000, 0.060000, 0.060000, 76352829.000000, 0.171900, 16.000000, 10000.000000
9.000000, 0.060000, 0.060000, 72030249.000000, 0.167300, 12.000000, 10000.000000
9.000000, 0.060000, 0.060000, 78820365.000000, 0.163500, 13.000000, 10000.000000
9.000000, 0.060000, 0.060000, 51809430.000000, 0.168600, 13.000000, 10000.000000
9.000000, 0.060000, 0.060000, 13683249.000000, 0.157500, 15.000000, 10000.000000
9.000000, 0.060000, 0.060000, 84135073.000000, 0.160700, 13.000000, 10000.000000
9.000000, 0.060000, 0.060000, 45588207.000000, 0.182400, 14.000000, 10000.000000
9.000000, 0.060000, 0.060000, 50534839.000000, 0.177400, 13.000000, 10000.000000
9.000000, 0.060000, 0.060000, 37709004.000000, 0.166600, 13.000000, 10000.000000
9.000000, 0.060000, 0.060000, 19072413.000000, 0.153500, 17.000000, 10000.000000
9.000000, 0.060000, 0.060000, 92749732.000000, 0.148100, 20.000000, 10000.000000
9.000000, 0.060000, 0.060000, 78375177.000000, 0.177900, 12.000000, 10000.000000
9.000000, 0.060000, 0.060000, 64742646.000000, 0.163500, 14.000000, 10000.000000
9.000000, 0.060000, 0.060000, 40839021.000000, 0.185500, 12.000000, 10000.000000
9.000000, 0.060000, 0.060000, 82453398.000000, 0.181300, 13.000000, 10000.000000
9.000000, 0.060000, 0.060000, 54997482.000000, 0.186900, 16.000000, 10000.000000
9.000000, 0.060000, 0.060000, 44898005.000000, 0.160200, 15.000000, 10000.000000
9.000000, 0.060000, 0.060000, 45595495.000000, 0.182600, 17.000000, 10000.000000
9.000000, 0.060000, 0.060000, 23496633.000000, 0.199700, 14.000000, 10000.000000
9.000000, 0.060000, 0.060000, 10121455.000000, 0.158600, 15.000000, 10000.000000
9.000000, 0.060000, 0.060000, 55903893.000000, 0.179000, 15.000000, 10000.000000
9.000000, 0.060000, 0.060000, 88901093.000000, 0.174800, 13.000000, 10000.000000
9.000000, 0.060000, 0.060000, 7317908.000000, 0.152500, 16.000000, 10000.000000
9.000000, 0.060000, 0.060000, 85970837.000000, 0.170400, 18.000000, 10000.000000
9.000000, 0.060000, 0.060000, 82935485.000000, 0.186800, 10.000000, 10000.000000
9.000000, 0.060000, 0.060000, 28399209.000000, 0.171300, 20.000000, 10000.000000
9.000000, 0.060000, 0.060000, 63534774.000000, 0.179200, 15.000000, 10000.000000
9.000000, 0.060000, 0.060000, 17357678.000000, 0.165000, 17.000000, 10000.000000
9.000000, 0.060000, 0.060000, 76050685.000000, 0.192100, 15.000000, 10000.000000
9.000000, 0.060000, 0.060000, 70351772.000000, 0.162500, 16.000000, 10000.000000
9.000000, 0.060000, 0.060000, 36098070.000000, 0.179200, 17.000000, 10000.000000
9.000000, 0.060000, 0.060000, 7724080.000000, 0.171300, 16.000000, 10000.000000
9.000000, 0.060000, 0.060000, 97099103.000000, 0.186500, 15.000000, 10000.000000
9.000000, 0.060000, 0.060000, 45123060.000000, 0.182600, 13.000000, 10000.000000
9.000000, 0.060000, 0.060000, 89418990.000000, 0.167500, 18.000000, 10000.000000
9.000000, 0.060000, 0.060000, 68113981.000000, 0.193600, 14.000000, 10000.000000
9.000000, 0.060000, 0.060000, 78059965.000000, 0.171400, 25.000000, 10000.000000
9.000000, 0.100000, 0.100000, 9835844.000000, 0.349700, 12.000000, 10000.000000
9.000000, 0.100000, 0.100000, 77621648.000000, 0.340500, 13.000000, 10000.000000
9.000000, 0.100000, 0.100000, 65802579.000000, 0.341200, 11.000000, 10000.000000
9.000000, 0.100000, 0.100000, 44448965.000000, 0.342900, 16.000000, 10000.000000
9.000000, 0.100000, 0.100000, 43868507.000000, 0.340700, 9.000000, 10000.000000
9.000000, 0.100000, 0.100000, 86001193.000000, 0.335400, 10.000000, 10000.000000
9.000000, 0.100000, 0.100000, 9508618.000000, 0.359600, 10.000000, 10000.000000
9.000000, 0.100000, 0.100000, 70039434.000000, 0.327100, 12.000000, 10000.000000
9.000000, 0.100000, 0.100000, 20945483.000000, 0.330100, 12.000000, 10000.000000
9.000000, 0.100000, 0.100000, 10323557.000000, 0.343300, 13.000000, 10000.000000
9.000000, 0.100000, 0.100000, 53121418.000000, 0.332300, 12.000000, 10000.000000
9.000000, 0.100000, 0.100000, 97586611.000000, 0.360500, 14.000000, 10000.000000
9.000000, 0.100000, 0.100000, 73839483.000000, 0.341500, 10.000000, 10000.000000
9.000000, 0.100000, 0.100000, 76352829.000000, 0.328600, 12.000000, 10000.000000
9.000000, 0.100000, 0.100000, 72030249.000000, 0.332000, 12.000000, 10000.000000
9.000000, 0.100000, 0.100000, 78820365.000000, 0.340400, 13.000000, 10000.000000
9.000000, 0.100000, 0.100000, 51809430.000000, 0.333400, 13.000000, 10000.000000
9.000000, 0.100000, 0.100000, 13683249.000000, 0.340300, 11.000000, 10000.000000
9.000000, 0.100000, 0.100000, 84135073.000000, 0.334500, 13.000000, 10000.000000
9.000000, 0.100000, 0.100000, 45588207.000000, 0.337100, 14.000000, 10000.000000
9.000000, 0.100000, 0.100000, 50534839.000000, 0.354600, 9.000000, 10000.000000
9.000000, 0.100000, 0.100000, 37709004.000000, 0.346100, 10.000000, 10000.000000
9.000000, 0.100000, 0.100000, 19072413.000000, 0.351400, 9.000000, 10000.000000
9.000000, 0.100000, 0.100000, 92749732.000000, 0.320400, 15.000000, 10000.000000
9.000000, 0.100000, 0.100000, 78375177.000000, 0.347800, 15.000000, 10000.000000
9.000000, 0.100000, 0.100000, 64742646.000000, 0.331800, 16.000000, 10000.000000
9.000000, 0.100000, 0.100000, 40839021.000000, 0.345000, 9.000000, 10000.000000
9.000000, 0.100000, 0.100000, 82453398.000000, 0.342100, 10.000000, 10000.000000
9.000000, 0.100000, 0.100000, 54997482.000000, 0.343300, 10.000000, 10000.000000
9.000000, 0.100000, 0.100000, 44898005.000000, 0.331400, 12.000000, 10000.000000
9.000000, 0.100000, 0.100000, 45595495.000000, 0.337300, 10.000000, 10000.000000
9.000000, 0.100000, 0.100000, 23496633.000000, 0.337900, 9.000000, 10000.000000
9.000000, 0.100000, 0.100000, 10121455.000000, 0.340200, 10.000000, 10000.000000
9.000000, 0.100000, 0.100000, 55903893.000000, 0.337700, 11.000000, 10000.000000
9.000000, 0.100000, 0.100000, 88901093.000000, 0.339800, 14.000000, 10000.000000
9.000000, 0.100000, 0.100000, 7317908.000000, 0.334400, 12.000000, 10000.000000
9.000000, 0.100000, 0.100000, 85970837.000000, 0.332600, 11.000000, 10000.000000
9.000000, 0.100000, 0.100000, 82935485.000000, 0.360500, 10.000000, 10000.000000
9.000000, 0.100000, 0.100000, 28399209.000000, 0.319600, 21.000000, 10000.000000
9.000000, 0.100000, 0.100000, 63534774.000000, 0.329200, 11.000000, 10000.000000
9.000000, 0.100000, 0.100000, 17357678.000000, 0.346000, 9.000000, 10000.000000
9.000000, 0.100000, 0.100000, 76050685.000000, 0.324200, 15.000000, 10000.000000
9.000000, 0.100000, 0.100000, 70351772.000000, 0.327500, 10.000000, 10000.000000
9.000000, 0.100000, 0.100000, 36098070.000000, 0.345400, 11.000000, 10000.000000
9.000000, 0.100000, 0.100000, 7724080.000000, 0.351200, 9.000000, 10000.000000
9.000000, 0.100000, 0.100000, 97099103.000000, 0.331300, 14.000000, 10000.000000
9.000000, 0.100000, 0.100000, 45123060.000000, 0.348200, 12.000000, 10000.000000
9.000000, 0.100000, 0.100000, 89418990.000000, 0.350200, 12.000000, 10000.000000
9.000000, 0.100000, 0.100000, 68113981.000000, 0.328400, 12.000000, 10000.000000
9.000000, 0.100000, 0.100000, 78059965.000000, 0.332700, 13.000000, 10000.000000
9.000000, 0.170000, 0.170000, 9835844.000000, 0.572300, 11.000000, 10000.000000
9.000000, 0.170000, 0.170000, 77621648.000000, 0.567100, 10.000000, 10000.000000
9.000000, 0.170000, 0.170000, 65802579.000000, 0.562500, 8.000000, 10000.000000
9.000000, 0.170000, 0.170000, 44448965.000000, 0.583800, 10.000000, 10000.000000
9.000000, 0.170000, 0.170000, 43868507.000000, 0.561900, 11.000000, 10000.000000
9.000000, 0.170000, 0.170000, 86001193.000000, 0.572700, 10.000000, 10000.000000
9.000000, 0.170000, 0.170000, 9508618.000000, 0.584400, 8.000000, 10000.000000
9.000000, 0.170000, 0.170000, 70039434.000000, 0.573100, 8.000000, 10000.000000
9.000000, 0.170000, 0.170000, 20945483.000000, 0.580800, 8.000000, 10000.000000
9.000000, 0.170000, 0.170000, 10323557.000000, 0.562800, 10.000000, 10000.000000
9.000000, 0.170000, 0.170000, 53121418.000000, 0.583600, 11.000000, 10000.000000
9.000000, 0.170000, 0.170000, 97586611.000000, 0.574800, 11.000000, 10000.000000
9.000000, 0.170000, 0.170000, 73839483.000000, 0.585500, 9.000000, 10000.000000
9.000000, 0.170000, 0.170000, 76352829.000000, 0.564500, 13.000000, 10000.000000
9.000000, 0.170000, 0.170000, 72030249.000000, 0.575700, 8.000000, 10000.000000
9.000000, 0.170000, 0.170000, 78820365.000000, 0.550700, 10.000000, 10000.000000
9.000000, 0.170000, 0.170000, 51809430.000000, 0.576900, 8.000000, 10000.000000
9.000000, 0.170000, 0.170000, 13683249.000000, 0.559200, 11.000000, 10000.000000
9.000000, 0.170000, 0.170000, 84135073.000000, 0.567700, 9.000000, 10000.000000
9.000000, 0.170000, 0.170000, 45588207.000000, 0.575400, 10.000000, 10000.000000
9.000000, 0.170000, 0.170000, 50534839.000000, 0.564000, 9.000000, 10000.000000
9.000000, 0.170000, 0.170000, 37709004.000000, 0.560600, 12.000000, 10000.000000
9.000000, 0.170000, 0.170000, 19072413.000000, 0.559300, 9.000000, 10000.000000
9.000000, 0.170000, 0.170000, 92749732.000000, 0.586800, 10.000000, 10000.000000
9.000000, 0.170000, 0.170000, 78375177.000000, 0.563500, 10.000000, 10000.000000
9.000000, 0.170000, 0.170000, 64742646.000000, 0.578400, 12.000000, 10000.000000
9.000000, 0.170000, 0.170000, 40839021.000000, 0.580000, 8.000000, 10000.000000
9.000000, 0.170000, 0.170000, 82453398.000000, 0.562200, 11.000000, 10000.000000
9.000000, 0.170000, 0.170000, 54997482.000000, 0.583100, 11.000000, 10000.000000
9.000000, 0.170000, 0.170000, 44898005.000000, 0.568800, 9.000000, 10000.000000
9.000000, 0.170000, 0.170000, 45595495.000000, 0.582800, 8.000000, 10000.000000
9.000000, 0.170000, 0.170000, 23496633.000000, 0.578200, 11.000000, 10000.000000
9.000000, 0.170000, 0.170000, 10121455.000000, 0.569100, 9.000000, 10000.000000
9.000000, 0.170000, 0.170000, 55903893.000000, 0.579200, 10.000000, 10000.000000
9.000000, 0.170000, 0.170000, 88901093.000000, 0.592700, 9.000000, 10000.000000
9.000000, 0.170000, 0.170000, 7317908.000000, 0.579300, 10.000000, 10000.000000
9.000000, 0.170000, 0.170000, 85970837.000000, 0.573000, 12.000000, 10000.000000
9.000000, 0.170000, 0.170000, 82935485.000000, 0.570100, 9.000000, 10000.000000
9.000000, 0.170000, 0.170000, 28399209.000000, 0.572400, 8.000000, 10000.000000
9.000000, 0.170000, 0.170000, 63534774.000000, 0.563300, 12.000000, 10000.000000
9.000000, 0.170000, 0.170000, 17357678.000000, 0.580800, 9.000000, 10000.000000
9.000000, 0.170000, 0.170000, 76050685.000000, 0.571600, 10.000000, 10000.000000
9.000000, 0.170000, 0.170000, 70351772.000000, 0.583200, 10.000000, 10000.000000
9.000000, 0.170000, 0.170000, 36098070.000000, 0.574000, 9.000000, 10000.000000
9.000000, 0.170000, 0.170000, 7724080.000000, 0.567200, 10.000000, 10000.000000
9.000000, 0.170000, 0.170000, 97099103.000000, 0.580900, 8.000000, 10000.000000
9.000000, 0.170000, 0.170000, 45123060.000000, 0.575000, 12.000000, 10000.000000
9.000000, 0.170000, 0.170000, 89418990.000000, 0.586900, 9.000000, 10000.000000
9.000000, 0.170000, 0.170000, 68113981.000000, 0.584100, 18.000000, 10000.000000
9.000000, 0.170000, 0.170000, 78059965.000000, 0.572200, 10.000000, 10000.000000
9.000000, 0.200000, 0.200000, 9835844.000000, 0.656800, 10.000000, 10000.000000
9.000000, 0.200000, 0.200000, 77621648.000000, 0.664500, 8.000000, 10000.000000
9.000000, 0.200000, 0.200000, 65802579.000000, 0.653900, 7.000000, 10000.000000
9.000000, 0.200000, 0.200000, 44448965.000000, 0.658000, 7.000000, 10000.000000
9.000000, 0.200000, 0.200000, 43868507.000000, 0.635000, 10.000000, 10000.000000
9.000000, 0.200000, 0.200000, 86001193.000000, 0.663800, 9.000000, 10000.000000
9.000000, 0.200000, 0.200000, 9508618.000000, 0.647100, 9.000000, 10000.000000
9.000000, 0.200000, 0.200000, 70039434.000000, 0.651500, 9.000000, 10000.000000
9.000000, 0.200000, 0.200000, 20945483.000000, 0.658400, 9.000000, 10000.000000
9.000000, 0.200000, 0.200000, 10323557.000000, 0.645500, 8.000000, 10000.000000
9.000000, 0.200000, 0.200000, 53121418.000000, 0.639500, 9.000000, 10000.000000
9.000000, 0.200000, 0.200000, 97586611.000000, 0.666200, 10.000000, 10000.000000
9.000000, 0.200000, 0.200000, 73839483.000000, 0.656900, 11.000000, 10000.000000
9.000000, 0.200000, 0.200000, 76352829.000000, 0.650100, 9.000000, 10000.000000
9.000000, 0.200000, 0.200000, 72030249.000000, 0.662800, 8.000000, 10000.000000
9.000000, 0.200000, 0.200000, 78820365.000000, 0.661100, 14.000000, 10000.000000
9.000000, 0.200000, 0.200000, 51809430.000000, 0.669700, 9.000000, 10000.000000
9.000000, 0.200000, 0.200000, 13683249.000000, 0.656100, 8.000000, 10000.000000
9.000000, 0.200000, 0.200000, 84135073.000000, 0.671500, 8.000000, 10000.000000
9.000000, 0.200000, 0.200000, 45588207.000000, 0.657100, 9.000000, 10000.000000
9.000000, 0.200000, 0.200000, 50534839.000000, 0.667200, 8.000000, 10000.000000
9.000000, 0.200000, 0.200000, 37709004.000000, 0.641100, 9.000000, 10000.000000
9.000000, 0.200000, 0.200000, 19072413.000000, 0.652400, 9.000000, 10000.000000
9.000000, 0.200000, 0.200000, 92749732.000000, 0.657100, 9.000000, 10000.000000
9.000000, 0.200000, 0.200000, 78375177.000000, 0.653300, 9.000000, 10000.000000
9.000000, 0.200000, 0.200000, 64742646.000000, 0.653100, 19.000000, 10000.000000
9.000000, 0.200000, 0.200000, 40839021.000000, 0.639300, 13.000000, 10000.000000
9.000000, 0.200000, 0.200000, 82453398.000000, 0.655400, 8.000000, 10000.000000
9.000000, 0.200000, 0.200000, 54997482.000000, 0.642000, 8.000000, 10000.000000
9.000000, 0.200000, 0.200000, 44898005.000000, 0.659300, 10.000000, 10000.000000
9.000000, 0.200000, 0.200000, 45595495.000000, 0.657100, 9.000000, 10000.000000
9.000000, 0.200000, 0.200000, 23496633.000000, 0.650100, 10.000000, 10000.000000
9.000000, 0.200000, 0.200000, 10121455.000000, 0.650100, 10.000000, 10000.000000
9.000000, 0.200000, 0.200000, 55903893.000000, 0.659300, 12.000000, 10000.000000
9.000000, 0.200000, 0.200000, 88901093.000000, 0.652700, 8.000000, 10000.000000
9.000000, 0.200000, 0.200000, 7317908.000000, 0.652400, 8.000000, 10000.000000
9.000000, 0.200000, 0.200000, 85970837.000000, 0.658600, 9.000000, 10000.000000
9.000000, 0.200000, 0.200000, 82935485.000000, 0.656300, 8.000000, 10000.000000
9.000000, 0.200000, 0.200000, 28399209.000000, 0.663500, 9.000000, 10000.000000
9.000000, 0.200000, 0.200000, 63534774.000000, 0.649300, 8.000000, 10000.000000
9.000000, 0.200000, 0.200000, 17357678.000000, 0.654400, 9.000000, 10000.000000
9.000000, 0.200000, 0.200000, 76050685.000000, 0.638400, 9.000000, 10000.000000
9.000000, 0.200000, 0.200000, 70351772.000000, 0.649300, 11.000000, 10000.000000
9.000000, 0.200000, 0.200000, 36098070.000000, 0.645800, 9.000000, 10000.000000
9.000000, 0.200000, 0.200000, 7724080.000000, 0.668400, 9.000000, 10000.000000
9.000000, 0.200000, 0.200000, 97099103.000000, 0.646100, 13.000000, 10000.000000
9.000000, 0.200000, 0.200000, 45123060.000000, 0.643600, 10.000000, 10000.000000
9.000000, 0.200000, 0.200000, 89418990.000000, 0.657400, 8.000000, 10000.000000
9.000000, 0.200000, 0.200000, 68113981.000000, 0.639600, 9.000000, 10000.000000
9.000000, 0.200000, 0.200000, 78059965.000000, 0.628300, 9.000000, 10000.000000
9.000000, 0.300000, 0.300000, 9835844.000000, 0.852200, 7.000000, 10000.000000
9.000000, 0.300000, 0.300000, 77621648.000000, 0.847100, 7.000000, 10000.000000
9.000000, 0.300000, 0.300000, 65802579.000000, 0.843100, 7.000000, 10000.000000
9.000000, 0.300000, 0.300000, 44448965.000000, 0.855000, 6.000000, 10000.000000
9.000000, 0.300000, 0.300000, 43868507.000000, 0.850600, 7.000000, 10000.000000
9.000000, 0.300000, 0.300000, 86001193.000000, 0.850000, 5.000000, 10000.000000
9.000000, 0.300000, 0.300000, 9508618.000000, 0.853700, 6.000000, 10000.000000
9.000000, 0.300000, 0.300000, 70039434.000000, 0.847200, 5.000000, 10000.000000
9.000000, 0.300000, 0.300000, 20945483.000000, 0.856800, 7.000000, 10000.000000
9.000000, 0.300000, 0.300000, 10323557.000000, 0.846600, 6.000000, 10000.000000
9.000000, 0.300000, 0.300000, 53121418.000000, 0.849100, 5.000000, 10000.000000
9.000000, 0.300000, 0.300000, 97586611.000000, 0.853700, 7.000000, 10000.000000
9.000000, 0.300000, 0.300000, 73839483.000000, 0.844500, 7.000000, 10000.000000
9.000000, 0.300000, 0.300000, 76352829.000000, 0.853100, 6.000000, 10000.000000
9.000000, 0.300000, 0.300000, 72030249.000000, 0.846300, 6.000000, 10000.000000
9.000000, 0.300000, 0.300000, 78820365.000000, 0.845300, 6.000000, 10000.000000
9.000000, 0.300000, 0.300000, 51809430.000000, 0.851900, 9.000000, 10000.000000
9.000000, 0.300000, 0.300000, 13683249.000000, 0.837400, 7.000000, 10000.000000
9.000000, 0.300000, 0.300000, 84135073.000000, 0.846000, 7.000000, 10000.000000
9.000000, 0.300000, 0.300000, 45588207.000000, 0.857400, 7.000000, 10000.000000
9.000000, 0.300000, 0.300000, 50534839.000000, 0.845900, 7.000000, 10000.000000
9.000000, 0.300000, 0.300000, 37709004.000000, 0.845600, 6.000000, 10000.000000
9.000000, 0.300000, 0.300000, 19072413.000000, 0.852600, 9.000000, 10000.000000
9.000000, 0.300000, 0.300000, 92749732.000000, 0.841000, 10.000000, 10000.000000
9.000000, 0.300000, 0.300000, 78375177.000000, 0.845200, 7.000000, 10000.000000
9.000000, 0.300000, 0.300000, 64742646.000000, 0.851700, 6.000000, 10000.000000
9.000000, 0.300000, 0.300000, 40839021.000000, 0.855200, 6.000000, 10000.000000
9.000000, 0.300000, 0.300000, 82453398.000000, 0.835900, 9.000000, 10000.000000
9.000000, 0.300000, 0.300000, 54997482.000000, 0.841200, 7.000000, 10000.000000
9.000000, 0.300000, 0.300000, 44898005.000000, 0.840900, 7.000000, 10000.000000
9.000000, 0.300000, 0.300000, 45595495.000000, 0.846000, 7.000000, 10000.000000
9.000000, 0.300000, 0.300000, 23496633.000000, 0.846300, 8.000000, 10000.000000
9.000000, 0.300000, 0.300000, 10121455.000000, 0.842300, 7.000000, 10000.000000
9.000000, 0.300000, 0.300000, 55903893.000000, 0.852000, 8.000000, 10000.000000
9.000000, 0.300000, 0.300000, 88901093.000000, 0.846200, 6.000000, 10000.000000
9.000000, 0.300000, 0.300000, 7317908.000000, 0.840400, 7.000000, 10000.000000
9.000000, 0.300000, 0.300000, 85970837.000000, 0.847200, 7.000000, 10000.000000
9.000000, 0.300000, 0.300000, 82935485.000000, 0.849100, 5.000000, 10000.000000
9.000000, 0.300000, 0.300000, 28399209.000000, 0.845400, 9.000000, 10000.000000
9.000000, 0.300000, 0.300000, 63534774.000000, 0.839400, 8.000000, 10000.000000
9.000000, 0.300000, 0.300000, 17357678.000000, 0.837400, 7.000000, 10000.000000
9.000000, 0.300000, 0.300000, 76050685.000000, 0.851900, 5.000000, 10000.000000
9.000000, 0.300000, 0.300000, 70351772.000000, 0.844300, 6.000000, 10000.000000
9.000000, 0.300000, 0.300000, 36098070.000000, 0.847000, 9.000000, 10000.000000
9.000000, 0.300000, 0.300000, 7724080.000000, 0.851500, 6.000000, 10000.000000
9.000000, 0.300000, 0.300000, 97099103.000000, 0.862000, 7.000000, 10000.000000
9.000000, 0.300000, 0.300000, 45123060.000000, 0.852400, 8.000000, 10000.000000
9.000000, 0.300000, 0.300000, 89418990.000000, 0.848600, 7.000000, 10000.000000
9.000000, 0.300000, 0.300000, 68113981.000000, 0.843900, 7.000000, 10000.000000
9.000000, 0.300000, 0.300000, 78059965.000000, 0.854200, 9.000000, 10000.000000
12.000000, 0.010000, 0.010000, 9835844.000000, 0.000000, 9.000000, 10000.000000
12.000000, 0.010000, 0.010000, 77621648.000000, 0.000000, 10.000000, 10000.000000
12.000000, 0.010000, 0.010000, 65802579.000000, 0.000000, 10.000000, 10000.000000
12.000000, 0.010000, 0.010000, 44448965.000000, 0.000000, 7.000000, 10000.000000
12.000000, 0.010000, 0.010000, 43868507.000000, 0.000000, 12.000000, 10000.000000
12.000000, 0.010000, 0.010000, 86001193.000000, 0.000000, 11.000000, 10000.000000
12.000000, 0.010000, 0.010000, 9508618.000000, 0.000000, 8.000000, 10000.000000
12.000000, 0.010000, 0.010000, 70039434.000000, 0.000000, 10.000000, 10000.000000
12.000000, 0.010000, 0.010000, 20945483.000000, 0.000000, 8.000000, 10000.000000
12.000000, 0.010000, 0.010000, 10323557.000000, 0.000000, 10.000000, 10000.000000
12.000000, 0.010000, 0.010000, 53121418.000000, 0.000000, 9.000000, 10000.000000
12.000000, 0.010000, 0.010000, 97586611.000000, 0.000000, 11.000000, 10000.000000
12.000000, 0.010000, 0.010000, 73839483.000000, 0.000000, 8.000000, 10000.000000
12.000000, 0.010000, 0.010000, 76352829.000000, 0.000000, 7.000000, 10000.000000
12.000000, 0.010000, 0.010000, 72030249.000000, 0.000000, 12.000000, 10000.000000
12.000000, 0.010000, 0.010000, 78820365.000000, 0.000000, 10.000000, 10000.000000
12.000000, 0.010000, 0.010000, 51809430.000000, 0.000000, 10.000000, 10000.000000
12.000000, 0.010000, 0.010000, 13683249.000000, 0.000000, 10.000000, 10000.000000
12.000000, 0.010000, 0.010000, 84135073.000000, 0.000000, 10.000000, 10000.000000
12.000000, 0.010000, 0.010000, 45588207.000000, 0.000000, 7.000000, 10000.000000
12.000000, 0.010000, 0.010000, 50534839.000000, 0.000000, 8.000000, 10000.000000
12.000000, 0.010000, 0.010000, 37709004.000000, 0.000000, 10.000000, 10000.000000
12.000000, 0.010000, 0.010000, 19072413.000000, 0.000000, 9.000000, 10000.000000
12.000000, 0.010000, 0.010000, 92749732.000000, 0.000000, 8.000000, 10000.000000
12.000000, 0.010000, 0.010000, 78375177.000000, 0.000000, 9.000000, 10000.000000
12.000000, 0.010000, 0.010000, 64742646.000000, 0.000000, 11.000000, 10000.000000
12.000000, 0.010000, 0.010000, 40839021.000000, 0.000000, 9.000000, 10000.000000
12.000000, 0.010000, 0.010000, 82453398.000000, 0.000000, 8.000000, 10000.000000
12.000000, 0.010000, 0.010000, 54997482.000000, 0.000000, 10.000000, 10000.000000
12.000000, 0.010000, 0.010000, 44898005.000000, 0.000000, 10.000000, 10000.000000
12.000000, 0.010000, 0.010000, 45595495.000000, 0.000400, 12.000000, 10000.000000
12.000000, 0.010000, 0.010000, 23496633.000000, 0.001500, 10.000000, 10000.000000
12.000000, 0.010000, 0.010000, 10121455.000000, 0.000000, 9.000000, 10000.000000
12.000000, 0.010000, 0.010000, 55903893.000000, 0.000000, 12.000000, 10000.000000
12.000000, 0.010000, 0.010000, 88901093.000000, 0.000000, 8.000000, 10000.000000
12.000000, 0.010000, 0.010000, 7317908.000000, 0.000000, 8.000000, 10000.000000
12.000000, 0.010000, 0.010000, 85970837.000000, 0.000000, 8.000000, 10000.000000
12.000000, 0.010000, 0.010000, 82935485.000000, 0.000000, 11.000000, 10000.000000
12.000000, 0.010000, 0.010000, 28399209.000000, 0.000000, 9.000000, 10000.000000
12.000000, 0.010000, 0.010000, 63534774.000000, 0.000000, 8.000000, 10000.000000
12.000000, 0.010000, 0.010000, 17357678.000000, 0.000000, 10.000000, 10000.000000
12.000000, 0.010000, 0.010000, 76050685.000000, 0.000000, 10.000000, 10000.000000
12.000000, 0.010000, 0.010000, 70351772.000000, 0.000000, 10.000000, 10000.000000
12.000000, 0.010000, 0.010000, 36098070.000000, 0.000000, 9.000000, 10000.000000
12.000000, 0.010000, 0.010000, 7724080.000000, 0.000000, 9.000000, 10000.000000
12.000000, 0.010000, 0.010000, 97099103.000000, 0.000000, 8.000000, 10000.000000
12.000000, 0.010000, 0.010000, 45123060.000000, 0.000000, 12.000000, 10000.000000
12.000000, 0.010000, 0.010000, 89418990.000000, 0.000000, 12.000000, 10000.000000
12.000000, 0.010000, 0.010000, 68113981.000000, 0.000000, 11.000000, 10000.000000
12.000000, 0.010000, 0.010000, 78059965.000000, 0.000000, 8.000000, 10000.000000
12.000000, 0.015000, 0.015000, 9835844.000000, 0.000000, 33.000000, 10000.000000
12.000000, 0.015000, 0.015000, 77621648.000000, 0.000000, 18.000000, 10000.000000
12.000000, 0.015000, 0.015000, 65802579.000000, 0.000000, 13.000000, 10000.000000
12.000000, 0.015000, 0.015000, 44448965.000000, 0.000000, 17.000000, 10000.000000
12.000000, 0.015000, 0.015000, 43868507.000000, 0.000000, 17.000000, 10000.000000
12.000000, 0.015000, 0.015000, 86001193.000000, 0.000000, 21.000000, 10000.000000
12.000000, 0.015000, 0.015000, 9508618.000000, 0.000000, 20.000000, 10000.000000
12.000000, 0.015000, 0.015000, 70039434.000000, 0.000000, 15.000000, 10000.000000
12.000000, 0.015000, 0.015000, 20945483.000000, 0.000000, 20.000000, 10000.000000
12.000000, 0.015000, 0.015000, 10323557.000000, 0.000000, 13.000000, 10000.000000
12.000000, 0.015000, 0.015000, 53121418.000000, 0.000000, 21.000000, 10000.000000
12.000000, 0.015000, 0.015000, 97586611.000000, 0.015800, 14.000000, 10000.000000
12.000000, 0.015000, 0.015000, 73839483.000000, 0.000000, 14.000000, 10000.000000
12.000000, 0.015000, 0.015000, 76352829.000000, 0.000000, 15.000000, 10000.000000
12.000000, 0.015000, 0.015000, 72030249.000000, 0.000000, 21.000000, 10000.000000
12.000000, 0.015000, 0.015000, 78820365.000000, 0.000000, 22.000000, 10000.000000
12.000000, 0.015000, 0.015000, 51809430.000000, 0.000000, 34.000000, 10000.000000
12.000000, 0.015000, 0.015000, 13683249.000000, 0.000000, 29.000000, 10000.000000
12.000000, 0.015000, 0.015000, 84135073.000000, 0.000000, 11.000000, 10000.000000
12.000000, 0.015000, 0.015000, 45588207.000000, 0.012400, 13.000000, 10000.000000
12.000000, 0.015000, 0.015000, 50534839.000000, 0.000000, 19.000000, 10000.000000
12.000000, 0.015000, 0.015000, 37709004.000000, 0.000000, 17.000000, 10000.000000
12.000000, 0.015000, 0.015000, 19072413.000000, 0.000000, 17.000000, 10000.000000
12.000000, 0.015000, 0.015000, 92749732.000000, 0.000000, 13.000000, 10000.000000
12.000000, 0.015000, 0.015000, 78375177.000000, 0.000000, 13.000000, 10000.000000
12.000000, 0.015000, 0.015000, 64742646.000000, 0.000000, 14.000000, 10000.000000
12.000000, 0.015000, 0.015000, 40839021.000000, 0.000000, 15.000000, 10000.000000
12.000000, 0.015000, 0.015000, 82453398.000000, 0.000000, 16.000000, 10000.000000
12.000000, 0.015000, 0.015000, 54997482.000000, 0.017300, 13.000000, 10000.000000
12.000000, 0.015000, 0.015000, 44898005.000000, 0.000000, 21.000000, 10000.000000
12.000000, 0.015000, 0.015000, 45595495.000000, 0.000000, 20.000000, 10000.000000
12.000000, 0.015000, 0.015000, 23496633.000000, 0.000000, 18.000000, 10000.000000
12.000000, 0.015000, 0.015000, 10121455.000000, 0.000000, 16.000000, 10000.000000
12.000000, 0.015000, 0.015000, 55903893.000000, 0.011000, 17.000000, 10000.000000
12.000000, 0.015000, 0.015000, 88901093.000000, 0.000000, 27.000000, 10000.000000
12.000000, 0.015000, 0.015000, 7317908.000000, 0.000000, 13.000000, 10000.000000
12.000000, 0.015000, 0.015000, 85970837.000000, 0.000000, 18.000000, 10000.000000
12.000000, 0.015000, 0.015000, 82935485.000000, 0.000000, 14.000000, 10000.000000
12.000000, 0.015000, 0.015000, 28399209.000000, 0.000000, 21.000000, 10000.000000
12.000000, 0.015000, 0.015000, 63534774.000000, 0.000000, 19.000000, 10000.000000
12.000000, 0.015000, 0.015000, 17357678.000000, 0.000000, 17.000000, 10000.000000
12.000000, 0.015000, 0.015000, 76050685.000000, 0.000200, 24.000000, 10000.000000
12.000000, 0.015000, 0.015000, 70351772.000000, 0.001800, 18.000000, 10000.000000
12.000000, 0.015000, 0.015000, 36098070.000000, 0.000000, 13.000000, 10000.000000
12.000000, 0.015000, 0.015000, 7724080.000000, 0.000000, 9.000000, 10000.000000
12.000000, 0.015000, 0.015000, 97099103.000000, 0.000000, 21.000000, 10000.000000
12.000000, 0.015000, 0.015000, 45123060.000000, 0.000000, 22.000000, 10000.000000
12.000000, 0.015000, 0.015000, 89418990.000000, 0.000000, 12.000000, 10000.000000
12.000000, 0.015000, 0.015000, 68113981.000000, 0.000700, 23.000000, 10000.000000
12.000000, 0.015000, 0.015000, 78059965.000000, 0.000000, 21.000000, 10000.000000
12.000000, 0.030000, 0.030000, 9835844.000000, 0.045900, 10.000000, 10000.000000
12.000000, 0.030000, 0.030000, 77621648.000000, 0.047000, 9.000000, 10000.000000
12.000000, 0.030000, 0.030000, 65802579.000000, 0.044700, 11.000000, 10000.000000
12.000000, 0.030000, 0.030000, 44448965.000000, 0.049700, 9.000000, 10000.000000
12.000000, 0.030000, 0.030000, 43868507.000000, 0.038500, 12.000000, 10000.000000
12.000000, 0.030000, 0.030000, 86001193.000000, 0.048700, 9.000000, 10000.000000
12.000000, 0.030000, 0.030000, 9508618.000000, 0.057500, 9.000000, 10000.000000
12.000000, 0.030000, 0.030000, 70039434.000000, 0.048600, 8.000000, 10000.000000
12.000000, 0.030000, 0.030000, 20945483.000000, 0.042700, 9.000000, 10000.000000
12.000000, 0.030000, 0.030000, 10323557.000000, 0.056600, 10.000000, 10000.000000
12.000000, 0.030000, 0.030000, 53121418.000000, 0.045800, 11.000000, 10000.000000
12.000000, 0.030000, 0.030000, 97586611.000000, 0.048600, 13.000000, 10000.000000
12.000000, 0.030000, 0.030000, 73839483.000000, 0.045800, 9.000000, 10000.000000
12.000000, 0.030000, 0.030000, 76352829.000000, 0.045000, 11.000000, 10000.000000
12.000000, 0.030000, 0.030000, 72030249.000000, 0.044200, 8.000000, 10000.000000
12.000000, 0.030000, 0.030000, 78820365.000000, 0.050600, 10.000000, 10000.000000
12.000000, 0.030000, 0.030000, 51809430.000000, 0.051700, 10.000000, 10000.000000
12.000000, 0.030000, 0.030000, 13683249.000000, 0.049400, 9.000000, 10000.000000
12.000000, 0.030000, 0.030000, 84135073.000000, 0.039000, 12.000000, 10000.000000
12.000000, 0.030000, 0.030000, 45588207.000000, 0.049000, 10.000000, 10000.000000
12.000000, 0.030000, 0.030000, 50534839.000000, 0.044400, 10.000000, 10000.000000
12.000000, 0.030000, 0.030000, 37709004.000000, 0.049000, 10.000000, 10000.000000
12.000000, 0.030000, 0.030000, 19072413.000000, 0.051500, 9.000000, 10000.000000
12.000000, 0.030000, 0.030000, 92749732.000000, 0.041000, 11.000000, 10000.000000
12.000000, 0.030000, 0.030000, 78375177.000000, 0.043000, 8.000000, 10000.000000
12.000000, 0.030000, 0.030000, 64742646.000000, 0.041800, 11.000000, 10000.000000
12.000000, 0.030000, 0.030000, 40839021.000000, 0.047000, 16.000000, 10000.000000
12.000000, 0.030000, 0.030000, 82453398.000000, 0.050300, 13.000000, 10000.000000
12.000000, 0.030000, 0.030000, 54997482.000000, 0.049100, 9.000000, 10000.000000
12.000000, 0.030000, 0.030000, 44898005.000000, 0.051900, 9.000000, 10000.000000
12.000000, 0.030000, 0.030000, 45595495.000000, 0.046600, 11.000000, 10000.000000
12.000000, 0.030000, 0.030000, 23496633.000000, 0.035500, 11.000000, 10000.000000
12.000000, 0.030000, 0.030000, 10121455.000000, 0.047400, 12.000000, 10000.000000
12.000000, 0.030000, 0.030000, 55903893.000000, 0.041300, 13.000000, 10000.000000
12.000000, 0.030000, 0.030000, 88901093.000000, 0.047500, 8.000000, 10000.000000
12.000000, 0.030000, 0.030000, 7317908.000000, 0.045500, 10.000000, 10000.000000
12.000000, 0.030000, 0.030000, 85970837.000000, 0.057900, 12.000000, 10000.000000
12.000000, 0.030000, 0.030000, 82935485.000000, 0.040800, 15.000000, 10000.000000
12.000000, 0.030000, 0.030000, 28399209.000000, 0.040300, 11.000000, 10000.000000
12.000000, 0.030000, 0.030000, 63534774.000000, 0.045700, 11.000000, 10000.000000
12.000000, 0.030000, 0.030000, 17357678.000000, 0.056500, 9.000000, 10000.000000
12.000000, 0.030000, 0.030000, 76050685.000000, 0.041200, 10.000000, 10000.000000
12.000000, 0.030000, 0.030000, 70351772.000000, 0.042400, 10.000000, 10000.000000
12.000000, 0.030000, 0.030000, 36098070.000000, 0.051500, 9.000000, 10000.000000
12.000000, 0.030000, 0.030000, 7724080.000000, 0.048100, 8.000000, 10000.000000
12.000000, 0.030000, 0.030000, 97099103.000000, 0.043200, 14.000000, 10000.000000
12.000000, 0.030000, 0.030000, 45123060.000000, 0.058200, 11.000000, 10000.000000
12.000000, 0.030000, 0.030000, 89418990.000000, 0.045300, 9.000000, 10000.000000
12.000000, 0.030000, 0.030000, 68113981.000000, 0.046700, 12.000000, 10000.000000
12.000000, 0.030000, 0.030000, 78059965.000000, 0.044400, 11.000000, 10000.000000
12.000000, 0.060000, 0.060000, 9835844.000000, 0.096900, 12.000000, 10000.000000
12.000000, 0.060000, 0.060000, 77621648.000000, 0.118300, 9.000000, 10000.000000
12.000000, 0.060000, 0.060000, 65802579.000000, 0.112000, 11.000000, 10000.000000
12.000000, 0.060000, 0.060000, 44448965.000000, 0.102700, 10.000000, 10000.000000
12.000000, 0.060000, 0.060000, 43868507.000000, 0.092900, 10.000000, 10000.000000
12.000000, 0.060000, 0.060000, 86001193.000000, 0.110900, 10.000000, 10000.000000
12.000000, 0.060000, 0.060000, 9508618.000000, 0.118700, 13.000000, 10000.000000
12.000000, 0.060000, 0.060000, 70039434.000000, 0.104600, 13.000000, 10000.000000
12.000000, 0.060000, 0.060000, 20945483.000000, 0.102500, 13.000000, 10000.000000
12.000000, 0.060000, 0.060000, 10323557.000000, 0.100700, 14.000000, 10000.000000
12.000000, 0.060000, 0.060000, 53121418.000000, 0.113200, 9.000000, 10000.000000
12.000000, 0.060000, 0.060000, 97586611.000000, 0.116800, 20.000000, 10000.000000
12.000000, 0.060000, 0.060000, 73839483.000000, 0.099700, 14.000000, 10000.000000
12.000000, 0.060000, 0.060000, 76352829.000000, 0.111400, 11.000000, 10000.000000
12.000000, 0.060000, 0.060000, 72030249.000000, 0.114400, 20.000000, 10000.000000
12.000000, 0.060000, 0.060000, 78820365.000000, 0.105100, 10.000000, 10000.000000
12.000000, 0.060000, 0.060000, 51809430.000000, 0.114100, 9.000000, 10000.000000
12.000000, 0.060000, 0.060000, 13683249.000000, 0.097600, 12.000000, 10000.000000
12.000000, 0.060000, 0.060000, 84135073.000000, 0.105200, 12.000000, 10000.000000
12.000000, 0.060000, 0.060000, 45588207.000000, 0.111700, 14.000000, 10000.000000
12.000000, 0.060000, 0.060000, 50534839.000000, 0.109300, 14.000000, 10000.000000
12.000000, 0.060000, 0.060000, 37709004.000000, 0.105800, 9.000000, 10000.000000
12.000000, 0.060000, 0.060000, 19072413.000000, 0.098400, 15.000000, 10000.000000
12.000000, 0.060000, 0.060000, 92749732.000000, 0.099300, 14.000000, 10000.000000
12.000000, 0.060000, 0.060000, 78375177.000000, 0.109800, 10.000000, 10000.000000
12.000000, 0.060000, 0.060000, 64742646.000000, 0.096800, 10.000000, 10000.000000
12.000000, 0.060000, 0.060000, 40839021.000000, 0.102800, 11.000000, 10000.000000
12.000000, 0.060000, 0.060000, 82453398.000000, 0.103900, 16.000000, 10000.000000
12.000000, 0.060000, 0.060000, 54997482.000000, 0.112500, 12.000000, 10000.000000
12.000000, 0.060000, 0.060000, 44898005.000000, 0.106600, 11.000000, 10000.000000
12.000000, 0.060000, 0.060000, 45595495.000000, 0.104100, 10.000000, 10000.000000
12.000000, 0.060000, 0.060000, 23496633.000000, 0.103400, 11.000000, 10000.000000
12.000000, 0.060000, 0.060000, 10121455.000000, 0.099600, 12.000000, 10000.000000
12.000000, 0.060000, 0.060000, 55903893.000000, 0.103000, 13.000000, 10000.000000
12.000000, 0.060000, 0.060000, 88901093.000000, 0.103000, 10.000000, 10000.000000
12.000000, 0.060000, 0.060000, 7317908.000000, 0.106500, 10.000000, 10000.000000
12.000000, 0.060000, 0.060000, 85970837.000000, 0.097800, 13.000000, 10000.000000
12.000000, 0.060000, 0.060000, 82935485.000000, 0.113100, 12.000000, 10000.000000
12.000000, 0.060000, 0.060000, 28399209.000000, 0.111400, 9.000000, 10000.000000
12.000000, 0.060000, 0.060000, 63534774.000000, 0.096500, 14.000000, 10000.000000
12.000000, 0.060000, 0.060000, 17357678.000000, 0.096500, 10.000000, 10000.000000
12.000000, 0.060000, 0.060000, 76050685.000000, 0.105800, 11.000000, 10000.000000
12.000000, 0.060000, 0.060000, 70351772.000000, 0.111200, 10.000000, 10000.000000
12.000000, 0.060000, 0.060000, 36098070.000000, 0.109400, 10.000000, 10000.000000
12.000000, 0.060000, 0.060000, 7724080.000000, 0.099100, 16.000000, 10000.000000
12.000000, 0.060000, 0.060000, 97099103.000000, 0.105200, 12.000000, 10000.000000
12.000000, 0.060000, 0.060000, 45123060.000000, 0.123800, 13.000000, 10000.000000
12.000000, 0.060000, 0.060000, 89418990.000000, 0.111000, 12.000000, 10000.000000
12.000000, 0.060000, 0.060000, 68113981.000000, 0.094300, 12.000000, 10000.000000
12.000000, 0.060000, 0.060000, 78059965.000000, 0.107300, 11.000000, 10000.000000
12.000000, 0.120000, 0.120000, 9835844.000000, 0.273300, 17.000000, 10000.000000
12.000000, 0.120000, 0.120000, 77621648.000000, 0.255400, 15.000000, 10000.000000
12.000000, 0.120000, 0.120000, 65802579.000000, 0.259100, 13.000000, 10000.000000
12.000000, 0.120000, 0.120000, 44448965.000000, 0.268900, 15.000000, 10000.000000
12.000000, 0.120000, 0.120000, 43868507.000000, 0.269600, 12.000000, 10000.000000
12.000000, 0.120000, 0.120000, 86001193.000000, 0.257800, 11.000000, 10000.000000
12.000000, 0.120000, 0.120000, 9508618.000000, 0.267900, 14.000000, 10000.000000
12.000000, 0.120000, 0.120000, 70039434.000000, 0.260000, 14.000000, 10000.000000
12.000000, 0.120000, 0.120000, 20945483.000000, 0.250000, 19.000000, 10000.000000
12.000000, 0.120000, 0.120000, 10323557.000000, 0.264200, 14.000000, 10000.000000
12.000000, 0.120000, 0.120000, 53121418.000000, 0.254200, 15.000000, 10000.000000
12.000000, 0.120000, 0.120000, 97586611.000000, 0.259800, 11.000000, 10000.000000
12.000000, 0.120000, 0.120000, 73839483.000000, 0.235300, 13.000000, 10000.000000
12.000000, 0.120000, 0.120000, 76352829.000000, 0.248900, 14.000000, 10000.000000
12.000000, 0.120000, 0.120000, 72030249.000000, 0.248000, 16.000000, 10000.000000
12.000000, 0.120000, 0.120000, 78820365.000000, 0.264900, 14.000000, 10000.000000
12.000000, 0.120000, 0.120000, 51809430.000000, 0.237500, 13.000000, 10000.000000
12.000000, 0.120000, 0.120000, 13683249.000000, 0.263600, 10.000000, 10000.000000
12.000000, 0.120000, 0.120000, 84135073.000000, 0.255300, 17.000000, 10000.000000
12.000000, 0.120000, 0.120000, 45588207.000000, 0.276500, 13.000000, 10000.000000
12.000000, 0.120000, 0.120000, 50534839.000000, 0.261200, 11.000000, 10000.000000
12.000000, 0.120000, 0.120000, 37709004.000000, 0.262900, 13.000000, 10000.000000
12.000000, 0.120000, 0.120000, 19072413.000000, 0.249000, 13.000000, 10000.000000
12.000000, 0.120000, 0.120000, 92749732.000000, 0.268800, 12.000000, 10000.000000
12.000000, 0.120000, 0.120000, 78375177.000000, 0.263300, 11.000000, 10000.000000
12.000000, 0.120000, 0.120000, 64742646.000000, 0.269800, 14.000000, 10000.000000
12.000000, 0.120000, 0.120000, 40839021.000000, 0.248500, 19.000000, 10000.000000
12.000000, 0.120000, 0.120000, 82453398.000000, 0.241500, 21.000000, 10000.000000
12.000000, 0.120000, 0.120000, 54997482.000000, 0.262900, 13.000000, 10000.000000
12.000000, 0.120000, 0.120000, 44898005.000000, 0.257200, 18.000000, 10000.000000
12.000000, 0.120000, 0.120000, 45595495.000000, 0.263800, 14.000000, 10000.000000
12.000000, 0.120000, 0.120000, 23496633.000000, 0.249900, 16.000000, 10000.000000
12.000000, 0.120000, 0.120000, 10121455.000000, 0.257900, 15.000000, 10000.000000
12.000000, 0.120000, 0.120000, 55903893.000000, 0.261300, 15.000000, 10000.000000
12.000000, 0.120000, 0.120000, 88901093.000000, 0.261000, 12.000000, 10000.000000
12.000000, 0.120000, 0.120000, 7317908.000000, 0.269300, 10.000000, 10000.000000
12.000000, 0.120000, 0.120000, 85970837.000000, 0.268800, 12.000000, 10000.000000
12.000000, 0.120000, 0.120000, 82935485.000000, 0.273000, 15.000000, 10000.000000
12.000000, 0.120000, 0.120000, 28399209.000000, 0.263600, 20.000000, 10000.000000
12.000000, 0.120000, 0.120000, 63534774.000000, 0.252100, 12.000000, 10000.000000
12.000000, 0.120000, 0.120000, 17357678.000000, 0.246100, 11.000000, 10000.000000
12.000000, 0.120000, 0.120000, 76050685.000000, 0.261000, 11.000000, 10000.000000
12.000000, 0.120000, 0.120000, 70351772.000000, 0.256000, 13.000000, 10000.000000
12.000000, 0.120000, 0.120000, 36098070.000000, 0.257900, 12.000000, 10000.000000
12.000000, 0.120000, 0.120000, 7724080.000000, 0.278800, 14.000000, 10000.000000
12.000000, 0.120000, 0.120000, 97099103.000000, 0.233400, 13.000000, 10000.000000
12.000000, 0.120000, 0.120000, 45123060.000000, 0.249800, 17.000000, 10000.000000
12.000000, 0.120000, 0.120000, 89418990.000000, 0.258600, 15.000000, 10000.000000
12.000000, 0.120000, 0.120000, 68113981.000000, 0.242900, 14.000000, 10000.000000
12.000000, 0.120000, 0.120000, 78059965.000000, 0.269900, 17.000000, 10000.000000
12.000000, 0.200000, 0.200000, 9835844.000000, 0.536800, 10.000000, 10000.000000
12.000000, 0.200000, 0.200000, 77621648.000000, 0.534900, 13.000000, 10000.000000
12.000000, 0.200000, 0.200000, 65802579.000000, 0.548400, 11.000000, 10000.000000
12.000000, 0.200000, 0.200000, 44448965.000000, 0.503000, 11.000000, 10000.000000
12.000000, 0.200000, 0.200000, 43868507.000000, 0.533200, 13.000000, 10000.000000
12.000000, 0.200000, 0.200000, 86001193.000000, 0.532000, 16.000000, 10000.000000
12.000000, 0.200000, 0.200000, 9508618.000000, 0.493700, 18.000000, 10000.000000
12.000000, 0.200000, 0.200000, 70039434.000000, 0.526100, 11.000000, 10000.000000
12.000000, 0.200000, 0.200000, 20945483.000000, 0.524400, 19.000000, 10000.000000
12.000000, 0.200000, 0.200000, 10323557.000000, 0.551400, 10.000000, 10000.000000
12.000000, 0.200000, 0.200000, 53121418.000000, 0.543700, 11.000000, 10000.000000
12.000000, 0.200000, 0.200000, 97586611.000000, 0.530300, 15.000000, 10000.000000
12.000000, 0.200000, 0.200000, 73839483.000000, 0.515900, 12.000000, 10000.000000
12.000000, 0.200000, 0.200000, 76352829.000000, 0.531100, 10.000000, 10000.000000
12.000000, 0.200000, 0.200000, 72030249.000000, 0.552300, 11.000000, 10000.000000
12.000000, 0.200000, 0.200000, 78820365.000000, 0.528100, 11.000000, 10000.000000
12.000000, 0.200000, 0.200000, 51809430.000000, 0.536500, 18.000000, 10000.000000
12.000000, 0.200000, 0.200000, 13683249.000000, 0.553400, 11.000000, 10000.000000
12.000000, 0.200000, 0.200000, 84135073.000000, 0.515900, 14.000000, 10000.000000
12.000000, 0.200000, 0.200000, 45588207.000000, 0.534600, 13.000000, 10000.000000
12.000000, 0.200000, 0.200000, 50534839.000000, 0.518000, 16.000000, 10000.000000
12.000000, 0.200000, 0.200000, 37709004.000000, 0.549600, 13.000000, 10000.000000
12.000000, 0.200000, 0.200000, 19072413.000000, 0.533800, 17.000000, 10000.000000
12.000000, 0.200000, 0.200000, 92749732.000000, 0.539900, 12.000000, 10000.000000
12.000000, 0.200000, 0.200000, 78375177.000000, 0.543900, 14.000000, 10000.000000
12.000000, 0.200000, 0.200000, 64742646.000000, 0.529400, 12.000000, 10000.000000
12.000000, 0.200000, 0.200000, 40839021.000000, 0.523100, 17.000000, 10000.000000
12.000000, 0.200000, 0.200000, 82453398.000000, 0.513800, 16.000000, 10000.000000
12.000000, 0.200000, 0.200000, 54997482.000000, 0.535600, 11.000000, 10000.000000
12.000000, 0.200000, 0.200000, 44898005.000000, 0.527500, 15.000000, 10000.000000
12.000000, 0.200000, 0.200000, 45595495.000000, 0.534000, 13.000000, 10000.000000
12.000000, 0.200000, 0.200000, 23496633.000000, 0.538100, 11.000000, 10000.000000
12.000000, 0.200000, 0.200000, 10121455.000000, 0.540100, 15.000000, 10000.000000
12.000000, 0.200000, 0.200000, 55903893.000000, 0.519000, 15.000000, 10000.000000
12.000000, 0.200000, 0.200000, 88901093.000000, 0.556800, 11.000000, 10000.000000
12.000000, 0.200000, 0.200000, 7317908.000000, 0.536400, 15.000000, 10000.000000
12.000000, 0.200000, 0.200000, 85970837.000000, 0.538000, 12.000000, 10000.000000
12.000000, 0.200000, 0.200000, 82935485.000000, 0.542400, 11.000000, 10000.000000
12.000000, 0.200000, 0.200000, 28399209.000000, 0.529800, 16.000000, 10000.000000
12.000000, 0.200000, 0.200000, 63534774.000000, 0.548600, 12.000000, 10000.000000
12.000000, 0.200000, 0.200000, 17357678.000000, 0.537500, 12.000000, 10000.000000
12.000000, 0.200000, 0.200000, 76050685.000000, 0.543200, 12.000000, 10000.000000
12.000000, 0.200000, 0.200000, 70351772.000000, 0.530000, 13.000000, 10000.000000
12.000000, 0.200000, 0.200000, 36098070.000000, 0.527900, 13.000000, 10000.000000
12.000000, 0.200000, 0.200000, 7724080.000000, 0.540100, 11.000000, 10000.000000
12.000000, 0.200000, 0.200000, 97099103.000000, 0.543100, 14.000000, 10000.000000
12.000000, 0.200000, 0.200000, 45123060.000000, 0.549400, 15.000000, 10000.000000
12.000000, 0.200000, 0.200000, 89418990.000000, 0.527700, 12.000000, 10000.000000
12.000000, 0.200000, 0.200000, 68113981.000000, 0.510800, 17.000000, 10000.000000
12.000000, 0.200000, 0.200000, 78059965.000000, 0.550200, 12.000000, 10000.000000
12.000000, 0.300000, 0.300000, 9835844.000000, 0.807000, 8.000000, 10000.000000
12.000000, 0.300000, 0.300000, 77621648.000000, 0.808900, 6.000000, 10000.000000
12.000000, 0.300000, 0.300000, 65802579.000000, 0.817800, 9.000000, 10000.000000
12.000000, 0.300000, 0.300000, 44448965.000000, 0.793100, 8.000000, 10000.000000
12.000000, 0.300000, 0.300000, 43868507.000000, 0.811900, 9.000000, 10000.000000
12.000000, 0.300000, 0.300000, 86001193.000000, 0.807100, 8.000000, 10000.000000
12.000000, 0.300000, 0.300000, 9508618.000000, 0.808200, 8.000000, 10000.000000
12.000000, 0.300000, 0.300000, 70039434.000000, 0.815900, 9.000000, 10000.000000
12.000000, 0.300000, 0.300000, 20945483.000000, 0.803600, 9.000000, 10000.000000
12.000000, 0.300000, 0.300000, 10323557.000000, 0.807100, 8.000000, 10000.000000
12.000000, 0.300000, 0.300000, 53121418.000000, 0.810300, 8.000000, 10000.000000
12.000000, 0.300000, 0.300000, 97586611.000000, 0.816700, 9.000000, 10000.000000
12.000000, 0.300000, 0.300000, 73839483.000000, 0.806900, 8.000000, 10000.000000
12.000000, 0.300000, 0.300000, 76352829.000000, 0.795400, 8.000000, 10000.000000
12.000000, 0.300000, 0.300000, 72030249.000000, 0.815400, 8.000000, 10000.000000
12.000000, 0.300000, 0.300000, 78820365.000000, 0.814400, 10.000000, 10000.000000
12.000000, 0.300000, 0.300000, 51809430.000000, 0.805500, 9.000000, 10000.000000
12.000000, 0.300000, 0.300000, 13683249.000000, 0.803400, 10.000000, 10000.000000
12.000000, 0.300000, 0.300000, 84135073.000000, 0.812500, 6.000000, 10000.000000
12.000000, 0.300000, 0.300000, 45588207.000000, 0.805300, 8.000000, 10000.000000
12.000000, 0.300000, 0.300000, 50534839.000000, 0.813300, 8.000000, 10000.000000
12.000000, 0.300000, 0.300000, 37709004.000000, 0.810900, 9.000000, 10000.000000
12.000000, 0.300000, 0.300000, 19072413.000000, 0.810100, 11.000000, 10000.000000
12.000000, 0.300000, 0.300000, 92749732.000000, 0.814700, 9.000000, 10000.000000
12.000000, 0.300000, 0.300000, 78375177.000000, 0.795200, 8.000000, 10000.000000
12.000000, 0.300000, 0.300000, 64742646.000000, 0.799000, 11.000000, 10000.000000
12.000000, 0.300000, 0.300000, 40839021.000000, 0.819200, 8.000000, 10000.000000
12.000000, 0.300000, 0.300000, 82453398.000000, 0.811000, 8.000000, 10000.000000
12.000000, 0.300000, 0.300000, 54997482.000000, 0.808900, 7.000000, 10000.000000
12.000000, 0.300000, 0.300000, 44898005.000000, 0.814600, 8.000000, 10000.000000
12.000000, 0.300000, 0.300000, 45595495.000000, 0.798300, 8.000000, 10000.000000
12.000000, 0.300000, 0.300000, 23496633.000000, 0.812500, 8.000000, 10000.000000
12.000000, 0.300000, 0.300000, 10121455.000000, 0.802900, 7.000000, 10000.000000
12.000000, 0.300000, 0.300000, 55903893.000000, 0.804300, 9.000000, 10000.000000
12.000000, 0.300000, 0.300000, 88901093.000000, 0.810500, 8.000000, 10000.000000
12.000000, 0.300000, 0.300000, 7317908.000000, 0.804200, 10.000000, 10000.000000
12.000000, 0.300000, 0.300000, 85970837.000000, 0.814600, 10.000000, 10000.000000
12.000000, 0.300000, 0.300000, 82935485.000000, 0.816200, 8.000000, 10000.000000
12.000000, 0.300000, 0.300000, 28399209.000000, 0.797300, 11.000000, 10000.000000
12.000000, 0.300000, 0.300000, 63534774.000000, 0.799900, 12.000000, 10000.000000
12.000000, 0.300000, 0.300000, 17357678.000000, 0.821500, 8.000000, 10000.000000
12.000000, 0.300000, 0.300000, 76050685.000000, 0.803300, 7.000000, 10000.000000
12.000000, 0.300000, 0.300000, 70351772.000000, 0.808700, 8.000000, 10000.000000
12.000000, 0.300000, 0.300000, 36098070.000000, 0.808700, 8.000000, 10000.000000
12.000000, 0.300000, 0.300000, 7724080.000000, 0.808800, 7.000000, 10000.000000
12.000000, 0.300000, 0.300000, 97099103.000000, 0.806000, 12.000000, 10000.000000
12.000000, 0.300000, 0.300000, 45123060.000000, 0.804700, 10.000000, 10000.000000
12.000000, 0.300000, 0.300000, 89418990.000000, 0.809200, 10.000000, 10000.000000
12.000000, 0.300000, 0.300000, 68113981.000000, 0.810500, 9.000000, 10000.000000
12.000000, 0.300000, 0.300000, 78059965.000000, 0.814700, 7.000000, 10000.000000
12.000000, 0.400000, 0.400000, 9835844.000000, 0.935700, 4.000000, 10000.000000
12.000000, 0.400000, 0.400000, 77621648.000000, 0.929600, 5.000000, 10000.000000
12.000000, 0.400000, 0.400000, 65802579.000000, 0.940800, 5.000000, 10000.000000
12.000000, 0.400000, 0.400000, 44448965.000000, 0.938400, 6.000000, 10000.000000
12.000000, 0.400000, 0.400000, 43868507.000000, 0.939600, 5.000000, 10000.000000
12.000000, 0.400000, 0.400000, 86001193.000000, 0.931800, 7.000000, 10000.000000
12.000000, 0.400000, 0.400000, 9508618.000000, 0.943100, 6.000000, 10000.000000
12.000000, 0.400000, 0.400000, 70039434.000000, 0.935700, 6.000000, 10000.000000
12.000000, 0.400000, 0.400000, 20945483.000000, 0.933100, 5.000000, 10000.000000
12.000000, 0.400000, 0.400000, 10323557.000000, 0.937900, 5.000000, 10000.000000
12.000000, 0.400000, 0.400000, 53121418.000000, 0.941900, 5.000000, 10000.000000
12.000000, 0.400000, 0.400000, 97586611.000000, 0.942400, 5.000000, 10000.000000
12.000000, 0.400000, 0.400000, 73839483.000000, 0.939900, 6.000000, 10000.000000
12.000000, 0.400000, 0.400000, 76352829.000000, 0.935300, 5.000000, 10000.000000
12.000000, 0.400000, 0.400000, 72030249.000000, 0.939900, 5.000000, 10000.000000
12.000000, 0.400000, 0.400000, 78820365.000000, 0.945200, 5.000000, 10000.000000
12.000000, 0.400000, 0.400000, 51809430.000000, 0.946400, 5.000000, 10000.000000
12.000000, 0.400000, 0.400000, 13683249.000000, 0.938200, 4.000000, 10000.000000
12.000000, 0.400000, 0.400000, 84135073.000000, 0.942200, 5.000000, 10000.000000
12.000000, 0.400000, 0.400000, 45588207.000000, 0.939300, 5.000000, 10000.000000
12.000000, 0.400000, 0.400000, 50534839.000000, 0.939800, 6.000000, 10000.000000
12.000000, 0.400000, 0.400000, 37709004.000000, 0.938900, 7.000000, 10000.000000
12.000000, 0.400000, 0.400000, 19072413.000000, 0.930900, 6.000000, 10000.000000
12.000000, 0.400000, 0.400000, 92749732.000000, 0.940400, 5.000000, 10000.000000
12.000000, 0.400000, 0.400000, 78375177.000000, 0.936500, 6.000000, 10000.000000
12.000000, 0.400000, 0.400000, 64742646.000000, 0.937700, 4.000000, 10000.000000
12.000000, 0.400000, 0.400000, 40839021.000000, 0.935000, 7.000000, 10000.000000
12.000000, 0.400000, 0.400000, 82453398.000000, 0.932900, 6.000000, 10000.000000
12.000000, 0.400000, 0.400000, 54997482.000000, 0.936300, 5.000000, 10000.000000
12.000000, 0.400000, 0.400000, 44898005.000000, 0.933700, 4.000000, 10000.000000
12.000000, 0.400000, 0.400000, 45595495.000000, 0.940900, 4.000000, 10000.000000
12.000000, 0.400000, 0.400000, 23496633.000000, 0.936400, 5.000000, 10000.000000
12.000000, 0.400000, 0.400000, 10121455.000000, 0.940400, 5.000000, 10000.000000
12.000000, 0.400000, 0.400000, 55903893.000000, 0.941900, 6.000000, 10000.000000
12.000000, 0.400000, 0.400000, 88901093.000000, 0.935500, 8.000000, 10000.000000
12.000000, 0.400000, 0.400000, 7317908.000000, 0.936700, 5.000000, 10000.000000
12.000000, 0.400000, 0.400000, 85970837.000000, 0.935400, 5.000000, 10000.000000
12.000000, 0.400000, 0.400000, 82935485.000000, 0.936200, 4.000000, 10000.000000
12.000000, 0.400000, 0.400000, 28399209.000000, 0.939300, 5.000000, 10000.000000
12.000000, 0.400000, 0.400000, 63534774.000000, 0.938100, 5.000000, 10000.000000
12.000000, 0.400000, 0.400000, 17357678.000000, 0.935700, 5.000000, 10000.000000
12.000000, 0.400000, 0.400000, 76050685.000000, 0.938500, 5.000000, 10000.000000
12.000000, 0.400000, 0.400000, 70351772.000000, 0.937100, 6.000000, 10000.000000
12.000000, 0.400000, 0.400000, 36098070.000000, 0.942900, 6.000000, 10000.000000
12.000000, 0.400000, 0.400000, 7724080.000000, 0.942500, 5.000000, 10000.000000
12.000000, 0.400000, 0.400000, 97099103.000000, 0.939600, 7.000000, 10000.000000
12.000000, 0.400000, 0.400000, 45123060.000000, 0.939500, 6.000000, 10000.000000
12.000000, 0.400000, 0.400000, 89418990.000000, 0.941400, 5.000000, 10000.000000
12.000000, 0.400000, 0.400000, 68113981.000000, 0.934100, 4.000000, 10000.000000
12.000000, 0.400000, 0.400000, 78059965.000000, 0.941700, 5.000000, 10000.000000
