W0, SFE_target, SFE_actual, seed, F_bound, n_iter, N_part
3.000000, 0.250000, 0.250000, 9835844.000000, 0.000000, 16.000000, 100000.000000
3.000000, 0.250000, 0.250000, 77621648.000000, 0.000000, 16.000000, 100000.000000
3.000000, 0.250000, 0.250000, 65802579.000000, 0.000000, 16.000000, 100000.000000
3.000000, 0.250000, 0.250000, 44448965.000000, 0.000000, 15.000000, 100000.000000
3.000000, 0.250000, 0.250000, 43868507.000000, 0.000000, 16.000000, 100000.000000
3.000000, 0.250000, 0.250000, 86001193.000000, 0.000000, 16.000000, 100000.000000
3.000000, 0.250000, 0.250000, 9508618.000000, 0.000000, 16.000000, 100000.000000
3.000000, 0.250000, 0.250000, 70039434.000000, 0.000000, 16.000000, 100000.000000
3.000000, 0.250000, 0.250000, 20945483.000000, 0.000000, 16.000000, 100000.000000
3.000000, 0.250000, 0.250000, 10323557.000000, 0.000000, 15.000000, 100000.000000
3.000000, 0.250000, 0.250000, 53121418.000000, 0.000000, 16.000000, 100000.000000
3.000000, 0.250000, 0.250000, 97586611.000000, 0.000000, 16.000000, 100000.000000
3.000000, 0.250000, 0.250000, 73839483.000000, 0.000000, 16.000000, 100000.000000
3.000000, 0.250000, 0.250000, 76352829.000000, 0.000000, 15.000000, 100000.000000
3.000000, 0.250000, 0.250000, 72030249.000000, 0.000000, 16.000000, 100000.000000
3.000000, 0.250000, 0.250000, 78820365.000000, 0.000000, 16.000000, 100000.000000
3.000000, 0.250000, 0.250000, 51809430.000000, 0.000000, 15.000000, 100000.000000
3.000000, 0.250000, 0.250000, 13683249.000000, 0.000000, 16.000000, 100000.000000
3.000000, 0.250000, 0.250000, 84135073.000000, 0.000000, 16.000000, 100000.000000
3.000000, 0.250000, 0.250000, 45588207.000000, 0.000000, 16.000000, 100000.000000
3.000000, 0.250000, 0.250000, 50534839.000000, 0.000000, 16.000000, 100000.000000
3.000000, 0.250000, 0.250000, 37709004.000000, 0.000000, 16.000000, 100000.000000
3.000000, 0.250000, 0.250000, 19072413.000000, 0.000000, 16.000000, 100000.000000
3.000000, 0.250000, 0.250000, 92749732.000000, 0.000000, 16.000000, 100000.000000
3.000000, 0.250000, 0.250000, 78375177.000000, 0.000000, 16.000000, 100000.000000
3.000000, 0.250000, 0.250000, 64742646.000000, 0.000000, 16.000000, 100000.000000
3.000000, 0.250000, 0.250000, 40839021.000000, 0.000000, 16.000000, 100000.000000
3.000000, 0.250000, 0.250000, 82453398.000000, 0.000000, 16.000000, 100000.000000
3.000000, 0.250000, 0.250000, 54997482.000000, 0.000000, 15.000000, 100000.000000
3.000000, 0.250000, 0.250000, 44898005.000000, 0.000000, 16.000000, 100000.000000
3.000000, 0.250000, 0.250000, 45595495.000000, 0.000000, 16.000000, 100000.000000
3.000000, 0.250000, 0.250000, 23496633.000000, 0.000000, 16.000000, 100000.000000
3.000000, 0.250000, 0.250000, 10121455.000000, 0.000000, 16.000000, 100000.000000
3.000000, 0.250000, 0.250000, 55903893.000000, 0.000000, 16.000000, 100000.000000
3.000000, 0.250000, 0.250000, 88901093.000000, 0.000000, 15.000000, 100000.000000
3.000000, 0.250000, 0.250000, 7317908.000000, 0.000000, 16.000000, 100000.000000
3.000000, 0.250000, 0.250000, 85970837.000000, 0.000000, 15.000000, 100000.000000
3.000000, 0.250000, 0.250000, 82935485.000000, 0.000000, 16.000000, 100000.000000
3.000000, 0.250000, 0.250000, 28399209.000000, 0.000000, 16.000000, 100000.000000
3.000000, 0.250000, 0.250000, 63534774.000000, 0.000000, 16.000000, 100000.000000
3.000000, 0.250000, 0.250000, 17357678.000000, 0.000000, 16.000000, 100000.000000
3.000000, 0.250000, 0.250000, 76050685.000000, 0.000000, 16.000000, 100000.000000
3.000000, 0.250000, 0.250000, 70351772.000000, 0.000000, 16.000000, 100000.000000
3.000000, 0.250000, 0.250000, 36098070.000000, 0.000000, 16.000000, 100000.000000
3.000000, 0.250000, 0.250000, 7724080.000000, 0.000000, 16.000000, 100000.000000
3.000000, 0.250000, 0.250000, 97099103.000000, 0.000000, 16.000000, 100000.000000
3.000000, 0.250000, 0.250000, 45123060.000000, 0.000000, 15.000000, 100000.000000
3.000000, 0.250000, 0.250000, 89418990.000000, 0.000000, 16.000000, 100000.000000
3.000000, 0.250000, 0.250000, 68113981.000000, 0.000000, 16.000000, 100000.000000
3.000000, 0.250000, 0.250000, 78059965.000000, 0.000000, 16.000000, 100000.000000
3.000000, 0.300000, 0.300000, 9835844.000000, 0.000000, 60.000000, 100000.000000
3.000000, 0.300000, 0.300000, 77621648.000000, 0.000000, 74.000000, 100000.000000
3.000000, 0.300000, 0.300000, 65802579.000000, 0.000000, 69.000000, 100000.000000
3.000000, 0.300000, 0.300000, 44448965.000000, 0.000000, 66.000000, 100000.000000
3.000000, 0.300000, 0.300000, 43868507.000000, 0.000000, 70.000000, 100000.000000
3.000000, 0.300000, 0.300000, 86001193.000000, 0.000000, 81.000000, 100000.000000
3.000000, 0.300000, 0.300000, 9508618.000000, 0.000000, 55.000000, 100000.000000
3.000000, 0.300000, 0.300000, 70039434.000000, 0.000000, 87.000000, 100000.000000
3.000000, 0.300000, 0.300000, 20945483.000000, 0.000000, 84.000000, 100000.000000
3.000000, 0.300000, 0.300000, 10323557.000000, 0.000000, 59.000000, 100000.000000
3.000000, 0.300000, 0.300000, 53121418.000000, 0.000000, 86.000000, 100000.000000
3.000000, 0.300000, 0.300000, 97586611.000000, 0.000000, 97.000000, 100000.000000
3.000000, 0.300000, 0.300000, 73839483.000000, 0.000000, 82.000000, 100000.000000
3.000000, 0.300000, 0.300000, 76352829.000000, 0.000000, 67.000000, 100000.000000
3.000000, 0.300000, 0.300000, 72030249.000000, 0.000000, 96.000000, 100000.000000
3.000000, 0.300000, 0.300000, 78820365.000000, 0.000000, 61.000000, 100000.000000
3.000000, 0.300000, 0.300000, 51809430.000000, 0.000000, 154.000000, 100000.000000
3.000000, 0.300000, 0.300000, 13683249.000000, 0.000000, 63.000000, 100000.000000
3.000000, 0.300000, 0.300000, 84135073.000000, 0.000000, 124.000000, 100000.000000
3.000000, 0.300000, 0.300000, 45588207.000000, 0.000000, 83.000000, 100000.000000
3.000000, 0.300000, 0.300000, 50534839.000000, 0.000000, 71.000000, 100000.000000
3.000000, 0.300000, 0.300000, 37709004.000000, 0.000000, 62.000000, 100000.000000
3.000000, 0.300000, 0.300000, 19072413.000000, 0.000000, 57.000000, 100000.000000
3.000000, 0.300000, 0.300000, 92749732.000000, 0.000000, 121.000000, 100000.000000
3.000000, 0.300000, 0.300000, 78375177.000000, 0.000000, 72.000000, 100000.000000
3.000000, 0.300000, 0.300000, 64742646.000000, 0.000000, 70.000000, 100000.000000
3.000000, 0.300000, 0.300000, 40839021.000000, 0.000000, 65.000000, 100000.000000
3.000000, 0.300000, 0.300000, 82453398.000000, 0.000000, 58.000000, 100000.000000
3.000000, 0.300000, 0.300000, 54997482.000000, 0.000000, 69.000000, 100000.000000
3.000000, 0.300000, 0.300000, 44898005.000000, 0.000000, 71.000000, 100000.000000
3.000000, 0.300000, 0.300000, 45595495.000000, 0.000000, 76.000000, 100000.000000
3.000000, 0.300000, 0.300000, 23496633.000000, 0.000000, 67.000000, 100000.000000
3.000000, 0.300000, 0.300000, 10121455.000000, 0.000000, 78.000000, 100000.000000
3.000000, 0.300000, 0.300000, 55903893.000000, 0.000000, 120.000000, 100000.000000
3.000000, 0.300000, 0.300000, 88901093.000000, 0.000000, 90.000000, 100000.000000
3.000000, 0.300000, 0.300000, 7317908.000000, 0.000000, 72.000000, 100000.000000
3.000000, 0.300000, 0.300000, 85970837.000000, 0.000000, 75.000000, 100000.000000
3.000000, 0.300000, 0.300000, 82935485.000000, 0.000000, 67.000000, 100000.000000
3.000000, 0.300000, 0.300000, 28399209.000000, 0.000000, 67.000000, 100000.000000
3.000000, 0.300000, 0.300000, 63534774.000000, 0.000000, 57.000000, 100000.000000
3.000000, 0.300000, 0.300000, 17357678.000000, 0.000000, 86.000000, 100000.000000
3.000000, 0.300000, 0.300000, 76050685.000000, 0.000000, 120.000000, 100000.000000
3.000000, 0.300000, 0.300000, 70351772.000000, 0.000000, 64.000000, 100000.000000
3.000000, 0.300000, 0.300000, 36098070.000000, 0.000000, 66.000000, 100000.000000
3.000000, 0.300000, 0.300000, 7724080.000000, 0.000000, 99.000000, 100000.000000
3.000000, 0.300000, 0.300000, 97099103.000000, 0.000000, 66.000000, 100000.000000
3.000000, 0.300000, 0.300000, 45123060.000000, 0.000000, 71.000000, 100000.000000
3.000000, 0.300000, 0.300000, 89418990.000000, 0.000000, 72.000000, 100000.000000
3.000000, 0.300000, 0.300000, 68113981.000000, 0.000000, 60.000000, 100000.000000
3.000000, 0.300000, 0.300000, 78059965.000000, 0.000000, 71.000000, 100000.000000
3.000000, 0.305000, 0.305000, 9835844.000000, 0.494910, 66.000000, 100000.000000
3.000000, 0.305000, 0.305000, 77621648.000000, 0.545460, 52.000000, 100000.000000
3.000000, 0.305000, 0.305000, 65802579.000000, 0.540560, 63.000000, 100000.000000
3.000000, 0.305000, 0.305000, 44448965.000000, 0.534620, 66.000000, 100000.000000
3.000000, 0.305000, 0.305000, 43868507.000000, 0.524410, 79.000000, 100000.000000
3.000000, 0.305000, 0.305000, 86001193.000000, 0.530070, 66.000000, 100000.000000
3.000000, 0.305000, 0.305000, 9508618.000000, 0.000000, 160.000000, 100000.000000
3.000000, 0.305000, 0.305000, 70039434.000000, 0.498730, 109.000000, 100000.000000
3.000000, 0.305000, 0.305000, 20945483.000000, 0.540590, 55.000000, 100000.000000
3.000000, 0.305000, 0.305000, 10323557.000000, 0.496470, 71.000000, 100000.000000
3.000000, 0.305000, 0.305000, 53121418.000000, 0.512520, 79.000000, 100000.000000
3.000000, 0.305000, 0.305000, 97586611.000000, 0.512550, 60.000000, 100000.000000
3.000000, 0.305000, 0.305000, 73839483.000000, 0.543250, 51.000000, 100000.000000
3.000000, 0.305000, 0.305000, 76352829.000000, 0.000000, 186.000000, 100000.000000
3.000000, 0.305000, 0.305000, 72030249.000000, 0.499220, 84.000000, 100000.000000
3.000000, 0.305000, 0.305000, 78820365.000000, 0.489370, 70.000000, 100000.000000
3.000000, 0.305000, 0.305000, 51809430.000000, 0.522150, 68.000000, 100000.000000
3.000000, 0.305000, 0.305000, 13683249.000000, 0.000000, 107.000000, 100000.000000
3.000000, 0.305000, 0.305000, 84135073.000000, 0.532040, 49.000000, 100000.000000
3.000000, 0.305000, 0.305000, 45588207.000000, 0.519560, 74.000000, 100000.000000
3.000000, 0.305000, 0.305000, 50534839.000000, 0.565060, 51.000000, 100000.000000
3.000000, 0.305000, 0.305000, 37709004.000000, 0.517420, 52.000000, 100000.000000
3.000000, 0.305000, 0.305000, 19072413.000000, 0.530820, 65.000000, 100000.000000
3.000000, 0.305000, 0.305000, 92749732.000000, 0.528970, 82.000000, 100000.000000
3.000000, 0.305000, 0.305000, 78375177.000000, 0.515640, 59.000000, 100000.000000
3.000000, 0.305000, 0.305000, 64742646.000000, 0.535180, 60.000000, 100000.000000
3.000000, 0.305000, 0.305000, 40839021.000000, 0.513250, 69.000000, 100000.000000
3.000000, 0.305000, 0.305000, 82453398.000000, 0.507830, 56.000000, 100000.000000
3.000000, 0.305000, 0.305000, 54997482.000000, 0.497210, 81.000000, 100000.000000
3.000000, 0.305000, 0.305000, 44898005.000000, 0.536470, 65.000000, 100000.000000
3.000000, 0.305000, 0.305000, 45595495.000000, 0.510800, 69.000000, 100000.000000
3.000000, 0.305000, 0.305000, 23496633.000000, 0.525100, 57.000000, 100000.000000
3.000000, 0.305000, 0.305000, 10121455.000000, 0.503600, 106.000000, 100000.000000
3.000000, 0.305000, 0.305000, 55903893.000000, 0.553560, 48.000000, 100000.000000
3.000000, 0.305000, 0.305000, 88901093.000000, 0.528800, 56.000000, 100000.000000
3.000000, 0.305000, 0.305000, 7317908.000000, 0.466240, 119.000000, 100000.000000
3.000000, 0.305000, 0.305000, 85970837.000000, 0.520080, 76.000000, 100000.000000
3.000000, 0.305000, 0.305000, 82935485.000000, 0.528960, 62.000000, 100000.000000
3.000000, 0.305000, 0.305000, 28399209.000000, 0.526700, 58.000000, 100000.000000
3.000000, 0.305000, 0.305000, 63534774.000000, 0.000000, 154.000000, 100000.000000
3.000000, 0.305000, 0.305000, 17357678.000000, 0.532480, 55.000000, 100000.000000
3.000000, 0.305000, 0.305000, 76050685.000000, 0.550020, 57.000000, 100000.000000
3.000000, 0.305000, 0.305000, 70351772.000000, 0.513110, 85.000000, 100000.000000
3.000000, 0.305000, 0.305000, 36098070.000000, 0.500420, 91.000000, 100000.000000
3.000000, 0.305000, 0.305000, 7724080.000000, 0.529770, 62.000000, 100000.000000
3.000000, 0.305000, 0.305000, 97099103.000000, 0.527570, 61.000000, 100000.000000
3.000000, 0.305000, 0.305000, 45123060.000000, 0.516820, 71.000000, 100000.000000
3.000000, 0.305000, 0.305000, 89418990.000000, 0.510220, 114.000000, 100000.000000
3.000000, 0.305000, 0.305000, 68113981.000000, 0.535990, 70.000000, 100000.000000
3.000000, 0.305000, 0.305000, 78059965.000000, 0.535360, 51.000000, 100000.000000
3.000000, 0.310000, 0.310000, 9835844.000000, 0.584770, 56.000000, 100000.000000
3.000000, 0.310000, 0.310000, 77621648.000000, 0.597720, 41.000000, 100000.000000
3.000000, 0.310000, 0.310000, 65802579.000000, 0.612960, 42.000000, 100000.000000
3.000000, 0.310000, 0.310000, 44448965.000000, 0.601340, 36.000000, 100000.000000
3.000000, 0.310000, 0.310000, 43868507.000000, 0.607490, 39.000000, 100000.000000
3.000000, 0.310000, 0.310000, 86001193.000000, 0.587290, 50.000000, 100000.000000
3.000000, 0.310000, 0.310000, 9508618.000000, 0.568450, 43.000000, 100000.000000
3.000000, 0.310000, 0.310000, 70039434.000000, 0.583790, 48.000000, 100000.000000
3.000000, 0.310000, 0.310000, 20945483.000000, 0.599660, 33.000000, 100000.000000
3.000000, 0.310000, 0.310000, 10323557.000000, 0.600570, 50.000000, 100000.000000
3.000000, 0.310000, 0.310000, 53121418.000000, 0.590720, 47.000000, 100000.000000
3.000000, 0.310000, 0.310000, 97586611.000000, 0.584190, 46.000000, 100000.000000
3.000000, 0.310000, 0.310000, 73839483.000000, 0.593320, 42.000000, 100000.000000
3.000000, 0.310000, 0.310000, 76352829.000000, 0.581320, 38.000000, 100000.000000
3.000000, 0.310000, 0.310000, 72030249.000000, 0.591390, 47.000000, 100000.000000
3.000000, 0.310000, 0.310000, 78820365.000000, 0.586450, 39.000000, 100000.000000
3.000000, 0.310000, 0.310000, 51809430.000000, 0.599310, 42.000000, 100000.000000
3.000000, 0.310000, 0.310000, 13683249.000000, 0.597150, 48.000000, 100000.000000
3.000000, 0.310000, 0.310000, 84135073.000000, 0.588070, 41.000000, 100000.000000
3.000000, 0.310000, 0.310000, 45588207.000000, 0.605250, 41.000000, 100000.000000
3.000000, 0.310000, 0.310000, 50534839.000000, 0.602220, 36.000000, 100000.000000
3.000000, 0.310000, 0.310000, 37709004.000000, 0.589540, 42.000000, 100000.000000
3.000000, 0.310000, 0.310000, 19072413.000000, 0.592060, 43.000000, 100000.000000
3.000000, 0.310000, 0.310000, 92749732.000000, 0.586240, 38.000000, 100000.000000
3.000000, 0.310000, 0.310000, 78375177.000000, 0.590170, 43.000000, 100000.000000
3.000000, 0.310000, 0.310000, 64742646.000000, 0.595100, 45.000000, 100000.000000
3.000000, 0.310000, 0.310000, 40839021.000000, 0.588530, 44.000000, 100000.000000
3.000000, 0.310000, 0.310000, 82453398.000000, 0.591910, 43.000000, 100000.000000
3.000000, 0.310000, 0.310000, 54997482.000000, 0.604110, 34.000000, 100000.000000
3.000000, 0.310000, 0.310000, 44898005.000000, 0.589050, 38.000000, 100000.000000
3.000000, 0.310000, 0.310000, 45595495.000000, 0.601590, 49.000000, 100000.000000
3.000000, 0.310000, 0.310000, 23496633.000000, 0.597670, 48.000000, 100000.000000
3.000000, 0.310000, 0.310000, 10121455.000000, 0.581140, 47.000000, 100000.000000
3.000000, 0.310000, 0.310000, 55903893.000000, 0.598200, 46.000000, 100000.000000
3.000000, 0.310000, 0.310000, 88901093.000000, 0.595510, 35.000000, 100000.000000
3.000000, 0.310000, 0.310000, 7317908.000000, 0.587070, 49.000000, 100000.000000
3.000000, 0.310000, 0.310000, 85970837.000000, 0.598350, 43.000000, 100000.000000
3.000000, 0.310000, 0.310000, 82935485.000000, 0.585790, 43.000000, 100000.000000
3.000000, 0.310000, 0.310000, 28399209.000000, 0.581790, 64.000000, 100000.000000
3.000000, 0.310000, 0.310000, 63534774.000000, 0.591770, 39.000000, 100000.000000
3.000000, 0.310000, 0.310000, 17357678.000000, 0.583630, 44.000000, 100000.000000
3.000000, 0.310000, 0.310000, 76050685.000000, 0.605960, 43.000000, 100000.000000
3.000000, 0.310000, 0.310000, 70351772.000000, 0.593720, 39.000000, 100000.000000
3.000000, 0.310000, 0.310000, 36098070.000000, 0.584280, 52.000000, 100000.000000
3.000000, 0.310000, 0.310000, 7724080.000000, 0.583780, 51.000000, 100000.000000
3.000000, 0.310000, 0.310000, 97099103.000000, 0.600950, 39.000000, 100000.000000
3.000000, 0.310000, 0.310000, 45123060.000000, 0.593840, 46.000000, 100000.000000
3.000000, 0.310000, 0.310000, 89418990.000000, 0.591560, 56.000000, 100000.000000
3.000000, 0.310000, 0.310000, 68113981.000000, 0.585560, 44.000000, 100000.000000
3.000000, 0.310000, 0.310000, 78059965.000000, 0.596590, 42.000000, 100000.000000
3.000000, 0.350000, 0.350000, 9835844.000000, 0.804410, 16.000000, 100000.000000
3.000000, 0.350000, 0.350000, 77621648.000000, 0.808870, 19.000000, 100000.000000
3.000000, 0.350000, 0.350000, 65802579.000000, 0.806370, 15.000000, 100000.000000
3.000000, 0.350000, 0.350000, 44448965.000000, 0.806300, 14.000000, 100000.000000
3.000000, 0.350000, 0.350000, 43868507.000000, 0.803170, 19.000000, 100000.000000
3.000000, 0.350000, 0.350000, 86001193.000000, 0.803390, 17.000000, 100000.000000
3.000000, 0.350000, 0.350000, 9508618.000000, 0.807840, 14.000000, 100000.000000
3.000000, 0.350000, 0.350000, 70039434.000000, 0.804920, 16.000000, 100000.000000
3.000000, 0.350000, 0.350000, 20945483.000000, 0.808630, 19.000000, 100000.000000
3.000000, 0.350000, 0.350000, 10323557.000000, 0.805140, 17.000000, 100000.000000
3.000000, 0.350000, 0.350000, 53121418.000000, 0.808400, 15.000000, 100000.000000
3.000000, 0.350000, 0.350000, 97586611.000000, 0.802850, 16.000000, 100000.000000
3.000000, 0.350000, 0.350000, 73839483.000000, 0.805080, 17.000000, 100000.000000
3.000000, 0.350000, 0.350000, 76352829.000000, 0.805260, 16.000000, 100000.000000
3.000000, 0.350000, 0.350000, 72030249.000000, 0.804970, 13.000000, 100000.000000
3.000000, 0.350000, 0.350000, 78820365.000000, 0.804000, 20.000000, 100000.000000
3.000000, 0.350000, 0.350000, 51809430.000000, 0.805590, 17.000000, 100000.000000
3.000000, 0.350000, 0.350000, 13683249.000000, 0.800220, 28.000000, 100000.000000
3.000000, 0.350000, 0.350000, 84135073.000000, 0.801650, 15.000000, 100000.000000
3.000000, 0.350000, 0.350000, 45588207.000000, 0.811590, 16.000000, 100000.000000
3.000000, 0.350000, 0.350000, 50534839.000000, 0.807900, 22.000000, 100000.000000
3.000000, 0.350000, 0.350000, 37709004.000000, 0.801420, 17.000000, 100000.000000
3.000000, 0.350000, 0.350000, 19072413.000000, 0.806720, 17.000000, 100000.000000
3.000000, 0.350000, 0.350000, 92749732.000000, 0.801550, 18.000000, 100000.000000
3.000000, 0.350000, 0.350000, 78375177.000000, 0.807540, 15.000000, 100000.000000
3.000000, 0.350000, 0.350000, 64742646.000000, 0.804910, 16.000000, 100000.000000
3.000000, 0.350000, 0.350000, 40839021.000000, 0.805740, 15.000000, 100000.000000
3.000000, 0.350000, 0.350000, 82453398.000000, 0.803340, 16.000000, 100000.000000
3.000000, 0.350000, 0.350000, 54997482.000000, 0.806550, 15.000000, 100000.000000
3.000000, 0.350000, 0.350000, 44898005.000000, 0.808600, 24.000000, 100000.000000
3.000000, 0.350000, 0.350000, 45595495.000000, 0.805780, 17.000000, 100000.000000
3.000000, 0.350000, 0.350000, 23496633.000000, 0.813400, 17.000000, 100000.000000
3.000000, 0.350000, 0.350000, 10121455.000000, 0.806600, 20.000000, 100000.000000
3.000000, 0.350000, 0.350000, 55903893.000000, 0.807390, 18.000000, 100000.000000
3.000000, 0.350000, 0.350000, 88901093.000000, 0.804560, 18.000000, 100000.000000
3.000000, 0.350000, 0.350000, 7317908.000000, 0.808730, 16.000000, 100000.000000
3.000000, 0.350000, 0.350000, 85970837.000000, 0.806890, 16.000000, 100000.000000
3.000000, 0.350000, 0.350000, 82935485.000000, 0.805070, 16.000000, 100000.000000
3.000000, 0.350000, 0.350000, 28399209.000000, 0.809020, 15.000000, 100000.000000
3.000000, 0.350000, 0.350000, 63534774.000000, 0.808090, 18.000000, 100000.000000
3.000000, 0.350000, 0.350000, 17357678.000000, 0.805210, 15.000000, 100000.000000
3.000000, 0.350000, 0.350000, 76050685.000000, 0.806100, 13.000000, 100000.000000
3.000000, 0.350000, 0.350000, 70351772.000000, 0.809070, 17.000000, 100000.000000
3.000000, 0.350000, 0.350000, 36098070.000000, 0.804180, 17.000000, 100000.000000
3.000000, 0.350000, 0.350000, 7724080.000000, 0.798410, 16.000000, 100000.000000
3.000000, 0.350000, 0.350000, 97099103.000000, 0.809710, 17.000000, 100000.000000
3.000000, 0.350000, 0.350000, 45123060.000000, 0.805500, 17.000000, 100000.000000
3.000000, 0.350000, 0.350000, 89418990.000000, 0.802780, 16.000000, 100000.000000
3.000000, 0.350000, 0.350000, 68113981.000000, 0.803850, 16.000000, 100000.000000
3.000000, 0.350000, 0.350000, 78059965.000000, 0.809100, 17.000000, 100000.000000
3.000000, 0.400000, 0.400000, 9835844.000000, 0.912690, 10.000000, 100000.000000
3.000000, 0.400000, 0.400000, 77621648.000000, 0.913150, 9.000000, 100000.000000
3.000000, 0.400000, 0.400000, 65802579.000000, 0.914500, 10.000000, 100000.000000
3.000000, 0.400000, 0.400000, 44448965.000000, 0.911680, 9.000000, 100000.000000
3.000000, 0.400000, 0.400000, 43868507.000000, 0.911710, 9.000000, 100000.000000
3.000000, 0.400000, 0.400000, 86001193.000000, 0.912040, 8.000000, 100000.000000
3.000000, 0.400000, 0.400000, 9508618.000000, 0.912500, 12.000000, 100000.000000
3.000000, 0.400000, 0.400000, 70039434.000000, 0.914400, 9.000000, 100000.000000
3.000000, 0.400000, 0.400000, 20945483.000000, 0.912940, 9.000000, 100000.000000
3.000000, 0.400000, 0.400000, 10323557.000000, 0.911770, 11.000000, 100000.000000
3.000000, 0.400000, 0.400000, 53121418.000000, 0.911170, 12.000000, 100000.000000
3.000000, 0.400000, 0.400000, 97586611.000000, 0.910220, 9.000000, 100000.000000
3.000000, 0.400000, 0.400000, 73839483.000000, 0.912480, 9.000000, 100000.000000
3.000000, 0.400000, 0.400000, 76352829.000000, 0.913660, 13.000000, 100000.000000
3.000000, 0.400000, 0.400000, 72030249.000000, 0.911530, 9.000000, 100000.000000
3.000000, 0.400000, 0.400000, 78820365.000000, 0.914860, 12.000000, 100000.000000
3.000000, 0.400000, 0.400000, 51809430.000000, 0.913950, 10.000000, 100000.000000
3.000000, 0.400000, 0.400000, 13683249.000000, 0.912250, 10.000000, 100000.000000
3.000000, 0.400000, 0.400000, 84135073.000000, 0.912000, 9.000000, 100000.000000
3.000000, 0.400000, 0.400000, 45588207.000000, 0.911480, 10.000000, 100000.000000
3.000000, 0.400000, 0.400000, 50534839.000000, 0.914850, 8.000000, 100000.000000
3.000000, 0.400000, 0.400000, 37709004.000000, 0.912860, 9.000000, 100000.000000
3.000000, 0.400000, 0.400000, 19072413.000000, 0.910090, 10.000000, 100000.000000
3.000000, 0.400000, 0.400000, 92749732.000000, 0.912230, 12.000000, 100000.000000
3.000000, 0.400000, 0.400000, 78375177.000000, 0.913790, 11.000000, 100000.000000
3.000000, 0.400000, 0.400000, 64742646.000000, 0.911900, 10.000000, 100000.000000
3.000000, 0.400000, 0.400000, 40839021.000000, 0.911490, 10.000000, 100000.000000
3.000000, 0.400000, 0.400000, 82453398.000000, 0.912120, 11.000000, 100000.000000
3.000000, 0.400000, 0.400000, 54997482.000000, 0.912950, 11.000000, 100000.000000
3.000000, 0.400000, 0.400000, 44898005.000000, 0.913960, 12.000000, 100000.000000
3.000000, 0.400000, 0.400000, 45595495.000000, 0.911240, 10.000000, 100000.000000
3.000000, 0.400000, 0.400000, 23496633.000000, 0.911560, 10.000000, 100000.000000
3.000000, 0.400000, 0.400000, 10121455.000000, 0.914420, 9.000000, 100000.000000
3.000000, 0.400000, 0.400000, 55903893.000000, 0.912250, 9.000000, 100000.000000
3.000000, 0.400000, 0.400000, 88901093.000000, 0.913920, 10.000000, 100000.000000
3.000000, 0.400000, 0.400000, 7317908.000000, 0.911520, 9.000000, 100000.000000
3.000000, 0.400000, 0.400000, 85970837.000000, 0.914000, 9.000000, 100000.000000
3.000000, 0.400000, 0.400000, 82935485.000000, 0.911060, 10.000000, 100000.000000
3.000000, 0.400000, 0.400000, 28399209.000000, 0.909420, 10.000000, 100000.000000
3.000000, 0.400000, 0.400000, 63534774.000000, 0.912700, 13.000000, 100000.000000
3.000000, 0.400000, 0.400000, 17357678.000000, 0.913340, 11.000000, 100000.000000
3.000000, 0.400000, 0.400000, 76050685.000000, 0.913240, 9.000000, 100000.000000
3.000000, 0.400000, 0.400000, 70351772.000000, 0.914960, 10.000000, 100000.000000
3.000000, 0.400000, 0.400000, 36098070.000000, 0.913180, 11.000000, 100000.000000
3.000000, 0.400000, 0.400000, 7724080.000000, 0.913160, 9.000000, 100000.000000
3.000000, 0.400000, 0.400000, 97099103.000000, 0.910740, 9.000000, 100000.000000
3.000000, 0.400000, 0.400000, 45123060.000000, 0.911470, 11.000000, 100000.000000
3.000000, 0.400000, 0.400000, 89418990.000000, 0.914260, 11.000000, 100000.000000
3.000000, 0.400000, 0.400000, 68113981.000000, 0.913010, 10.000000, 100000.000000
3.000000, 0.400000, 0.400000, 78059965.000000, 0.913780, 10.000000, 100000.000000
6.000000, 0.160000, 0.160000, 9835844.000000, 0.000000, 19.000000, 100000.000000
6.000000, 0.160000, 0.160000, 77621648.000000, 0.000000, 19.000000, 100000.000000
6.000000, 0.160000, 0.160000, 65802579.000000, 0.000000, 21.000000, 100000.000000
6.000000, 0.160000, 0.160000, 44448965.000000, 0.000000, 19.000000, 100000.000000
6.000000, 0.160000, 0.160000, 43868507.000000, 0.000000, 20.000000, 100000.000000
6.000000, 0.160000, 0.160000, 86001193.000000, 0.000000, 20.000000, 100000.000000
6.000000, 0.160000, 0.160000, 9508618.000000, 0.000000, 19.000000, 100000.000000
6.000000, 0.160000, 0.160000, 70039434.000000, 0.000000, 20.000000, 100000.000000
6.000000, 0.160000, 0.160000, 20945483.000000, 0.000000, 19.000000, 100000.000000
6.000000, 0.160000, 0.160000, 10323557.000000, 0.000000, 20.000000, 100000.000000
6.000000, 0.160000, 0.160000, 53121418.000000, 0.000000, 19.000000, 100000.000000
6.000000, 0.160000, 0.160000, 97586611.000000, 0.000000, 19.000000, 100000.000000
6.000000, 0.160000, 0.160000, 73839483.000000, 0.000000, 20.000000, 100000.000000
6.000000, 0.160000, 0.160000, 76352829.000000, 0.000000, 21.000000, 100000.000000
6.000000, 0.160000, 0.160000, 72030249.000000, 0.000000, 19.000000, 100000.000000
6.000000, 0.160000, 0.160000, 78820365.000000, 0.000000, 20.000000, 100000.000000
6.000000, 0.160000, 0.160000, 51809430.000000, 0.000000, 20.000000, 100000.000000
6.000000, 0.160000, 0.160000, 13683249.000000, 0.000000, 19.000000, 100000.000000
6.000000, 0.160000, 0.160000, 84135073.000000, 0.000000, 20.000000, 100000.000000
6.000000, 0.160000, 0.160000, 45588207.000000, 0.000000, 19.000000, 100000.000000
6.000000, 0.160000, 0.160000, 50534839.000000, 0.000000, 20.000000, 100000.000000
6.000000, 0.160000, 0.160000, 37709004.000000, 0.000000, 20.000000, 100000.000000
6.000000, 0.160000, 0.160000, 19072413.000000, 0.000000, 20.000000, 100000.000000
6.000000, 0.160000, 0.160000, 92749732.000000, 0.000000, 21.000000, 100000.000000
6.000000, 0.160000, 0.160000, 78375177.000000, 0.000000, 20.000000, 100000.000000
6.000000, 0.160000, 0.160000, 64742646.000000, 0.000000, 19.000000, 100000.000000
6.000000, 0.160000, 0.160000, 40839021.000000, 0.000000, 20.000000, 100000.000000
6.000000, 0.160000, 0.160000, 82453398.000000, 0.000000, 19.000000, 100000.000000
6.000000, 0.160000, 0.160000, 54997482.000000, 0.000000, 19.000000, 100000.000000
6.000000, 0.160000, 0.160000, 44898005.000000, 0.000000, 19.000000, 100000.000000
6.000000, 0.160000, 0.160000, 45595495.000000, 0.000000, 20.000000, 100000.000000
6.000000, 0.160000, 0.160000, 23496633.000000, 0.000000, 20.000000, 100000.000000
6.000000, 0.160000, 0.160000, 10121455.000000, 0.000000, 19.000000, 100000.000000
6.000000, 0.160000, 0.160000, 55903893.000000, 0.000000, 20.000000, 100000.000000
6.000000, 0.160000, 0.160000, 88901093.000000, 0.000000, 19.000000, 100000.000000
6.000000, 0.160000, 0.160000, 7317908.000000, 0.000000, 20.000000, 100000.000000
6.000000, 0.160000, 0.160000, 85970837.000000, 0.000000, 19.000000, 100000.000000
6.000000, 0.160000, 0.160000, 82935485.000000, 0.000000, 20.000000, 100000.000000
6.000000, 0.160000, 0.160000, 28399209.000000, 0.000000, 19.000000, 100000.000000
6.000000, 0.160000, 0.160000, 63534774.000000, 0.000000, 19.000000, 100000.000000
6.000000, 0.160000, 0.160000, 17357678.000000, 0.000000, 20.000000, 100000.000000
6.000000, 0.160000, 0.160000, 76050685.000000, 0.000000, 19.000000, 100000.000000
6.000000, 0.160000, 0.160000, 70351772.000000, 0.000000, 19.000000, 100000.000000
6.000000, 0.160000, 0.160000, 36098070.000000, 0.000000, 19.000000, 100000.000000
6.000000, 0.160000, 0.160000, 7724080.000000, 0.000000, 19.000000, 100000.000000
6.000000, 0.160000, 0.160000, 97099103.000000, 0.000000, 19.000000, 100000.000000
6.000000, 0.160000, 0.160000, 45123060.000000, 0.000000, 19.000000, 100000.000000
6.000000, 0.160000, 0.160000, 89418990.000000, 0.000000, 19.000000, 100000.000000
6.000000, 0.160000, 0.160000, 68113981.000000, 0.000000, 20.000000, 100000.000000
6.000000, 0.160000, 0.160000, 78059965.000000, 0.000000, 20.000000, 100000.000000
6.000000, 0.170000, 0.170000, 9835844.000000, 0.000000, 26.000000, 100000.000000
6.000000, 0.170000, 0.170000, 77621648.000000, 0.000000, 25.000000, 100000.000000
6.000000, 0.170000, 0.170000, 65802579.000000, 0.000000, 24.000000, 100000.000000
6.000000, 0.170000, 0.170000, 44448965.000000, 0.000000, 25.000000, 100000.000000
6.000000, 0.170000, 0.170000, 43868507.000000, 0.000000, 24.000000, 100000.000000
6.000000, 0.170000, 0.170000, 86001193.000000, 0.000000, 23.000000, 100000.000000
6.000000, 0.170000, 0.170000, 9508618.000000, 0.000000, 24.000000, 100000.000000
6.000000, 0.170000, 0.170000, 70039434.000000, 0.000000, 25.000000, 100000.000000
6.000000, 0.170000, 0.170000, 20945483.000000, 0.000000, 25.000000, 100000.000000
6.000000, 0.170000, 0.170000, 10323557.000000, 0.000000, 24.000000, 100000.000000
6.000000, 0.170000, 0.170000, 53121418.000000, 0.000000, 23.000000, 100000.000000
6.000000, 0.170000, 0.170000, 97586611.000000, 0.000000, 25.000000, 100000.000000
6.000000, 0.170000, 0.170000, 73839483.000000, 0.000000, 24.000000, 100000.000000
6.000000, 0.170000, 0.170000, 76352829.000000, 0.000000, 23.000000, 100000.000000
6.000000, 0.170000, 0.170000, 72030249.000000, 0.000000, 25.000000, 100000.000000
6.000000, 0.170000, 0.170000, 78820365.000000, 0.000000, 25.000000, 100000.000000
6.000000, 0.170000, 0.170000, 51809430.000000, 0.000000, 24.000000, 100000.000000
6.000000, 0.170000, 0.170000, 13683249.000000, 0.000000, 24.000000, 100000.000000
6.000000, 0.170000, 0.170000, 84135073.000000, 0.000000, 26.000000, 100000.000000
6.000000, 0.170000, 0.170000, 45588207.000000, 0.000000, 25.000000, 100000.000000
6.000000, 0.170000, 0.170000, 50534839.000000, 0.000000, 25.000000, 100000.000000
6.000000, 0.170000, 0.170000, 37709004.000000, 0.000000, 25.000000, 100000.000000
6.000000, 0.170000, 0.170000, 19072413.000000, 0.000000, 27.000000, 100000.000000
6.000000, 0.170000, 0.170000, 92749732.000000, 0.000000, 25.000000, 100000.000000
6.000000, 0.170000, 0.170000, 78375177.000000, 0.000000, 26.000000, 100000.000000
6.000000, 0.170000, 0.170000, 64742646.000000, 0.000000, 25.000000, 100000.000000
6.000000, 0.170000, 0.170000, 40839021.000000, 0.000000, 26.000000, 100000.000000
6.000000, 0.170000, 0.170000, 82453398.000000, 0.000000, 25.000000, 100000.000000
6.000000, 0.170000, 0.170000, 54997482.000000, 0.000000, 25.000000, 100000.000000
6.000000, 0.170000, 0.170000, 44898005.000000, 0.000000, 25.000000, 100000.000000
6.000000, 0.170000, 0.170000, 45595495.000000, 0.000000, 24.000000, 100000.000000
6.000000, 0.170000, 0.170000, 23496633.000000, 0.000000, 25.000000, 100000.000000
6.000000, 0.170000, 0.170000, 10121455.000000, 0.000000, 26.000000, 100000.000000
6.000000, 0.170000, 0.170000, 55903893.000000, 0.000000, 24.000000, 100000.000000
6.000000, 0.170000, 0.170000, 88901093.000000, 0.000000, 24.000000, 100000.000000
6.000000, 0.170000, 0.170000, 7317908.000000, 0.000000, 25.000000, 100000.000000
6.000000, 0.170000, 0.170000, 85970837.000000, 0.000000, 25.000000, 100000.000000
6.000000, 0.170000, 0.170000, 82935485.000000, 0.000000, 24.000000, 100000.000000
6.000000, 0.170000, 0.170000, 28399209.000000, 0.000000, 24.000000, 100000.000000
6.000000, 0.170000, 0.170000, 63534774.000000, 0.000000, 24.000000, 100000.000000
6.000000, 0.170000, 0.170000, 17357678.000000, 0.000000, 26.000000, 100000.000000
6.000000, 0.170000, 0.170000, 76050685.000000, 0.000000, 27.000000, 100000.000000
6.000000, 0.170000, 0.170000, 70351772.000000, 0.000000, 24.000000, 100000.000000
6.000000, 0.170000, 0.170000, 36098070.000000, 0.000000, 25.000000, 100000.000000
6.000000, 0.170000, 0.170000, 7724080.000000, 0.000000, 24.000000, 100000.000000
6.000000, 0.170000, 0.170000, 97099103.000000, 0.000000, 26.000000, 100000.000000
6.000000, 0.170000, 0.170000, 45123060.000000, 0.000000, 24.000000, 100000.000000
6.000000, 0.170000, 0.170000, 89418990.000000, 0.000000, 24.000000, 100000.000000
6.000000, 0.170000, 0.170000, 68113981.000000, 0.000000, 25.000000, 100000.000000
6.000000, 0.170000, 0.170000, 78059965.000000, 0.000000, 24.000000, 100000.000000
6.000000, 0.180000, 0.180000, 9835844.000000, 0.000000, 38.000000, 100000.000000
6.000000, 0.180000, 0.180000, 77621648.000000, 0.000000, 36.000000, 100000.000000
6.000000, 0.180000, 0.180000, 65802579.000000, 0.000000, 37.000000, 100000.000000
6.000000, 0.180000, 0.180000, 44448965.000000, 0.000000, 38.000000, 100000.000000
6.000000, 0.180000, 0.180000, 43868507.000000, 0.000000, 36.000000, 100000.000000
6.000000, 0.180000, 0.180000, 86001193.000000, 0.000000, 40.000000, 100000.000000
6.000000, 0.180000, 0.180000, 9508618.000000, 0.000000, 36.000000, 100000.000000
6.000000, 0.180000, 0.180000, 70039434.000000, 0.000000, 38.000000, 100000.000000
6.000000, 0.180000, 0.180000, 20945483.000000, 0.000000, 32.000000, 100000.000000
6.000000, 0.180000, 0.180000, 10323557.000000, 0.000000, 34.000000, 100000.000000
6.000000, 0.180000, 0.180000, 53121418.000000, 0.000000, 38.000000, 100000.000000
6.000000, 0.180000, 0.180000, 97586611.000000, 0.000000, 35.000000, 100000.000000
6.000000, 0.180000, 0.180000, 73839483.000000, 0.000000, 35.000000, 100000.000000
6.000000, 0.180000, 0.180000, 76352829.000000, 0.000000, 36.000000, 100000.000000
6.000000, 0.180000, 0.180000, 72030249.000000, 0.000000, 39.000000, 100000.000000
6.000000, 0.180000, 0.180000, 78820365.000000, 0.000000, 38.000000, 100000.000000
6.000000, 0.180000, 0.180000, 51809430.000000, 0.000000, 34.000000, 100000.000000
6.000000, 0.180000, 0.180000, 13683249.000000, 0.000000, 36.000000, 100000.000000
6.000000, 0.180000, 0.180000, 84135073.000000, 0.000000, 36.000000, 100000.000000
6.000000, 0.180000, 0.180000, 45588207.000000, 0.000000, 39.000000, 100000.000000
6.000000, 0.180000, 0.180000, 50534839.000000, 0.000000, 35.000000, 100000.000000
6.000000, 0.180000, 0.180000, 37709004.000000, 0.000000, 33.000000, 100000.000000
6.000000, 0.180000, 0.180000, 19072413.000000, 0.000000, 37.000000, 100000.000000
6.000000, 0.180000, 0.180000, 92749732.000000, 0.000000, 35.000000, 100000.000000
6.000000, 0.180000, 0.180000, 78375177.000000, 0.000000, 37.000000, 100000.000000
6.000000, 0.180000, 0.180000, 64742646.000000, 0.000000, 35.000000, 100000.000000
6.000000, 0.180000, 0.180000, 40839021.000000, 0.000000, 34.000000, 100000.000000
6.000000, 0.180000, 0.180000, 82453398.000000, 0.000000, 34.000000, 100000.000000
6.000000, 0.180000, 0.180000, 54997482.000000, 0.000000, 37.000000, 100000.000000
6.000000, 0.180000, 0.180000, 44898005.000000, 0.000000, 35.000000, 100000.000000
6.000000, 0.180000, 0.180000, 45595495.000000, 0.000000, 36.000000, 100000.000000
6.000000, 0.180000, 0.180000, 23496633.000000, 0.000000, 35.000000, 100000.000000
6.000000, 0.180000, 0.180000, 10121455.000000, 0.000000, 39.000000, 100000.000000
6.000000, 0.180000, 0.180000, 55903893.000000, 0.000000, 33.000000, 100000.000000
6.000000, 0.180000, 0.180000, 88901093.000000, 0.000000, 36.000000, 100000.000000
6.000000, 0.180000, 0.180000, 7317908.000000, 0.000000, 36.000000, 100000.000000
6.000000, 0.180000, 0.180000, 85970837.000000, 0.000000, 39.000000, 100000.000000
6.000000, 0.180000, 0.180000, 82935485.000000, 0.000000, 38.000000, 100000.000000
6.000000, 0.180000, 0.180000, 28399209.000000, 0.000000, 35.000000, 100000.000000
6.000000, 0.180000, 0.180000, 63534774.000000, 0.000000, 34.000000, 100000.000000
6.000000, 0.180000, 0.180000, 17357678.000000, 0.000000, 35.000000, 100000.000000
6.000000, 0.180000, 0.180000, 76050685.000000, 0.000000, 42.000000, 100000.000000
6.000000, 0.180000, 0.180000, 70351772.000000, 0.000000, 39.000000, 100000.000000
6.000000, 0.180000, 0.180000, 36098070.000000, 0.000000, 37.000000, 100000.000000
6.000000, 0.180000, 0.180000, 7724080.000000, 0.000000, 36.000000, 100000.000000
6.000000, 0.180000, 0.180000, 97099103.000000, 0.000000, 36.000000, 100000.000000
6.000000, 0.180000, 0.180000, 45123060.000000, 0.000000, 38.000000, 100000.000000
6.000000, 0.180000, 0.180000, 89418990.000000, 0.000000, 37.000000, 100000.000000
6.000000, 0.180000, 0.180000, 68113981.000000, 0.000000, 39.000000, 100000.000000
6.000000, 0.180000, 0.180000, 78059965.000000, 0.000000, 35.000000, 100000.000000
6.000000, 0.200000, 0.200000, 9835844.000000, 0.390880, 35.000000, 100000.000000
6.000000, 0.200000, 0.200000, 77621648.000000, 0.386800, 49.000000, 100000.000000
6.000000, 0.200000, 0.200000, 65802579.000000, 0.396580, 46.000000, 100000.000000
6.000000, 0.200000, 0.200000, 44448965.000000, 0.384830, 35.000000, 100000.000000
6.000000, 0.200000, 0.200000, 43868507.000000, 0.380590, 47.000000, 100000.000000
6.000000, 0.200000, 0.200000, 86001193.000000, 0.388290, 32.000000, 100000.000000
6.000000, 0.200000, 0.200000, 9508618.000000, 0.401230, 25.000000, 100000.000000
6.000000, 0.200000, 0.200000, 70039434.000000, 0.383740, 41.000000, 100000.000000
6.000000, 0.200000, 0.200000, 20945483.000000, 0.389060, 40.000000, 100000.000000
6.000000, 0.200000, 0.200000, 10323557.000000, 0.394200, 35.000000, 100000.000000
6.000000, 0.200000, 0.200000, 53121418.000000, 0.368810, 52.000000, 100000.000000
6.000000, 0.200000, 0.200000, 97586611.000000, 0.391970, 33.000000, 100000.000000
6.000000, 0.200000, 0.200000, 73839483.000000, 0.398030, 31.000000, 100000.000000
6.000000, 0.200000, 0.200000, 76352829.000000, 0.371960, 34.000000, 100000.000000
6.000000, 0.200000, 0.200000, 72030249.000000, 0.383310, 33.000000, 100000.000000
6.000000, 0.200000, 0.200000, 78820365.000000, 0.381030, 35.000000, 100000.000000
6.000000, 0.200000, 0.200000, 51809430.000000, 0.407990, 33.000000, 100000.000000
6.000000, 0.200000, 0.200000, 13683249.000000, 0.410830, 32.000000, 100000.000000
6.000000, 0.200000, 0.200000, 84135073.000000, 0.390700, 39.000000, 100000.000000
6.000000, 0.200000, 0.200000, 45588207.000000, 0.395670, 48.000000, 100000.000000
6.000000, 0.200000, 0.200000, 50534839.000000, 0.382590, 36.000000, 100000.000000
6.000000, 0.200000, 0.200000, 37709004.000000, 0.387600, 39.000000, 100000.000000
6.000000, 0.200000, 0.200000, 19072413.000000, 0.367740, 36.000000, 100000.000000
6.000000, 0.200000, 0.200000, 92749732.000000, 0.366320, 37.000000, 100000.000000
6.000000, 0.200000, 0.200000, 78375177.000000, 0.390170, 49.000000, 100000.000000
6.000000, 0.200000, 0.200000, 64742646.000000, 0.387090, 35.000000, 100000.000000
6.000000, 0.200000, 0.200000, 40839021.000000, 0.394160, 43.000000, 100000.000000
6.000000, 0.200000, 0.200000, 82453398.000000, 0.387260, 37.000000, 100000.000000
6.000000, 0.200000, 0.200000, 54997482.000000, 0.369630, 52.000000, 100000.000000
6.000000, 0.200000, 0.200000, 44898005.000000, 0.369380, 36.000000, 100000.000000
6.000000, 0.200000, 0.200000, 45595495.000000, 0.377550, 44.000000, 100000.000000
6.000000, 0.200000, 0.200000, 23496633.000000, 0.392710, 42.000000, 100000.000000
6.000000, 0.200000, 0.200000, 10121455.000000, 0.393490, 30.000000, 100000.000000
6.000000, 0.200000, 0.200000, 55903893.000000, 0.385830, 41.000000, 100000.000000
6.000000, 0.200000, 0.200000, 88901093.000000, 0.394690, 37.000000, 100000.000000
6.000000, 0.200000, 0.200000, 7317908.000000, 0.389730, 35.000000, 100000.000000
6.000000, 0.200000, 0.200000, 85970837.000000, 0.385370, 37.000000, 100000.000000
6.000000, 0.200000, 0.200000, 82935485.000000, 0.372890, 39.000000, 100000.000000
6.000000, 0.200000, 0.200000, 28399209.000000, 0.381190, 39.000000, 100000.000000
6.000000, 0.200000, 0.200000, 63534774.000000, 0.382780, 33.000000, 100000.000000
6.000000, 0.200000, 0.200000, 17357678.000000, 0.382470, 36.000000, 100000.000000
6.000000, 0.200000, 0.200000, 76050685.000000, 0.373820, 37.000000, 100000.000000
6.000000, 0.200000, 0.200000, 70351772.000000, 0.384980, 31.000000, 100000.000000
6.000000, 0.200000, 0.200000, 36098070.000000, 0.376290, 34.000000, 100000.000000
6.000000, 0.200000, 0.200000, 7724080.000000, 0.382860, 36.000000, 100000.000000
6.000000, 0.200000, 0.200000, 97099103.000000, 0.384700, 53.000000, 100000.000000
6.000000, 0.200000, 0.200000, 45123060.000000, 0.394580, 33.000000, 100000.000000
6.000000, 0.200000, 0.200000, 89418990.000000, 0.376730, 40.000000, 100000.000000
6.000000, 0.200000, 0.200000, 68113981.000000, 0.398460, 39.000000, 100000.000000
6.000000, 0.200000, 0.200000, 78059965.000000, 0.391310, 33.000000, 100000.000000
6.000000, 0.220000, 0.220000, 9835844.000000, 0.521920, 20.000000, 100000.000000
6.000000, 0.220000, 0.220000, 77621648.000000, 0.519080, 22.000000, 100000.000000
6.000000, 0.220000, 0.220000, 65802579.000000, 0.523470, 28.000000, 100000.000000
6.000000, 0.220000, 0.220000, 44448965.000000, 0.523120, 26.000000, 100000.000000
6.000000, 0.220000, 0.220000, 43868507.000000, 0.514490, 28.000000, 100000.000000
6.000000, 0.220000, 0.220000, 86001193.000000, 0.520480, 31.000000, 100000.000000
6.000000, 0.220000, 0.220000, 9508618.000000, 0.524120, 26.000000, 100000.000000
6.000000, 0.220000, 0.220000, 70039434.000000, 0.513980, 27.000000, 100000.000000
6.000000, 0.220000, 0.220000, 20945483.000000, 0.514290, 29.000000, 100000.000000
6.000000, 0.220000, 0.220000, 10323557.000000, 0.517740, 29.000000, 100000.000000
6.000000, 0.220000, 0.220000, 53121418.000000, 0.517350, 23.000000, 100000.000000
6.000000, 0.220000, 0.220000, 97586611.000000, 0.509470, 29.000000, 100000.000000
6.000000, 0.220000, 0.220000, 73839483.000000, 0.516360, 23.000000, 100000.000000
6.000000, 0.220000, 0.220000, 76352829.000000, 0.517920, 26.000000, 100000.000000
6.000000, 0.220000, 0.220000, 72030249.000000, 0.512300, 23.000000, 100000.000000
6.000000, 0.220000, 0.220000, 78820365.000000, 0.508920, 25.000000, 100000.000000
6.000000, 0.220000, 0.220000, 51809430.000000, 0.509430, 21.000000, 100000.000000
6.000000, 0.220000, 0.220000, 13683249.000000, 0.519410, 24.000000, 100000.000000
6.000000, 0.220000, 0.220000, 84135073.000000, 0.509010, 24.000000, 100000.000000
6.000000, 0.220000, 0.220000, 45588207.000000, 0.524210, 29.000000, 100000.000000
6.000000, 0.220000, 0.220000, 50534839.000000, 0.520240, 24.000000, 100000.000000
6.000000, 0.220000, 0.220000, 37709004.000000, 0.514860, 25.000000, 100000.000000
6.000000, 0.220000, 0.220000, 19072413.000000, 0.519600, 24.000000, 100000.000000
6.000000, 0.220000, 0.220000, 92749732.000000, 0.517630, 22.000000, 100000.000000
6.000000, 0.220000, 0.220000, 78375177.000000, 0.516400, 38.000000, 100000.000000
6.000000, 0.220000, 0.220000, 64742646.000000, 0.512790, 25.000000, 100000.000000
6.000000, 0.220000, 0.220000, 40839021.000000, 0.515830, 19.000000, 100000.000000
6.000000, 0.220000, 0.220000, 82453398.000000, 0.508200, 22.000000, 100000.000000
6.000000, 0.220000, 0.220000, 54997482.000000, 0.518350, 26.000000, 100000.000000
6.000000, 0.220000, 0.220000, 44898005.000000, 0.515940, 21.000000, 100000.000000
6.000000, 0.220000, 0.220000, 45595495.000000, 0.515950, 28.000000, 100000.000000
6.000000, 0.220000, 0.220000, 23496633.000000, 0.513330, 20.000000, 100000.000000
6.000000, 0.220000, 0.220000, 10121455.000000, 0.519550, 24.000000, 100000.000000
6.000000, 0.220000, 0.220000, 55903893.000000, 0.511550, 25.000000, 100000.000000
6.000000, 0.220000, 0.220000, 88901093.000000, 0.514950, 21.000000, 100000.000000
6.000000, 0.220000, 0.220000, 7317908.000000, 0.509300, 27.000000, 100000.000000
6.000000, 0.220000, 0.220000, 85970837.000000, 0.515740, 22.000000, 100000.000000
6.000000, 0.220000, 0.220000, 82935485.000000, 0.513450, 24.000000, 100000.000000
6.000000, 0.220000, 0.220000, 28399209.000000, 0.517250, 26.000000, 100000.000000
6.000000, 0.220000, 0.220000, 63534774.000000, 0.519680, 27.000000, 100000.000000
6.000000, 0.220000, 0.220000, 17357678.000000, 0.504370, 30.000000, 100000.000000
6.000000, 0.220000, 0.220000, 76050685.000000, 0.509960, 22.000000, 100000.000000
6.000000, 0.220000, 0.220000, 70351772.000000, 0.521450, 21.000000, 100000.000000
6.000000, 0.220000, 0.220000, 36098070.000000, 0.507190, 24.000000, 100000.000000
6.000000, 0.220000, 0.220000, 7724080.000000, 0.510240, 21.000000, 100000.000000
6.000000, 0.220000, 0.220000, 97099103.000000, 0.508210, 26.000000, 100000.000000
6.000000, 0.220000, 0.220000, 45123060.000000, 0.514430, 25.000000, 100000.000000
6.000000, 0.220000, 0.220000, 89418990.000000, 0.504720, 21.000000, 100000.000000
6.000000, 0.220000, 0.220000, 68113981.000000, 0.518600, 22.000000, 100000.000000
6.000000, 0.220000, 0.220000, 78059965.000000, 0.510970, 23.000000, 100000.000000
6.000000, 0.300000, 0.300000, 9835844.000000, 0.780310, 11.000000, 100000.000000
6.000000, 0.300000, 0.300000, 77621648.000000, 0.784560, 11.000000, 100000.000000
6.000000, 0.300000, 0.300000, 65802579.000000, 0.780220, 10.000000, 100000.000000
6.000000, 0.300000, 0.300000, 44448965.000000, 0.781120, 11.000000, 100000.000000
6.000000, 0.300000, 0.300000, 43868507.000000, 0.784150, 11.000000, 100000.000000
6.000000, 0.300000, 0.300000, 86001193.000000, 0.777990, 13.000000, 100000.000000
6.000000, 0.300000, 0.300000, 9508618.000000, 0.781850, 9.000000, 100000.000000
6.000000, 0.300000, 0.300000, 70039434.000000, 0.784210, 12.000000, 100000.000000
6.000000, 0.300000, 0.300000, 20945483.000000, 0.778400, 13.000000, 100000.000000
6.000000, 0.300000, 0.300000, 10323557.000000, 0.778340, 13.000000, 100000.000000
6.000000, 0.300000, 0.300000, 53121418.000000, 0.779870, 14.000000, 100000.000000
6.000000, 0.300000, 0.300000, 97586611.000000, 0.783500, 11.000000, 100000.000000
6.000000, 0.300000, 0.300000, 73839483.000000, 0.779340, 14.000000, 100000.000000
6.000000, 0.300000, 0.300000, 76352829.000000, 0.776620, 10.000000, 100000.000000
6.000000, 0.300000, 0.300000, 72030249.000000, 0.780390, 12.000000, 100000.000000
6.000000, 0.300000, 0.300000, 78820365.000000, 0.777900, 16.000000, 100000.000000
6.000000, 0.300000, 0.300000, 51809430.000000, 0.777890, 13.000000, 100000.000000
6.000000, 0.300000, 0.300000, 13683249.000000, 0.777250, 12.000000, 100000.000000
6.000000, 0.300000, 0.300000, 84135073.000000, 0.780710, 13.000000, 100000.000000
6.000000, 0.300000, 0.300000, 45588207.000000, 0.781260, 14.000000, 100000.000000
6.000000, 0.300000, 0.300000, 50534839.000000, 0.779600, 14.000000, 100000.000000
6.000000, 0.300000, 0.300000, 37709004.000000, 0.777380, 12.000000, 100000.000000
6.000000, 0.300000, 0.300000, 19072413.000000, 0.778230, 10.000000, 100000.000000
6.000000, 0.300000, 0.300000, 92749732.000000, 0.778110, 11.000000, 100000.000000
6.000000, 0.300000, 0.300000, 78375177.000000, 0.777930, 12.000000, 100000.000000
6.000000, 0.300000, 0.300000, 64742646.000000, 0.774050, 12.000000, 100000.000000
6.000000, 0.300000, 0.300000, 40839021.000000, 0.780470, 12.000000, 100000.000000
6.000000, 0.300000, 0.300000, 82453398.000000, 0.777560, 10.000000, 100000.000000
6.000000, 0.300000, 0.300000, 54997482.000000, 0.778890, 16.000000, 100000.000000
6.000000, 0.300000, 0.300000, 44898005.000000, 0.779210, 11.000000, 100000.000000
6.000000, 0.300000, 0.300000, 45595495.000000, 0.777650, 12.000000, 100000.000000
6.000000, 0.300000, 0.300000, 23496633.000000, 0.778630, 11.000000, 100000.000000
6.000000, 0.300000, 0.300000, 10121455.000000, 0.779600, 12.000000, 100000.000000
6.000000, 0.300000, 0.300000, 55903893.000000, 0.779900, 13.000000, 100000.000000
6.000000, 0.300000, 0.300000, 88901093.000000, 0.781610, 10.000000, 100000.000000
6.000000, 0.300000, 0.300000, 7317908.000000, 0.777050, 15.000000, 100000.000000
6.000000, 0.300000, 0.300000, 85970837.000000, 0.777720, 11.000000, 100000.000000
6.000000, 0.300000, 0.300000, 82935485.000000, 0.780540, 12.000000, 100000.000000
6.000000, 0.300000, 0.300000, 28399209.000000, 0.773460, 12.000000, 100000.000000
6.000000, 0.300000, 0.300000, 63534774.000000, 0.780710, 15.000000, 100000.000000
6.000000, 0.300000, 0.300000, 17357678.000000, 0.779780, 14.000000, 100000.000000
6.000000, 0.300000, 0.300000, 76050685.000000, 0.780520, 11.000000, 100000.000000
6.000000, 0.300000, 0.300000, 70351772.000000, 0.781700, 9.000000, 100000.000000
6.000000, 0.300000, 0.300000, 36098070.000000, 0.774580, 11.000000, 100000.000000
6.000000, 0.300000, 0.300000, 7724080.000000, 0.777880, 11.000000, 100000.000000
6.000000, 0.300000, 0.300000, 97099103.000000, 0.786610, 12.000000, 100000.000000
6.000000, 0.300000, 0.300000, 45123060.000000, 0.775420, 11.000000, 100000.000000
6.000000, 0.300000, 0.300000, 89418990.000000, 0.778460, 11.000000, 100000.000000
6.000000, 0.300000, 0.300000, 68113981.000000, 0.779160, 13.000000, 100000.000000
6.000000, 0.300000, 0.300000, 78059965.000000, 0.780560, 11.000000, 100000.000000
6.000000, 0.400000, 0.400000, 9835844.000000, 0.919850, 8.000000, 100000.000000
6.000000, 0.400000, 0.400000, 77621648.000000, 0.920290, 7.000000, 100000.000000
6.000000, 0.400000, 0.400000, 65802579.000000, 0.919860, 7.000000, 100000.000000
6.000000, 0.400000, 0.400000, 44448965.000000, 0.919860, 7.000000, 100000.000000
6.000000, 0.400000, 0.400000, 43868507.000000, 0.919450, 7.000000, 100000.000000
6.000000, 0.400000, 0.400000, 86001193.000000, 0.920190, 7.000000, 100000.000000
6.000000, 0.400000, 0.400000, 9508618.000000, 0.921540, 7.000000, 100000.000000
6.000000, 0.400000, 0.400000, 70039434.000000, 0.919360, 8.000000, 100000.000000
6.000000, 0.400000, 0.400000, 20945483.000000, 0.919800, 9.000000, 100000.000000
6.000000, 0.400000, 0.400000, 10323557.000000, 0.920950, 7.000000, 100000.000000
6.000000, 0.400000, 0.400000, 53121418.000000, 0.920030, 9.000000, 100000.000000
6.000000, 0.400000, 0.400000, 97586611.000000, 0.919970, 7.000000, 100000.000000
6.000000, 0.400000, 0.400000, 73839483.000000, 0.921150, 8.000000, 100000.000000
6.000000, 0.400000, 0.400000, 76352829.000000, 0.921290, 7.000000, 100000.000000
6.000000, 0.400000, 0.400000, 72030249.000000, 0.919430, 7.000000, 100000.000000
6.000000, 0.400000, 0.400000, 78820365.000000, 0.920730, 7.000000, 100000.000000
6.000000, 0.400000, 0.400000, 51809430.000000, 0.921500, 6.000000, 100000.000000
6.000000, 0.400000, 0.400000, 13683249.000000, 0.919950, 7.000000, 100000.000000
6.000000, 0.400000, 0.400000, 84135073.000000, 0.920240, 7.000000, 100000.000000
6.000000, 0.400000, 0.400000, 45588207.000000, 0.920020, 7.000000, 100000.000000
6.000000, 0.400000, 0.400000, 50534839.000000, 0.921250, 6.000000, 100000.000000
6.000000, 0.400000, 0.400000, 37709004.000000, 0.922960, 6.000000, 100000.000000
6.000000, 0.400000, 0.400000, 19072413.000000, 0.922310, 8.000000, 100000.000000
6.000000, 0.400000, 0.400000, 92749732.000000, 0.921230, 8.000000, 100000.000000
6.000000, 0.400000, 0.400000, 78375177.000000, 0.922010, 6.000000, 100000.000000
6.000000, 0.400000, 0.400000, 64742646.000000, 0.920660, 8.000000, 100000.000000
6.000000, 0.400000, 0.400000, 40839021.000000, 0.919770, 7.000000, 100000.000000
6.000000, 0.400000, 0.400000, 82453398.000000, 0.918760, 6.000000, 100000.000000
6.000000, 0.400000, 0.400000, 54997482.000000, 0.919450, 9.000000, 100000.000000
6.000000, 0.400000, 0.400000, 44898005.000000, 0.919550, 8.000000, 100000.000000
6.000000, 0.400000, 0.400000, 45595495.000000, 0.919840, 7.000000, 100000.000000
6.000000, 0.400000, 0.400000, 23496633.000000, 0.920150, 6.000000, 100000.000000
6.000000, 0.400000, 0.400000, 10121455.000000, 0.917730, 10.000000, 100000.000000
6.000000, 0.400000, 0.400000, 55903893.000000, 0.920170, 9.000000, 100000.000000
6.000000, 0.400000, 0.400000, 88901093.000000, 0.920480, 8.000000, 100000.000000
6.000000, 0.400000, 0.400000, 7317908.000000, 0.919820, 8.000000, 100000.000000
6.000000, 0.400000, 0.400000, 85970837.000000, 0.917690, 6.000000, 100000.000000
6.000000, 0.400000, 0.400000, 82935485.000000, 0.918920, 6.000000, 100000.000000
6.000000, 0.400000, 0.400000, 28399209.000000, 0.917480, 7.000000, 100000.000000
6.000000, 0.400000, 0.400000, 63534774.000000, 0.920690, 7.000000, 100000.000000
6.000000, 0.400000, 0.400000, 17357678.000000, 0.920240, 6.000000, 100000.000000
6.000000, 0.400000, 0.400000, 76050685.000000, 0.920280, 7.000000, 100000.000000
6.000000, 0.400000, 0.400000, 70351772.000000, 0.919090, 9.000000, 100000.000000
6.000000, 0.400000, 0.400000, 36098070.000000, 0.921090, 7.000000, 100000.000000
6.000000, 0.400000, 0.400000, 7724080.000000, 0.918210, 8.000000, 100000.000000
6.000000, 0.400000, 0.400000, 97099103.000000, 0.918730, 9.000000, 100000.000000
6.000000, 0.400000, 0.400000, 45123060.000000, 0.920310, 7.000000, 100000.000000
6.000000, 0.400000, 0.400000, 89418990.000000, 0.919700, 7.000000, 100000.000000
6.000000, 0.400000, 0.400000, 68113981.000000, 0.918670, 10.000000, 100000.000000
6.000000, 0.400000, 0.400000, 78059965.000000, 0.919430, 7.000000, 100000.000000
9.000000, 0.030000, 0.030000, 9835844.000000, 0.000000, 12.000000, 100000.000000
9.000000, 0.030000, 0.030000, 77621648.000000, 0.000000, 12.000000, 100000.000000
9.000000, 0.030000, 0.030000, 65802579.000000, 0.000000, 12.000000, 100000.000000
9.000000, 0.030000, 0.030000, 44448965.000000, 0.000000, 12.000000, 100000.000000
9.000000, 0.030000, 0.030000, 43868507.000000, 0.000000, 12.000000, 100000.000000
9.000000, 0.030000, 0.030000, 86001193.000000, 0.000000, 12.000000, 100000.000000
9.000000, 0.030000, 0.030000, 9508618.000000, 0.000000, 12.000000, 100000.000000
9.000000, 0.030000, 0.030000, 70039434.000000, 0.000000, 12.000000, 100000.000000
9.000000, 0.030000, 0.030000, 20945483.000000, 0.000000, 11.000000, 100000.000000
9.000000, 0.030000, 0.030000, 10323557.000000, 0.000000, 12.000000, 100000.000000
9.000000, 0.030000, 0.030000, 53121418.000000, 0.000000, 12.000000, 100000.000000
9.000000, 0.030000, 0.030000, 97586611.000000, 0.000000, 13.000000, 100000.000000
9.000000, 0.030000, 0.030000, 73839483.000000, 0.000000, 11.000000, 100000.000000
9.000000, 0.030000, 0.030000, 76352829.000000, 0.000000, 13.000000, 100000.000000
9.000000, 0.030000, 0.030000, 72030249.000000, 0.000000, 11.000000, 100000.000000
9.000000, 0.030000, 0.030000, 78820365.000000, 0.000000, 12.000000, 100000.000000
9.000000, 0.030000, 0.030000, 51809430.000000, 0.000000, 12.000000, 100000.000000
9.000000, 0.030000, 0.030000, 13683249.000000, 0.000000, 13.000000, 100000.000000
9.000000, 0.030000, 0.030000, 84135073.000000, 0.000000, 12.000000, 100000.000000
9.000000, 0.030000, 0.030000, 45588207.000000, 0.000000, 12.000000, 100000.000000
9.000000, 0.030000, 0.030000, 50534839.000000, 0.000000, 13.000000, 100000.000000
9.000000, 0.030000, 0.030000, 37709004.000000, 0.000000, 12.000000, 100000.000000
9.000000, 0.030000, 0.030000, 19072413.000000, 0.000000, 13.000000, 100000.000000
9.000000, 0.030000, 0.030000, 92749732.000000, 0.000000, 12.000000, 100000.000000
9.000000, 0.030000, 0.030000, 78375177.000000, 0.000000, 12.000000, 100000.000000
9.000000, 0.030000, 0.030000, 64742646.000000, 0.000000, 12.000000, 100000.000000
9.000000, 0.030000, 0.030000, 40839021.000000, 0.000000, 12.000000, 100000.000000
9.000000, 0.030000, 0.030000, 82453398.000000, 0.000000, 13.000000, 100000.000000
9.000000, 0.030000, 0.030000, 54997482.000000, 0.000000, 12.000000, 100000.000000
9.000000, 0.030000, 0.030000, 44898005.000000, 0.000000, 12.000000, 100000.000000
9.000000, 0.030000, 0.030000, 45595495.000000, 0.000000, 12.000000, 100000.000000
9.000000, 0.030000, 0.030000, 23496633.000000, 0.000000, 11.000000, 100000.000000
9.000000, 0.030000, 0.030000, 10121455.000000, 0.000000, 12.000000, 100000.000000
9.000000, 0.030000, 0.030000, 55903893.000000, 0.000000, 12.000000, 100000.000000
9.000000, 0.030000, 0.030000, 88901093.000000, 0.000000, 12.000000, 100000.000000
9.000000, 0.030000, 0.030000, 7317908.000000, 0.000000, 12.000000, 100000.000000
9.000000, 0.030000, 0.030000, 85970837.000000, 0.000000, 12.000000, 100000.000000
9.000000, 0.030000, 0.030000, 82935485.000000, 0.000000, 12.000000, 100000.000000
9.000000, 0.030000, 0.030000, 28399209.000000, 0.000000, 12.000000, 100000.000000
9.000000, 0.030000, 0.030000, 63534774.000000, 0.000000, 12.000000, 100000.000000
9.000000, 0.030000, 0.030000, 17357678.000000, 0.000000, 11.000000, 100000.000000
9.000000, 0.030000, 0.030000, 76050685.000000, 0.000000, 12.000000, 100000.000000
9.000000, 0.030000, 0.030000, 70351772.000000, 0.000000, 12.000000, 100000.000000
9.000000, 0.030000, 0.030000, 36098070.000000, 0.000000, 12.000000, 100000.000000
9.000000, 0.030000, 0.030000, 7724080.000000, 0.000000, 12.000000, 100000.000000
9.000000, 0.030000, 0.030000, 97099103.000000, 0.000000, 11.000000, 100000.000000
9.000000, 0.030000, 0.030000, 45123060.000000, 0.000000, 12.000000, 100000.000000
9.000000, 0.030000, 0.030000, 89418990.000000, 0.000000, 12.000000, 100000.000000
9.000000, 0.030000, 0.030000, 68113981.000000, 0.000000, 11.000000, 100000.000000
9.000000, 0.030000, 0.030000, 78059965.000000, 0.000000, 12.000000, 100000.000000
9.000000, 0.040000, 0.040000, 9835844.000000, 0.000000, 21.000000, 100000.000000
9.000000, 0.040000, 0.040000, 77621648.000000, 0.000000, 21.000000, 100000.000000
9.000000, 0.040000, 0.040000, 65802579.000000, 0.000000, 22.000000, 100000.000000
9.000000, 0.040000, 0.040000, 44448965.000000, 0.000000, 22.000000, 100000.000000
9.000000, 0.040000, 0.040000, 43868507.000000, 0.000000, 21.000000, 100000.000000
9.000000, 0.040000, 0.040000, 86001193.000000, 0.000000, 22.000000, 100000.000000
9.000000, 0.040000, 0.040000, 9508618.000000, 0.000000, 21.000000, 100000.000000
9.000000, 0.040000, 0.040000, 70039434.000000, 0.000000, 19.000000, 100000.000000
9.000000, 0.040000, 0.040000, 20945483.000000, 0.000000, 22.000000, 100000.000000
9.000000, 0.040000, 0.040000, 10323557.000000, 0.000000, 20.000000, 100000.000000
9.000000, 0.040000, 0.040000, 53121418.000000, 0.000000, 19.000000, 100000.000000
9.000000, 0.040000, 0.040000, 97586611.000000, 0.000000, 20.000000, 100000.000000
9.000000, 0.040000, 0.040000, 73839483.000000, 0.000000, 21.000000, 100000.000000
9.000000, 0.040000, 0.040000, 76352829.000000, 0.000000, 21.000000, 100000.000000
9.000000, 0.040000, 0.040000, 72030249.000000, 0.000000, 22.000000, 100000.000000
9.000000, 0.040000, 0.040000, 78820365.000000, 0.000000, 21.000000, 100000.000000
9.000000, 0.040000, 0.040000, 51809430.000000, 0.000000, 21.000000, 100000.000000
9.000000, 0.040000, 0.040000, 13683249.000000, 0.000000, 22.000000, 100000.000000
9.000000, 0.040000, 0.040000, 84135073.000000, 0.000000, 22.000000, 100000.000000
9.000000, 0.040000, 0.040000, 45588207.000000, 0.000000, 21.000000, 100000.000000
9.000000, 0.040000, 0.040000, 50534839.000000, 0.000000, 22.000000, 100000.000000
9.000000, 0.040000, 0.040000, 37709004.000000, 0.000000, 20.000000, 100000.000000
9.000000, 0.040000, 0.040000, 19072413.000000, 0.000000, 20.000000, 100000.000000
9.000000, 0.040000, 0.040000, 92749732.000000, 0.000000, 20.000000, 100000.000000
9.000000, 0.040000, 0.040000, 78375177.000000, 0.000000, 21.000000, 100000.000000
9.000000, 0.040000, 0.040000, 64742646.000000, 0.000000, 21.000000, 100000.000000
9.000000, 0.040000, 0.040000, 40839021.000000, 0.000000, 20.000000, 100000.000000
9.000000, 0.040000, 0.040000, 82453398.000000, 0.000000, 20.000000, 100000.000000
9.000000, 0.040000, 0.040000, 54997482.000000, 0.000000, 20.000000, 100000.000000
9.000000, 0.040000, 0.040000, 44898005.000000, 0.000000, 21.000000, 100000.000000
9.000000, 0.040000, 0.040000, 45595495.000000, 0.000000, 20.000000, 100000.000000
9.000000, 0.040000, 0.040000, 23496633.000000, 0.000000, 20.000000, 100000.000000
9.000000, 0.040000, 0.040000, 10121455.000000, 0.000000, 20.000000, 100000.000000
9.000000, 0.040000, 0.040000, 55903893.000000, 0.000000, 22.000000, 100000.000000
9.000000, 0.040000, 0.040000, 88901093.000000, 0.000000, 21.000000, 100000.000000
9.000000, 0.040000, 0.040000, 7317908.000000, 0.000000, 21.000000, 100000.000000
9.000000, 0.040000, 0.040000, 85970837.000000, 0.000000, 20.000000, 100000.000000
9.000000, 0.040000, 0.040000, 82935485.000000, 0.000000, 21.000000, 100000.000000
9.000000, 0.040000, 0.040000, 28399209.000000, 0.000000, 20.000000, 100000.000000
9.000000, 0.040000, 0.040000, 63534774.000000, 0.000000, 21.000000, 100000.000000
9.000000, 0.040000, 0.040000, 17357678.000000, 0.000000, 20.000000, 100000.000000
9.000000, 0.040000, 0.040000, 76050685.000000, 0.000000, 22.000000, 100000.000000
9.000000, 0.040000, 0.040000, 70351772.000000, 0.000000, 21.000000, 100000.000000
9.000000, 0.040000, 0.040000, 36098070.000000, 0.000000, 21.000000, 100000.000000
9.000000, 0.040000, 0.040000, 7724080.000000, 0.000000, 24.000000, 100000.000000
9.000000, 0.040000, 0.040000, 97099103.000000, 0.000000, 20.000000, 100000.000000
9.000000, 0.040000, 0.040000, 45123060.000000, 0.000000, 22.000000, 100000.000000
9.000000, 0.040000, 0.040000, 89418990.000000, 0.000000, 22.000000, 100000.000000
9.000000, 0.040000, 0.040000, 68113981.000000, 0.000000, 20.000000, 100000.000000
9.000000, 0.040000, 0.040000, 78059965.000000, 0.000000, 19.000000, 100000.000000
9.000000, 0.045000, 0.045000, 9835844.000000, 0.000000, 39.000000, 100000.000000
9.000000, 0.045000, 0.045000, 77621648.000000, 0.000000, 31.000000, 100000.000000
9.000000, 0.045000, 0.045000, 65802579.000000, 0.000000, 33.000000, 100000.000000
9.000000, 0.045000, 0.045000, 44448965.000000, 0.000000, 34.000000, 100000.000000
9.000000, 0.045000, 0.045000, 43868507.000000, 0.000000, 37.000000, 100000.000000
9.000000, 0.045000, 0.045000, 86001193.000000, 0.000000, 42.000000, 100000.000000
9.000000, 0.045000, 0.045000, 9508618.000000, 0.000000, 31.000000, 100000.000000
9.000000, 0.045000, 0.045000, 70039434.000000, 0.000000, 36.000000, 100000.000000
9.000000, 0.045000, 0.045000, 20945483.000000, 0.000000, 32.000000, 100000.000000
9.000000, 0.045000, 0.045000, 10323557.000000, 0.000000, 31.000000, 100000.000000
9.000000, 0.045000, 0.045000, 53121418.000000, 0.000000, 33.000000, 100000.000000
9.000000, 0.045000, 0.045000, 97586611.000000, 0.000000, 46.000000, 100000.000000
9.000000, 0.045000, 0.045000, 73839483.000000, 0.000000, 32.000000, 100000.000000
9.000000, 0.045000, 0.045000, 76352829.000000, 0.000000, 33.000000, 100000.000000
9.000000, 0.045000, 0.045000, 72030249.000000, 0.000000, 32.000000, 100000.000000
9.000000, 0.045000, 0.045000, 78820365.000000, 0.000000, 35.000000, 100000.000000
9.000000, 0.045000, 0.045000, 51809430.000000, 0.000000, 34.000000, 100000.000000
9.000000, 0.045000, 0.045000, 13683249.000000, 0.000000, 34.000000, 100000.000000
9.000000, 0.045000, 0.045000, 84135073.000000, 0.000000, 36.000000, 100000.000000
9.000000, 0.045000, 0.045000, 45588207.000000, 0.000000, 33.000000, 100000.000000
9.000000, 0.045000, 0.045000, 50534839.000000, 0.000000, 33.000000, 100000.000000
9.000000, 0.045000, 0.045000, 37709004.000000, 0.000000, 40.000000, 100000.000000
9.000000, 0.045000, 0.045000, 19072413.000000, 0.000000, 31.000000, 100000.000000
9.000000, 0.045000, 0.045000, 92749732.000000, 0.000000, 31.000000, 100000.000000
9.000000, 0.045000, 0.045000, 78375177.000000, 0.000000, 35.000000, 100000.000000
9.000000, 0.045000, 0.045000, 64742646.000000, 0.000000, 38.000000, 100000.000000
9.000000, 0.045000, 0.045000, 40839021.000000, 0.000000, 36.000000, 100000.000000
9.000000, 0.045000, 0.045000, 82453398.000000, 0.000000, 39.000000, 100000.000000
9.000000, 0.045000, 0.045000, 54997482.000000, 0.000000, 38.000000, 100000.000000
9.000000, 0.045000, 0.045000, 44898005.000000, 0.000000, 39.000000, 100000.000000
9.000000, 0.045000, 0.045000, 45595495.000000, 0.000000, 44.000000, 100000.000000
9.000000, 0.045000, 0.045000, 23496633.000000, 0.000000, 36.000000, 100000.000000
9.000000, 0.045000, 0.045000, 10121455.000000, 0.000000, 33.000000, 100000.000000
9.000000, 0.045000, 0.045000, 55903893.000000, 0.000000, 32.000000, 100000.000000
9.000000, 0.045000, 0.045000, 88901093.000000, 0.000000, 34.000000, 100000.000000
9.000000, 0.045000, 0.045000, 7317908.000000, 0.000000, 32.000000, 100000.000000
9.000000, 0.045000, 0.045000, 85970837.000000, 0.000000, 43.000000, 100000.000000
9.000000, 0.045000, 0.045000, 82935485.000000, 0.000000, 36.000000, 100000.000000
9.000000, 0.045000, 0.045000, 28399209.000000, 0.000000, 30.000000, 100000.000000
9.000000, 0.045000, 0.045000, 63534774.000000, 0.000000, 35.000000, 100000.000000
9.000000, 0.045000, 0.045000, 17357678.000000, 0.000000, 38.000000, 100000.000000
9.000000, 0.045000, 0.045000, 76050685.000000, 0.000000, 38.000000, 100000.000000
9.000000, 0.045000, 0.045000, 70351772.000000, 0.000000, 36.000000, 100000.000000
9.000000, 0.045000, 0.045000, 36098070.000000, 0.000000, 39.000000, 100000.000000
9.000000, 0.045000, 0.045000, 7724080.000000, 0.000000, 42.000000, 100000.000000
9.000000, 0.045000, 0.045000, 97099103.000000, 0.000000, 34.000000, 100000.000000
9.000000, 0.045000, 0.045000, 45123060.000000, 0.000000, 36.000000, 100000.000000
9.000000, 0.045000, 0.045000, 89418990.000000, 0.000000, 34.000000, 100000.000000
9.000000, 0.045000, 0.045000, 68113981.000000, 0.000000, 30.000000, 100000.000000
9.000000, 0.045000, 0.045000, 78059965.000000, 0.000000, 42.000000, 100000.000000
9.000000, 0.050000, 0.050000, 9835844.000000, 0.091360, 29.000000, 100000.000000
9.000000, 0.050000, 0.050000, 77621648.000000, 0.085510, 55.000000, 100000.000000
9.000000, 0.050000, 0.050000, 65802579.000000, 0.109500, 28.000000, 100000.000000
9.000000, 0.050000, 0.050000, 44448965.000000, 0.103330, 30.000000, 100000.000000
9.000000, 0.050000, 0.050000, 43868507.000000, 0.104760, 32.000000, 100000.000000
9.000000, 0.050000, 0.050000, 86001193.000000, 0.097610, 38.000000, 100000.000000
9.000000, 0.050000, 0.050000, 9508618.000000, 0.103880, 34.000000, 100000.000000
9.000000, 0.050000, 0.050000, 70039434.000000, 0.080220, 70.000000, 100000.000000
9.000000, 0.050000, 0.050000, 20945483.000000, 0.101010, 36.000000, 100000.000000
9.000000, 0.050000, 0.050000, 10323557.000000, 0.093300, 72.000000, 100000.000000
9.000000, 0.050000, 0.050000, 53121418.000000, 0.103470, 47.000000, 100000.000000
9.000000, 0.050000, 0.050000, 97586611.000000, 0.095770, 29.000000, 100000.000000
9.000000, 0.050000, 0.050000, 73839483.000000, 0.103400, 31.000000, 100000.000000
9.000000, 0.050000, 0.050000, 76352829.000000, 0.093260, 42.000000, 100000.000000
9.000000, 0.050000, 0.050000, 72030249.000000, 0.100620, 37.000000, 100000.000000
9.000000, 0.050000, 0.050000, 78820365.000000, 0.100310, 31.000000, 100000.000000
9.000000, 0.050000, 0.050000, 51809430.000000, 0.098800, 38.000000, 100000.000000
9.000000, 0.050000, 0.050000, 13683249.000000, 0.104420, 33.000000, 100000.000000
9.000000, 0.050000, 0.050000, 84135073.000000, 0.101120, 37.000000, 100000.000000
9.000000, 0.050000, 0.050000, 45588207.000000, 0.098240, 41.000000, 100000.000000
9.000000, 0.050000, 0.050000, 50534839.000000, 0.102340, 29.000000, 100000.000000
9.000000, 0.050000, 0.050000, 37709004.000000, 0.096170, 61.000000, 100000.000000
9.000000, 0.050000, 0.050000, 19072413.000000, 0.099660, 41.000000, 100000.000000
9.000000, 0.050000, 0.050000, 92749732.000000, 0.098070, 42.000000, 100000.000000
9.000000, 0.050000, 0.050000, 78375177.000000, 0.087130, 42.000000, 100000.000000
9.000000, 0.050000, 0.050000, 64742646.000000, 0.104330, 48.000000, 100000.000000
9.000000, 0.050000, 0.050000, 40839021.000000, 0.100660, 31.000000, 100000.000000
9.000000, 0.050000, 0.050000, 82453398.000000, 0.099380, 38.000000, 100000.000000
9.000000, 0.050000, 0.050000, 54997482.000000, 0.094420, 42.000000, 100000.000000
9.000000, 0.050000, 0.050000, 44898005.000000, 0.094350, 45.000000, 100000.000000
9.000000, 0.050000, 0.050000, 45595495.000000, 0.105460, 31.000000, 100000.000000
9.000000, 0.050000, 0.050000, 23496633.000000, 0.090000, 67.000000, 100000.000000
9.000000, 0.050000, 0.050000, 10121455.000000, 0.090310, 41.000000, 100000.000000
9.000000, 0.050000, 0.050000, 55903893.000000, 0.094770, 48.000000, 100000.000000
9.000000, 0.050000, 0.050000, 88901093.000000, 0.094950, 44.000000, 100000.000000
9.000000, 0.050000, 0.050000, 7317908.000000, 0.088880, 48.000000, 100000.000000
9.000000, 0.050000, 0.050000, 85970837.000000, 0.106310, 33.000000, 100000.000000
9.000000, 0.050000, 0.050000, 82935485.000000, 0.056710, 115.000000, 100000.000000
9.000000, 0.050000, 0.050000, 28399209.000000, 0.088870, 41.000000, 100000.000000
9.000000, 0.050000, 0.050000, 63534774.000000, 0.092910, 47.000000, 100000.000000
9.000000, 0.050000, 0.050000, 17357678.000000, 0.074440, 56.000000, 100000.000000
9.000000, 0.050000, 0.050000, 76050685.000000, 0.082290, 69.000000, 100000.000000
9.000000, 0.050000, 0.050000, 70351772.000000, 0.109660, 26.000000, 100000.000000
9.000000, 0.050000, 0.050000, 36098070.000000, 0.095010, 39.000000, 100000.000000
9.000000, 0.050000, 0.050000, 7724080.000000, 0.091160, 38.000000, 100000.000000
9.000000, 0.050000, 0.050000, 97099103.000000, 0.092020, 35.000000, 100000.000000
9.000000, 0.050000, 0.050000, 45123060.000000, 0.101680, 31.000000, 100000.000000
9.000000, 0.050000, 0.050000, 89418990.000000, 0.094220, 32.000000, 100000.000000
9.000000, 0.050000, 0.050000, 68113981.000000, 0.096160, 64.000000, 100000.000000
9.000000, 0.050000, 0.050000, 78059965.000000, 0.102670, 28.000000, 100000.000000
9.000000, 0.060000, 0.060000, 9835844.000000, 0.169560, 22.000000, 100000.000000
9.000000, 0.060000, 0.060000, 77621648.000000, 0.160430, 24.000000, 100000.000000
9.000000, 0.060000, 0.060000, 65802579.000000, 0.164390, 19.000000, 100000.000000
9.000000, 0.060000, 0.060000, 44448965.000000, 0.172340, 22.000000, 100000.000000
9.000000, 0.060000, 0.060000, 43868507.000000, 0.164790, 21.000000, 100000.000000
9.000000, 0.060000, 0.060000, 86001193.000000, 0.174780, 19.000000, 100000.000000
9.000000, 0.060000, 0.060000, 9508618.000000, 0.169030, 25.000000, 100000.000000
9.000000, 0.060000, 0.060000, 70039434.000000, 0.165660, 25.000000, 100000.000000
9.000000, 0.060000, 0.060000, 20945483.000000, 0.166010, 26.000000, 100000.000000
9.000000, 0.060000, 0.060000, 10323557.000000, 0.166560, 22.000000, 100000.000000
9.000000, 0.060000, 0.060000, 53121418.000000, 0.177530, 21.000000, 100000.000000
9.000000, 0.060000, 0.060000, 97586611.000000, 0.168510, 28.000000, 100000.000000
9.000000, 0.060000, 0.060000, 73839483.000000, 0.161220, 19.000000, 100000.000000
9.000000, 0.060000, 0.060000, 76352829.000000, 0.163800, 21.000000, 100000.000000
9.000000, 0.060000, 0.060000, 72030249.000000, 0.171010, 19.000000, 100000.000000
9.000000, 0.060000, 0.060000, 78820365.000000, 0.167520, 24.000000, 100000.000000
9.000000, 0.060000, 0.060000, 51809430.000000, 0.166160, 19.000000, 100000.000000
9.000000, 0.060000, 0.060000, 13683249.000000, 0.169270, 19.000000, 100000.000000
9.000000, 0.060000, 0.060000, 84135073.000000, 0.170000, 24.000000, 100000.000000
9.000000, 0.060000, 0.060000, 45588207.000000, 0.163020, 20.000000, 100000.000000
9.000000, 0.060000, 0.060000, 50534839.000000, 0.168350, 22.000000, 100000.000000
9.000000, 0.060000, 0.060000, 37709004.000000, 0.166960, 25.000000, 100000.000000
9.000000, 0.060000, 0.060000, 19072413.000000, 0.170380, 20.000000, 100000.000000
9.000000, 0.060000, 0.060000, 92749732.000000, 0.176320, 18.000000, 100000.000000
9.000000, 0.060000, 0.060000, 78375177.000000, 0.161710, 31.000000, 100000.000000
9.000000, 0.060000, 0.060000, 64742646.000000, 0.162690, 22.000000, 100000.000000
9.000000, 0.060000, 0.060000, 40839021.000000, 0.163420, 29.000000, 100000.000000
9.000000, 0.060000, 0.060000, 82453398.000000, 0.160200, 19.000000, 100000.000000
9.000000, 0.060000, 0.060000, 54997482.000000, 0.168180, 22.000000, 100000.000000
9.000000, 0.060000, 0.060000, 44898005.000000, 0.172750, 20.000000, 100000.000000
9.000000, 0.060000, 0.060000, 45595495.000000, 0.163460, 18.000000, 100000.000000
9.000000, 0.060000, 0.060000, 23496633.000000, 0.169060, 19.000000, 100000.000000
9.000000, 0.060000, 0.060000, 10121455.000000, 0.164330, 23.000000, 100000.000000
9.000000, 0.060000, 0.060000, 55903893.000000, 0.174330, 19.000000, 100000.000000
9.000000, 0.060000, 0.060000, 88901093.000000, 0.166050, 20.000000, 100000.000000
9.000000, 0.060000, 0.060000, 7317908.000000, 0.171310, 19.000000, 100000.000000
9.000000, 0.060000, 0.060000, 85970837.000000, 0.163810, 20.000000, 100000.000000
9.000000, 0.060000, 0.060000, 82935485.000000, 0.168140, 20.000000, 100000.000000
9.000000, 0.060000, 0.060000, 28399209.000000, 0.167060, 21.000000, 100000.000000
9.000000, 0.060000, 0.060000, 63534774.000000, 0.163490, 23.000000, 100000.000000
9.000000, 0.060000, 0.060000, 17357678.000000, 0.168660, 22.000000, 100000.000000
9.000000, 0.060000, 0.060000, 76050685.000000, 0.158710, 19.000000, 100000.000000
9.000000, 0.060000, 0.060000, 70351772.000000, 0.167960, 22.000000, 100000.000000
9.000000, 0.060000, 0.060000, 36098070.000000, 0.164140, 25.000000, 100000.000000
9.000000, 0.060000, 0.060000, 7724080.000000, 0.174130, 21.000000, 100000.000000
9.000000, 0.060000, 0.060000, 97099103.000000, 0.169680, 20.000000, 100000.000000
9.000000, 0.060000, 0.060000, 45123060.000000, 0.165410, 26.000000, 100000.000000
9.000000, 0.060000, 0.060000, 89418990.000000, 0.169090, 23.000000, 100000.000000
9.000000, 0.060000, 0.060000, 68113981.000000, 0.174030, 22.000000, 100000.000000
9.000000, 0.060000, 0.060000, 78059965.000000, 0.168730, 20.000000, 100000.000000
9.000000, 0.100000, 0.100000, 9835844.000000, 0.339430, 16.000000, 100000.000000
9.000000, 0.100000, 0.100000, 77621648.000000, 0.342760, 15.000000, 100000.000000
9.000000, 0.100000, 0.100000, 65802579.000000, 0.343630, 15.000000, 100000.000000
9.000000, 0.100000, 0.100000, 44448965.000000, 0.338690, 14.000000, 100000.000000
9.000000, 0.100000, 0.100000, 43868507.000000, 0.342150, 15.000000, 100000.000000
9.000000, 0.100000, 0.100000, 86001193.000000, 0.342680, 13.000000, 100000.000000
9.000000, 0.100000, 0.100000, 9508618.000000, 0.343380, 13.000000, 100000.000000
9.000000, 0.100000, 0.100000, 70039434.000000, 0.339730, 15.000000, 100000.000000
9.000000, 0.100000, 0.100000, 20945483.000000, 0.345920, 15.000000, 100000.000000
9.000000, 0.100000, 0.100000, 10323557.000000, 0.338140, 20.000000, 100000.000000
9.000000, 0.100000, 0.100000, 53121418.000000, 0.345900, 13.000000, 100000.000000
9.000000, 0.100000, 0.100000, 97586611.000000, 0.343060, 15.000000, 100000.000000
9.000000, 0.100000, 0.100000, 73839483.000000, 0.343040, 18.000000, 100000.000000
9.000000, 0.100000, 0.100000, 76352829.000000, 0.340740, 14.000000, 100000.000000
9.000000, 0.100000, 0.100000, 72030249.000000, 0.346540, 13.000000, 100000.000000
9.000000, 0.100000, 0.100000, 78820365.000000, 0.346560, 15.000000, 100000.000000
9.000000, 0.100000, 0.100000, 51809430.000000, 0.343590, 16.000000, 100000.000000
9.000000, 0.100000, 0.100000, 13683249.000000, 0.342710, 15.000000, 100000.000000
9.000000, 0.100000, 0.100000, 84135073.000000, 0.341220, 13.000000, 100000.000000
9.000000, 0.100000, 0.100000, 45588207.000000, 0.348140, 16.000000, 100000.000000
9.000000, 0.100000, 0.100000, 50534839.000000, 0.339150, 15.000000, 100000.000000
9.000000, 0.100000, 0.100000, 37709004.000000, 0.339870, 18.000000, 100000.000000
9.000000, 0.100000, 0.100000, 19072413.000000, 0.342580, 15.000000, 100000.000000
9.000000, 0.100000, 0.100000, 92749732.000000, 0.346730, 16.000000, 100000.000000
9.000000, 0.100000, 0.100000, 78375177.000000, 0.340270, 15.000000, 100000.000000
9.000000, 0.100000, 0.100000, 64742646.000000, 0.341640, 14.000000, 100000.000000
9.000000, 0.100000, 0.100000, 40839021.000000, 0.342010, 13.000000, 100000.000000
9.000000, 0.100000, 0.100000, 82453398.000000, 0.337290, 13.000000, 100000.000000
9.000000, 0.100000, 0.100000, 54997482.000000, 0.339080, 14.000000, 100000.000000
9.000000, 0.100000, 0.100000, 44898005.000000, 0.338100, 19.000000, 100000.000000
9.000000, 0.100000, 0.100000, 45595495.000000, 0.340410, 15.000000, 100000.000000
9.000000, 0.100000, 0.100000, 23496633.000000, 0.345750, 14.000000, 100000.000000
9.000000, 0.100000, 0.100000, 10121455.000000, 0.339470, 13.000000, 100000.000000
9.000000, 0.100000, 0.100000, 55903893.000000, 0.344360, 12.000000, 100000.000000
9.000000, 0.100000, 0.100000, 88901093.000000, 0.335900, 13.000000, 100000.000000
9.000000, 0.100000, 0.100000, 7317908.000000, 0.341440, 14.000000, 100000.000000
9.000000, 0.100000, 0.100000, 85970837.000000, 0.340200, 17.000000, 100000.000000
9.000000, 0.100000, 0.100000, 82935485.000000, 0.340400, 13.000000, 100000.000000
9.000000, 0.100000, 0.100000, 28399209.000000, 0.339290, 13.000000, 100000.000000
9.000000, 0.100000, 0.100000, 63534774.000000, 0.344860, 17.000000, 100000.000000
9.000000, 0.100000, 0.100000, 17357678.000000, 0.340970, 16.000000, 100000.000000
9.000000, 0.100000, 0.100000, 76050685.000000, 0.341990, 17.000000, 100000.000000
9.000000, 0.100000, 0.100000, 70351772.000000, 0.339160, 12.000000, 100000.000000
9.000000, 0.100000, 0.100000, 36098070.000000, 0.338830, 16.000000, 100000.000000
9.000000, 0.100000, 0.100000, 7724080.000000, 0.341960, 15.000000, 100000.000000
9.000000, 0.100000, 0.100000, 97099103.000000, 0.337430, 15.000000, 100000.000000
9.000000, 0.100000, 0.100000, 45123060.000000, 0.344630, 14.000000, 100000.000000
9.000000, 0.100000, 0.100000, 89418990.000000, 0.333980, 15.000000, 100000.000000
9.000000, 0.100000, 0.100000, 68113981.000000, 0.336800, 16.000000, 100000.000000
9.000000, 0.100000, 0.100000, 78059965.000000, 0.346340, 13.000000, 100000.000000
9.000000, 0.170000, 0.170000, 9835844.000000, 0.571980, 14.000000, 100000.000000
9.000000, 0.170000, 0.170000, 77621648.000000, 0.571090, 11.000000, 100000.000000
9.000000, 0.170000, 0.170000, 65802579.000000, 0.564530, 13.000000, 100000.000000
9.000000, 0.170000, 0.170000, 44448965.000000, 0.576760, 13.000000, 100000.000000
9.000000, 0.170000, 0.170000, 43868507.000000, 0.569530, 15.000000, 100000.000000
9.000000, 0.170000, 0.170000, 86001193.000000, 0.570340, 12.000000, 100000.000000
9.000000, 0.170000, 0.170000, 9508618.000000, 0.571440, 13.000000, 100000.000000
9.000000, 0.170000, 0.170000, 70039434.000000, 0.564000, 13.000000, 100000.000000
9.000000, 0.170000, 0.170000, 20945483.000000, 0.574680, 14.000000, 100000.000000
9.000000, 0.170000, 0.170000, 10323557.000000, 0.573070, 12.000000, 100000.000000
9.000000, 0.170000, 0.170000, 53121418.000000, 0.570480, 13.000000, 100000.000000
9.000000, 0.170000, 0.170000, 97586611.000000, 0.569810, 17.000000, 100000.000000
9.000000, 0.170000, 0.170000, 73839483.000000, 0.571310, 12.000000, 100000.000000
9.000000, 0.170000, 0.170000, 76352829.000000, 0.572570, 14.000000, 100000.000000
9.000000, 0.170000, 0.170000, 72030249.000000, 0.569920, 13.000000, 100000.000000
9.000000, 0.170000, 0.170000, 78820365.000000, 0.566380, 11.000000, 100000.000000
9.000000, 0.170000, 0.170000, 51809430.000000, 0.572310, 15.000000, 100000.000000
9.000000, 0.170000, 0.170000, 13683249.000000, 0.570760, 14.000000, 100000.000000
9.000000, 0.170000, 0.170000, 84135073.000000, 0.568330, 15.000000, 100000.000000
9.000000, 0.170000, 0.170000, 45588207.000000, 0.570420, 11.000000, 100000.000000
9.000000, 0.170000, 0.170000, 50534839.000000, 0.568820, 13.000000, 100000.000000
9.000000, 0.170000, 0.170000, 37709004.000000, 0.569080, 13.000000, 100000.000000
9.000000, 0.170000, 0.170000, 19072413.000000, 0.569780, 12.000000, 100000.000000
9.000000, 0.170000, 0.170000, 92749732.000000, 0.571420, 15.000000, 100000.000000
9.000000, 0.170000, 0.170000, 78375177.000000, 0.573440, 12.000000, 100000.000000
9.000000, 0.170000, 0.170000, 64742646.000000, 0.571530, 13.000000, 100000.000000
9.000000, 0.170000, 0.170000, 40839021.000000, 0.571560, 12.000000, 100000.000000
9.000000, 0.170000, 0.170000, 82453398.000000, 0.574800, 12.000000, 100000.000000
9.000000, 0.170000, 0.170000, 54997482.000000, 0.572580, 13.000000, 100000.000000
9.000000, 0.170000, 0.170000, 44898005.000000, 0.572810, 16.000000, 100000.000000
9.000000, 0.170000, 0.170000, 45595495.000000, 0.572780, 13.000000, 100000.000000
9.000000, 0.170000, 0.170000, 23496633.000000, 0.573230, 11.000000, 100000.000000
9.000000, 0.170000, 0.170000, 10121455.000000, 0.574980, 13.000000, 100000.000000
9.000000, 0.170000, 0.170000, 55903893.000000, 0.569160, 13.000000, 100000.000000
9.000000, 0.170000, 0.170000, 88901093.000000, 0.572700, 13.000000, 100000.000000
9.000000, 0.170000, 0.170000, 7317908.000000, 0.577150, 12.000000, 100000.000000
9.000000, 0.170000, 0.170000, 85970837.000000, 0.571540, 15.000000, 100000.000000
9.000000, 0.170000, 0.170000, 82935485.000000, 0.569490, 14.000000, 100000.000000
9.000000, 0.170000, 0.170000, 28399209.000000, 0.569590, 12.000000, 100000.000000
9.000000, 0.170000, 0.170000, 63534774.000000, 0.576040, 11.000000, 100000.000000
9.000000, 0.170000, 0.170000, 17357678.000000, 0.571660, 11.000000, 100000.000000
9.000000, 0.170000, 0.170000, 76050685.000000, 0.571540, 12.000000, 100000.000000
9.000000, 0.170000, 0.170000, 70351772.000000, 0.571880, 11.000000, 100000.000000
9.000000, 0.170000, 0.170000, 36098070.000000, 0.571300, 14.000000, 100000.000000
9.000000, 0.170000, 0.170000, 7724080.000000, 0.574570, 14.000000, 100000.000000
9.000000, 0.170000, 0.170000, 97099103.000000, 0.574060, 12.000000, 100000.000000
9.000000, 0.170000, 0.170000, 45123060.000000, 0.572630, 12.000000, 100000.000000
9.000000, 0.170000, 0.170000, 89418990.000000, 0.571170, 15.000000, 100000.000000
9.000000, 0.170000, 0.170000, 68113981.000000, 0.569870, 13.000000, 100000.000000
9.000000, 0.170000, 0.170000, 78059965.000000, 0.572880, 12.000000, 100000.000000
9.000000, 0.200000, 0.200000, 9835844.000000, 0.659760, 13.000000, 100000.000000
9.000000, 0.200000, 0.200000, 77621648.000000, 0.650490, 13.000000, 100000.000000
9.000000, 0.200000, 0.200000, 65802579.000000, 0.653810, 11.000000, 100000.000000
9.000000, 0.200000, 0.200000, 44448965.000000, 0.654540, 13.000000, 100000.000000
9.000000, 0.200000, 0.200000, 43868507.000000, 0.656390, 13.000000, 100000.000000
9.000000, 0.200000, 0.200000, 86001193.000000, 0.656940, 13.000000, 100000.000000
9.000000, 0.200000, 0.200000, 9508618.000000, 0.653720, 12.000000, 100000.000000
9.000000, 0.200000, 0.200000, 70039434.000000, 0.650840, 11.000000, 100000.000000
9.000000, 0.200000, 0.200000, 20945483.000000, 0.656020, 12.000000, 100000.000000
9.000000, 0.200000, 0.200000, 10323557.000000, 0.660190, 12.000000, 100000.000000
9.000000, 0.200000, 0.200000, 53121418.000000, 0.651870, 10.000000, 100000.000000
9.000000, 0.200000, 0.200000, 97586611.000000, 0.657330, 11.000000, 100000.000000
9.000000, 0.200000, 0.200000, 73839483.000000, 0.656930, 14.000000, 100000.000000
9.000000, 0.200000, 0.200000, 76352829.000000, 0.659150, 11.000000, 100000.000000
9.000000, 0.200000, 0.200000, 72030249.000000, 0.655910, 12.000000, 100000.000000
9.000000, 0.200000, 0.200000, 78820365.000000, 0.651610, 12.000000, 100000.000000
9.000000, 0.200000, 0.200000, 51809430.000000, 0.650610, 12.000000, 100000.000000
9.000000, 0.200000, 0.200000, 13683249.000000, 0.654470, 13.000000, 100000.000000
9.000000, 0.200000, 0.200000, 84135073.000000, 0.656460, 14.000000, 100000.000000
9.000000, 0.200000, 0.200000, 45588207.000000, 0.651720, 12.000000, 100000.000000
9.000000, 0.200000, 0.200000, 50534839.000000, 0.650980, 13.000000, 100000.000000
9.000000, 0.200000, 0.200000, 37709004.000000, 0.658100, 14.000000, 100000.000000
9.000000, 0.200000, 0.200000, 19072413.000000, 0.648570, 11.000000, 100000.000000
9.000000, 0.200000, 0.200000, 92749732.000000, 0.655000, 12.000000, 100000.000000
9.000000, 0.200000, 0.200000, 78375177.000000, 0.653510, 12.000000, 100000.000000
9.000000, 0.200000, 0.200000, 64742646.000000, 0.655650, 11.000000, 100000.000000
9.000000, 0.200000, 0.200000, 40839021.000000, 0.651400, 13.000000, 100000.000000
9.000000, 0.200000, 0.200000, 82453398.000000, 0.654930, 14.000000, 100000.000000
9.000000, 0.200000, 0.200000, 54997482.000000, 0.654700, 11.000000, 100000.000000
9.000000, 0.200000, 0.200000, 44898005.000000, 0.655130, 12.000000, 100000.000000
9.000000, 0.200000, 0.200000, 45595495.000000, 0.652930, 14.000000, 100000.000000
9.000000, 0.200000, 0.200000, 23496633.000000, 0.652920, 12.000000, 100000.000000
9.000000, 0.200000, 0.200000, 10121455.000000, 0.655460, 12.000000, 100000.000000
9.000000, 0.200000, 0.200000, 55903893.000000, 0.650930, 11.000000, 100000.000000
9.000000, 0.200000, 0.200000, 88901093.000000, 0.655080, 10.000000, 100000.000000
9.000000, 0.200000, 0.200000, 7317908.000000, 0.658910, 10.000000, 100000.000000
9.000000, 0.200000, 0.200000, 85970837.000000, 0.653690, 15.000000, 100000.000000
9.000000, 0.200000, 0.200000, 82935485.000000, 0.647790, 11.000000, 100000.000000
9.000000, 0.200000, 0.200000, 28399209.000000, 0.651310, 12.000000, 100000.000000
9.000000, 0.200000, 0.200000, 63534774.000000, 0.656930, 11.000000, 100000.000000
9.000000, 0.200000, 0.200000, 17357678.000000, 0.659510, 11.000000, 100000.000000
9.000000, 0.200000, 0.200000, 76050685.000000, 0.656350, 14.000000, 100000.000000
9.000000, 0.200000, 0.200000, 70351772.000000, 0.650950, 13.000000, 100000.000000
9.000000, 0.200000, 0.200000, 36098070.000000, 0.655120, 11.000000, 100000.000000
9.000000, 0.200000, 0.200000, 7724080.000000, 0.651780, 17.000000, 100000.000000
9.000000, 0.200000, 0.200000, 97099103.000000, 0.652590, 12.000000, 100000.000000
9.000000, 0.200000, 0.200000, 45123060.000000, 0.650610, 11.000000, 100000.000000
9.000000, 0.200000, 0.200000, 89418990.000000, 0.658100, 11.000000, 100000.000000
9.000000, 0.200000, 0.200000, 68113981.000000, 0.652290, 13.000000, 100000.000000
9.000000, 0.200000, 0.200000, 78059965.000000, 0.653850, 13.000000, 100000.000000
9.000000, 0.300000, 0.300000, 9835844.000000, 0.850880, 8.000000, 100000.000000
9.000000, 0.300000, 0.300000, 77621648.000000, 0.850190, 9.000000, 100000.000000
9.000000, 0.300000, 0.300000, 65802579.000000, 0.847930, 9.000000, 100000.000000
9.000000, 0.300000, 0.300000, 44448965.000000, 0.848300, 9.000000, 100000.000000
9.000000, 0.300000, 0.300000, 43868507.000000, 0.850290, 9.000000, 100000.000000
9.000000, 0.300000, 0.300000, 86001193.000000, 0.850340, 9.000000, 100000.000000
9.000000, 0.300000, 0.300000, 9508618.000000, 0.849040, 9.000000, 100000.000000
9.000000, 0.300000, 0.300000, 70039434.000000, 0.845720, 10.000000, 100000.000000
9.000000, 0.300000, 0.300000, 20945483.000000, 0.847440, 11.000000, 100000.000000
9.000000, 0.300000, 0.300000, 10323557.000000, 0.849620, 10.000000, 100000.000000
9.000000, 0.300000, 0.300000, 53121418.000000, 0.847860, 9.000000, 100000.000000
9.000000, 0.300000, 0.300000, 97586611.000000, 0.846400, 9.000000, 100000.000000
9.000000, 0.300000, 0.300000, 73839483.000000, 0.847690, 8.000000, 100000.000000
9.000000, 0.300000, 0.300000, 76352829.000000, 0.850590, 9.000000, 100000.000000
9.000000, 0.300000, 0.300000, 72030249.000000, 0.846290, 9.000000, 100000.000000
9.000000, 0.300000, 0.300000, 78820365.000000, 0.849590, 9.000000, 100000.000000
9.000000, 0.300000, 0.300000, 51809430.000000, 0.846720, 8.000000, 100000.000000
9.000000, 0.300000, 0.300000, 13683249.000000, 0.850210, 9.000000, 100000.000000
9.000000, 0.300000, 0.300000, 84135073.000000, 0.846440, 9.000000, 100000.000000
9.000000, 0.300000, 0.300000, 45588207.000000, 0.846600, 10.000000, 100000.000000
9.000000, 0.300000, 0.300000, 50534839.000000, 0.850430, 8.000000, 100000.000000
9.000000, 0.300000, 0.300000, 37709004.000000, 0.849280, 13.000000, 100000.000000
9.000000, 0.300000, 0.300000, 19072413.000000, 0.846620, 10.000000, 100000.000000
9.000000, 0.300000, 0.300000, 92749732.000000, 0.847740, 9.000000, 100000.000000
9.000000, 0.300000, 0.300000, 78375177.000000, 0.846670, 9.000000, 100000.000000
9.000000, 0.300000, 0.300000, 64742646.000000, 0.850350, 10.000000, 100000.000000
9.000000, 0.300000, 0.300000, 40839021.000000, 0.851420, 9.000000, 100000.000000
9.000000, 0.300000, 0.300000, 82453398.000000, 0.847890, 8.000000, 100000.000000
9.000000, 0.300000, 0.300000, 54997482.000000, 0.848800, 8.000000, 100000.000000
9.000000, 0.300000, 0.300000, 44898005.000000, 0.849130, 9.000000, 100000.000000
9.000000, 0.300000, 0.300000, 45595495.000000, 0.851780, 9.000000, 100000.000000
9.000000, 0.300000, 0.300000, 23496633.000000, 0.849580, 10.000000, 100000.000000
9.000000, 0.300000, 0.300000, 10121455.000000, 0.850440, 9.000000, 100000.000000
9.000000, 0.300000, 0.300000, 55903893.000000, 0.848560, 10.000000, 100000.000000
9.000000, 0.300000, 0.300000, 88901093.000000, 0.847580, 11.000000, 100000.000000
9.000000, 0.300000, 0.300000, 7317908.000000, 0.849950, 8.000000, 100000.000000
9.000000, 0.300000, 0.300000, 85970837.000000, 0.847480, 9.000000, 100000.000000
9.000000, 0.300000, 0.300000, 82935485.000000, 0.852480, 8.000000, 100000.000000
9.000000, 0.300000, 0.300000, 28399209.000000, 0.849410, 7.000000, 100000.000000
9.000000, 0.300000, 0.300000, 63534774.000000, 0.850190, 8.000000, 100000.000000
9.000000, 0.300000, 0.300000, 17357678.000000, 0.847610, 8.000000, 100000.000000
9.000000, 0.300000, 0.300000, 76050685.000000, 0.847550, 9.000000, 100000.000000
9.000000, 0.300000, 0.300000, 70351772.000000, 0.845420, 10.000000, 100000.000000
9.000000, 0.300000, 0.300000, 36098070.000000, 0.848170, 12.000000, 100000.000000
9.000000, 0.300000, 0.300000, 7724080.000000, 0.845530, 8.000000, 100000.000000
9.000000, 0.300000, 0.300000, 97099103.000000, 0.849610, 10.000000, 100000.000000
9.000000, 0.300000, 0.300000, 45123060.000000, 0.848070, 8.000000, 100000.000000
9.000000, 0.300000, 0.300000, 89418990.000000, 0.846350, 10.000000, 100000.000000
9.000000, 0.300000, 0.300000, 68113981.000000, 0.849340, 10.000000, 100000.000000
9.000000, 0.300000, 0.300000, 78059965.000000, 0.847810, 10.000000, 100000.000000
12.000000, 0.010000, 0.010000, 9835844.000000, 0.000000, 12.000000, 100000.000000
12.000000, 0.010000, 0.010000, 77621648.000000, 0.000000, 10.000000, 100000.000000
12.000000, 0.010000, 0.010000, 65802579.000000, 0.000000, 9.000000, 100000.000000
12.000000, 0.010000, 0.010000, 44448965.000000, 0.000000, 10.000000, 100000.000000
12.000000, 0.010000, 0.010000, 43868507.000000, 0.000000, 11.000000, 100000.000000
12.000000, 0.010000, 0.010000, 86001193.000000, 0.000000, 10.000000, 100000.000000
12.000000, 0.010000, 0.010000, 9508618.000000, 0.000000, 9.000000, 100000.000000
12.000000, 0.010000, 0.010000, 70039434.000000, 0.000000, 10.000000, 100000.000000
12.000000, 0.010000, 0.010000, 20945483.000000, 0.000000, 10.000000, 100000.000000
12.000000, 0.010000, 0.010000, 10323557.000000, 0.000000, 11.000000, 100000.000000
12.000000, 0.010000, 0.010000, 53121418.000000, 0.000000, 10.000000, 100000.000000
12.000000, 0.010000, 0.010000, 97586611.000000, 0.000000, 11.000000, 100000.000000
12.000000, 0.010000, 0.010000, 73839483.000000, 0.000000, 11.000000, 100000.000000
12.000000, 0.010000, 0.010000, 76352829.000000, 0.000000, 11.000000, 100000.000000
12.000000, 0.010000, 0.010000, 72030249.000000, 0.000000, 9.000000, 100000.000000
12.000000, 0.010000, 0.010000, 78820365.000000, 0.000000, 10.000000, 100000.000000
12.000000, 0.010000, 0.010000, 51809430.000000, 0.000000, 11.000000, 100000.000000
12.000000, 0.010000, 0.010000, 13683249.000000, 0.000000, 11.000000, 100000.000000
12.000000, 0.010000, 0.010000, 84135073.000000, 0.000000, 10.000000, 100000.000000
12.000000, 0.010000, 0.010000, 45588207.000000, 0.000000, 10.000000, 100000.000000
12.000000, 0.010000, 0.010000, 50534839.000000, 0.000000, 11.000000, 100000.000000
12.000000, 0.010000, 0.010000, 37709004.000000, 0.000000, 9.000000, 100000.000000
12.000000, 0.010000, 0.010000, 19072413.000000, 0.000000, 10.000000, 100000.000000
12.000000, 0.010000, 0.010000, 92749732.000000, 0.000000, 10.000000, 100000.000000
12.000000, 0.010000, 0.010000, 78375177.000000, 0.000000, 11.000000, 100000.000000
12.000000, 0.010000, 0.010000, 64742646.000000, 0.000000, 10.000000, 100000.000000
12.000000, 0.010000, 0.010000, 40839021.000000, 0.000000, 10.000000, 100000.000000
12.000000, 0.010000, 0.010000, 82453398.000000, 0.000000, 11.000000, 100000.000000
12.000000, 0.010000, 0.010000, 54997482.000000, 0.000000, 11.000000, 100000.000000
12.000000, 0.010000, 0.010000, 44898005.000000, 0.000000, 11.000000, 100000.000000
12.000000, 0.010000, 0.010000, 45595495.000000, 0.000000, 11.000000, 100000.000000
12.000000, 0.010000, 0.010000, 23496633.000000, 0.000000, 10.000000, 100000.000000
12.000000, 0.010000, 0.010000, 10121455.000000, 0.000000, 10.000000, 100000.000000
12.000000, 0.010000, 0.010000, 55903893.000000, 0.000000, 10.000000, 100000.000000
12.000000, 0.010000, 0.010000, 88901093.000000, 0.000000, 12.000000, 100000.000000
12.000000, 0.010000, 0.010000, 7317908.000000, 0.000000, 12.000000, 100000.000000
12.000000, 0.010000, 0.010000, 85970837.000000, 0.000000, 11.000000, 100000.000000
12.000000, 0.010000, 0.010000, 82935485.000000, 0.000000, 10.000000, 100000.000000
12.000000, 0.010000, 0.010000, 28399209.000000, 0.000000, 10.000000, 100000.000000
12.000000, 0.010000, 0.010000, 63534774.000000, 0.000000, 10.000000, 100000.000000
12.000000, 0.010000, 0.010000, 17357678.000000, 0.000000, 10.000000, 100000.000000
12.000000, 0.010000, 0.010000, 76050685.000000, 0.000000, 10.000000, 100000.000000
12.000000, 0.010000, 0.010000, 70351772.000000, 0.000000, 10.000000, 100000.000000
12.000000, 0.010000, 0.010000, 36098070.000000, 0.000000, 9.000000, 100000.000000
12.000000, 0.010000, 0.010000, 7724080.000000, 0.000000, 10.000000, 100000.000000
12.000000, 0.010000, 0.010000, 97099103.000000, 0.000000, 10.000000, 100000.000000
12.000000, 0.010000, 0.010000, 45123060.000000, 0.000000, 10.000000, 100000.000000
12.000000, 0.010000, 0.010000, 89418990.000000, 0.000000, 10.000000, 100000.000000
12.000000, 0.010000, 0.010000, 68113981.000000, 0.000000, 11.000000, 100000.000000
12.000000, 0.010000, 0.010000, 78059965.000000, 0.000000, 10.000000, 100000.000000
12.000000, 0.015000, 0.015000, 9835844.000000, 0.000000, 22.000000, 100000.000000
12.000000, 0.015000, 0.015000, 77621648.000000, 0.000000, 20.000000, 100000.000000
12.000000, 0.015000, 0.015000, 65802579.000000, 0.000000, 16.000000, 100000.000000
12.000000, 0.015000, 0.015000, 44448965.000000, 0.000000, 19.000000, 100000.000000
12.000000, 0.015000, 0.015000, 43868507.000000, 0.000000, 17.000000, 100000.000000
12.000000, 0.015000, 0.015000, 86001193.000000, 0.000000, 23.000000, 100000.000000
12.000000, 0.015000, 0.015000, 9508618.000000, 0.000000, 19.000000, 100000.000000
12.000000, 0.015000, 0.015000, 70039434.000000, 0.000000, 21.000000, 100000.000000
12.000000, 0.015000, 0.015000, 20945483.000000, 0.000000, 18.000000, 100000.000000
12.000000, 0.015000, 0.015000, 10323557.000000, 0.000000, 23.000000, 100000.000000
12.000000, 0.015000, 0.015000, 53121418.000000, 0.000000, 24.000000, 100000.000000
12.000000, 0.015000, 0.015000, 97586611.000000, 0.000000, 21.000000, 100000.000000
12.000000, 0.015000, 0.015000, 73839483.000000, 0.000000, 21.000000, 100000.000000
12.000000, 0.015000, 0.015000, 76352829.000000, 0.000000, 25.000000, 100000.000000
12.000000, 0.015000, 0.015000, 72030249.000000, 0.000000, 18.000000, 100000.000000
12.000000, 0.015000, 0.015000, 78820365.000000, 0.000000, 17.000000, 100000.000000
12.000000, 0.015000, 0.015000, 51809430.000000, 0.000000, 19.000000, 100000.000000
12.000000, 0.015000, 0.015000, 13683249.000000, 0.000000, 20.000000, 100000.000000
12.000000, 0.015000, 0.015000, 84135073.000000, 0.000000, 18.000000, 100000.000000
12.000000, 0.015000, 0.015000, 45588207.000000, 0.000000, 18.000000, 100000.000000
12.000000, 0.015000, 0.015000, 50534839.000000, 0.000000, 19.000000, 100000.000000
12.000000, 0.015000, 0.015000, 37709004.000000, 0.000000, 19.000000, 100000.000000
12.000000, 0.015000, 0.015000, 19072413.000000, 0.000000, 21.000000, 100000.000000
12.000000, 0.015000, 0.015000, 92749732.000000, 0.000000, 20.000000, 100000.000000
12.000000, 0.015000, 0.015000, 78375177.000000, 0.000000, 22.000000, 100000.000000
12.000000, 0.015000, 0.015000, 64742646.000000, 0.000020, 18.000000, 100000.000000
12.000000, 0.015000, 0.015000, 40839021.000000, 0.000000, 20.000000, 100000.000000
12.000000, 0.015000, 0.015000, 82453398.000000, 0.000000, 20.000000, 100000.000000
12.000000, 0.015000, 0.015000, 54997482.000000, 0.000000, 19.000000, 100000.000000
12.000000, 0.015000, 0.015000, 44898005.000000, 0.000000, 20.000000, 100000.000000
12.000000, 0.015000, 0.015000, 45595495.000000, 0.000000, 19.000000, 100000.000000
12.000000, 0.015000, 0.015000, 23496633.000000, 0.000000, 18.000000, 100000.000000
12.000000, 0.015000, 0.015000, 10121455.000000, 0.000000, 19.000000, 100000.000000
12.000000, 0.015000, 0.015000, 55903893.000000, 0.000000, 27.000000, 100000.000000
12.000000, 0.015000, 0.015000, 88901093.000000, 0.000000, 24.000000, 100000.000000
12.000000, 0.015000, 0.015000, 7317908.000000, 0.000000, 19.000000, 100000.000000
12.000000, 0.015000, 0.015000, 85970837.000000, 0.000000, 21.000000, 100000.000000
12.000000, 0.015000, 0.015000, 82935485.000000, 0.000000, 19.000000, 100000.000000
12.000000, 0.015000, 0.015000, 28399209.000000, 0.000000, 19.000000, 100000.000000
12.000000, 0.015000, 0.015000, 63534774.000000, 0.000000, 24.000000, 100000.000000
12.000000, 0.015000, 0.015000, 17357678.000000, 0.000000, 19.000000, 100000.000000
12.000000, 0.015000, 0.015000, 76050685.000000, 0.000000, 22.000000, 100000.000000
12.000000, 0.015000, 0.015000, 70351772.000000, 0.000000, 25.000000, 100000.000000
12.000000, 0.015000, 0.015000, 36098070.000000, 0.000000, 23.000000, 100000.000000
12.000000, 0.015000, 0.015000, 7724080.000000, 0.000000, 21.000000, 100000.000000
12.000000, 0.015000, 0.015000, 97099103.000000, 0.000000, 19.000000, 100000.000000
12.000000, 0.015000, 0.015000, 45123060.000000, 0.000000, 19.000000, 100000.000000
12.000000, 0.015000, 0.015000, 89418990.000000, 0.000000, 27.000000, 100000.000000
12.000000, 0.015000, 0.015000, 68113981.000000, 0.000000, 18.000000, 100000.000000
12.000000, 0.015000, 0.015000, 78059965.000000, 0.000000, 23.000000, 100000.000000
12.000000, 0.030000, 0.030000, 9835844.000000, 0.046030, 13.000000, 100000.000000
12.000000, 0.030000, 0.030000, 77621648.000000, 0.046360, 14.000000, 100000.000000
12.000000, 0.030000, 0.030000, 65802579.000000, 0.045070, 21.000000, 100000.000000
12.000000, 0.030000, 0.030000, 44448965.000000, 0.048850, 12.000000, 100000.000000
12.000000, 0.030000, 0.030000, 43868507.000000, 0.046570, 18.000000, 100000.000000
12.000000, 0.030000, 0.030000, 86001193.000000, 0.047040, 14.000000, 100000.000000
12.000000, 0.030000, 0.030000, 9508618.000000, 0.047070, 12.000000, 100000.000000
12.000000, 0.030000, 0.030000, 70039434.000000, 0.049060, 12.000000, 100000.000000
12.000000, 0.030000, 0.030000, 20945483.000000, 0.050530, 14.000000, 100000.000000
12.000000, 0.030000, 0.030000, 10323557.000000, 0.049380, 12.000000, 100000.000000
12.000000, 0.030000, 0.030000, 53121418.000000, 0.048240, 21.000000, 100000.000000
12.000000, 0.030000, 0.030000, 97586611.000000, 0.049560, 14.000000, 100000.000000
12.000000, 0.030000, 0.030000, 73839483.000000, 0.047310, 15.000000, 100000.000000
12.000000, 0.030000, 0.030000, 76352829.000000, 0.044570, 16.000000, 100000.000000
12.000000, 0.030000, 0.030000, 72030249.000000, 0.045650, 15.000000, 100000.000000
12.000000, 0.030000, 0.030000, 78820365.000000, 0.047720, 12.000000, 100000.000000
12.000000, 0.030000, 0.030000, 51809430.000000, 0.049270, 13.000000, 100000.000000
12.000000, 0.030000, 0.030000, 13683249.000000, 0.046690, 20.000000, 100000.000000
12.000000, 0.030000, 0.030000, 84135073.000000, 0.045710, 20.000000, 100000.000000
12.000000, 0.030000, 0.030000, 45588207.000000, 0.046540, 15.000000, 100000.000000
12.000000, 0.030000, 0.030000, 50534839.000000, 0.044670, 17.000000, 100000.000000
12.000000, 0.030000, 0.030000, 37709004.000000, 0.045100, 19.000000, 100000.000000
12.000000, 0.030000, 0.030000, 19072413.000000, 0.048200, 14.000000, 100000.000000
12.000000, 0.030000, 0.030000, 92749732.000000, 0.048080, 12.000000, 100000.000000
12.000000, 0.030000, 0.030000, 78375177.000000, 0.043860, 16.000000, 100000.000000
12.000000, 0.030000, 0.030000, 64742646.000000, 0.044920, 14.000000, 100000.000000
12.000000, 0.030000, 0.030000, 40839021.000000, 0.050140, 12.000000, 100000.000000
12.000000, 0.030000, 0.030000, 82453398.000000, 0.046350, 15.000000, 100000.000000
12.000000, 0.030000, 0.030000, 54997482.000000, 0.048870, 18.000000, 100000.000000
12.000000, 0.030000, 0.030000, 44898005.000000, 0.049790, 17.000000, 100000.000000
12.000000, 0.030000, 0.030000, 45595495.000000, 0.048150, 16.000000, 100000.000000
12.000000, 0.030000, 0.030000, 23496633.000000, 0.046640, 14.000000, 100000.000000
12.000000, 0.030000, 0.030000, 10121455.000000, 0.046320, 17.000000, 100000.000000
12.000000, 0.030000, 0.030000, 55903893.000000, 0.049700, 15.000000, 100000.000000
12.000000, 0.030000, 0.030000, 88901093.000000, 0.048950, 13.000000, 100000.000000
12.000000, 0.030000, 0.030000, 7317908.000000, 0.047860, 13.000000, 100000.000000
12.000000, 0.030000, 0.030000, 85970837.000000, 0.048910, 11.000000, 100000.000000
12.000000, 0.030000, 0.030000, 82935485.000000, 0.046300, 17.000000, 100000.000000
12.000000, 0.030000, 0.030000, 28399209.000000, 0.047140, 16.000000, 100000.000000
12.000000, 0.030000, 0.030000, 63534774.000000, 0.045430, 17.000000, 100000.000000
12.000000, 0.030000, 0.030000, 17357678.000000, 0.047770, 18.000000, 100000.000000
12.000000, 0.030000, 0.030000, 76050685.000000, 0.048090, 15.000000, 100000.000000
12.000000, 0.030000, 0.030000, 70351772.000000, 0.050590, 18.000000, 100000.000000
12.000000, 0.030000, 0.030000, 36098070.000000, 0.045430, 16.000000, 100000.000000
12.000000, 0.030000, 0.030000, 7724080.000000, 0.046540, 15.000000, 100000.000000
12.000000, 0.030000, 0.030000, 97099103.000000, 0.049830, 13.000000, 100000.000000
12.000000, 0.030000, 0.030000, 45123060.000000, 0.044500, 13.000000, 100000.000000
12.000000, 0.030000, 0.030000, 89418990.000000, 0.048090, 13.000000, 100000.000000
12.000000, 0.030000, 0.030000, 68113981.000000, 0.046800, 15.000000, 100000.000000
12.000000, 0.030000, 0.030000, 78059965.000000, 0.045630, 14.000000, 100000.000000
12.000000, 0.060000, 0.060000, 9835844.000000, 0.107820, 16.000000, 100000.000000
12.000000, 0.060000, 0.060000, 77621648.000000, 0.103130, 13.000000, 100000.000000
12.000000, 0.060000, 0.060000, 65802579.000000, 0.107550, 12.000000, 100000.000000
12.000000, 0.060000, 0.060000, 44448965.000000, 0.105960, 16.000000, 100000.000000
12.000000, 0.060000, 0.060000, 43868507.000000, 0.105150, 15.000000, 100000.000000
12.000000, 0.060000, 0.060000, 86001193.000000, 0.105470, 12.000000, 100000.000000
12.000000, 0.060000, 0.060000, 9508618.000000, 0.105920, 18.000000, 100000.000000
12.000000, 0.060000, 0.060000, 70039434.000000, 0.107530, 17.000000, 100000.000000
12.000000, 0.060000, 0.060000, 20945483.000000, 0.104080, 17.000000, 100000.000000
12.000000, 0.060000, 0.060000, 10323557.000000, 0.105010, 14.000000, 100000.000000
12.000000, 0.060000, 0.060000, 53121418.000000, 0.104140, 16.000000, 100000.000000
12.000000, 0.060000, 0.060000, 97586611.000000, 0.108010, 14.000000, 100000.000000
12.000000, 0.060000, 0.060000, 73839483.000000, 0.107340, 21.000000, 100000.000000
12.000000, 0.060000, 0.060000, 76352829.000000, 0.106940, 16.000000, 100000.000000
12.000000, 0.060000, 0.060000, 72030249.000000, 0.106250, 15.000000, 100000.000000
12.000000, 0.060000, 0.060000, 78820365.000000, 0.107550, 14.000000, 100000.000000
12.000000, 0.060000, 0.060000, 51809430.000000, 0.104070, 16.000000, 100000.000000
12.000000, 0.060000, 0.060000, 13683249.000000, 0.104910, 15.000000, 100000.000000
12.000000, 0.060000, 0.060000, 84135073.000000, 0.107560, 12.000000, 100000.000000
12.000000, 0.060000, 0.060000, 45588207.000000, 0.107900, 15.000000, 100000.000000
12.000000, 0.060000, 0.060000, 50534839.000000, 0.108910, 13.000000, 100000.000000
12.000000, 0.060000, 0.060000, 37709004.000000, 0.108400, 17.000000, 100000.000000
12.000000, 0.060000, 0.060000, 19072413.000000, 0.109900, 15.000000, 100000.000000
12.000000, 0.060000, 0.060000, 92749732.000000, 0.103140, 14.000000, 100000.000000
12.000000, 0.060000, 0.060000, 78375177.000000, 0.103170, 16.000000, 100000.000000
12.000000, 0.060000, 0.060000, 64742646.000000, 0.109390, 15.000000, 100000.000000
12.000000, 0.060000, 0.060000, 40839021.000000, 0.104850, 13.000000, 100000.000000
12.000000, 0.060000, 0.060000, 82453398.000000, 0.109390, 15.000000, 100000.000000
12.000000, 0.060000, 0.060000, 54997482.000000, 0.107250, 15.000000, 100000.000000
12.000000, 0.060000, 0.060000, 44898005.000000, 0.107970, 16.000000, 100000.000000
12.000000, 0.060000, 0.060000, 45595495.000000, 0.107390, 14.000000, 100000.000000
12.000000, 0.060000, 0.060000, 23496633.000000, 0.107390, 15.000000, 100000.000000
12.000000, 0.060000, 0.060000, 10121455.000000, 0.109230, 16.000000, 100000.000000
12.000000, 0.060000, 0.060000, 55903893.000000, 0.106550, 15.000000, 100000.000000
12.000000, 0.060000, 0.060000, 88901093.000000, 0.107420, 14.000000, 100000.000000
12.000000, 0.060000, 0.060000, 7317908.000000, 0.107780, 15.000000, 100000.000000
12.000000, 0.060000, 0.060000, 85970837.000000, 0.105530, 14.000000, 100000.000000
12.000000, 0.060000, 0.060000, 82935485.000000, 0.106240, 14.000000, 100000.000000
12.000000, 0.060000, 0.060000, 28399209.000000, 0.106410, 14.000000, 100000.000000
12.000000, 0.060000, 0.060000, 63534774.000000, 0.104030, 18.000000, 100000.000000
12.000000, 0.060000, 0.060000, 17357678.000000, 0.106490, 16.000000, 100000.000000
12.000000, 0.060000, 0.060000, 76050685.000000, 0.104580, 12.000000, 100000.000000
12.000000, 0.060000, 0.060000, 70351772.000000, 0.107310, 16.000000, 100000.000000
12.000000, 0.060000, 0.060000, 36098070.000000, 0.101840, 16.000000, 100000.000000
12.000000, 0.060000, 0.060000, 7724080.000000, 0.106860, 12.000000, 100000.000000
12.000000, 0.060000, 0.060000, 97099103.000000, 0.103970, 15.000000, 100000.000000
12.000000, 0.060000, 0.060000, 45123060.000000, 0.105740, 15.000000, 100000.000000
12.000000, 0.060000, 0.060000, 89418990.000000, 0.103390, 12.000000, 100000.000000
12.000000, 0.060000, 0.060000, 68113981.000000, 0.103920, 14.000000, 100000.000000
12.000000, 0.060000, 0.060000, 78059965.000000, 0.106440, 19.000000, 100000.000000
12.000000, 0.120000, 0.120000, 9835844.000000, 0.254190, 17.000000, 100000.000000
12.000000, 0.120000, 0.120000, 77621648.000000, 0.255070, 16.000000, 100000.000000
12.000000, 0.120000, 0.120000, 65802579.000000, 0.259140, 17.000000, 100000.000000
12.000000, 0.120000, 0.120000, 44448965.000000, 0.260200, 18.000000, 100000.000000
12.000000, 0.120000, 0.120000, 43868507.000000, 0.251590, 19.000000, 100000.000000
12.000000, 0.120000, 0.120000, 86001193.000000, 0.262060, 19.000000, 100000.000000
12.000000, 0.120000, 0.120000, 9508618.000000, 0.264700, 15.000000, 100000.000000
12.000000, 0.120000, 0.120000, 70039434.000000, 0.253210, 22.000000, 100000.000000
12.000000, 0.120000, 0.120000, 20945483.000000, 0.256870, 19.000000, 100000.000000
12.000000, 0.120000, 0.120000, 10323557.000000, 0.257790, 20.000000, 100000.000000
12.000000, 0.120000, 0.120000, 53121418.000000, 0.255010, 19.000000, 100000.000000
12.000000, 0.120000, 0.120000, 97586611.000000, 0.259500, 16.000000, 100000.000000
12.000000, 0.120000, 0.120000, 73839483.000000, 0.258150, 16.000000, 100000.000000
12.000000, 0.120000, 0.120000, 76352829.000000, 0.258560, 19.000000, 100000.000000
12.000000, 0.120000, 0.120000, 72030249.000000, 0.255390, 18.000000, 100000.000000
12.000000, 0.120000, 0.120000, 78820365.000000, 0.251490, 17.000000, 100000.000000
12.000000, 0.120000, 0.120000, 51809430.000000, 0.261150, 25.000000, 100000.000000
12.000000, 0.120000, 0.120000, 13683249.000000, 0.262280, 19.000000, 100000.000000
12.000000, 0.120000, 0.120000, 84135073.000000, 0.258950, 15.000000, 100000.000000
12.000000, 0.120000, 0.120000, 45588207.000000, 0.256460, 17.000000, 100000.000000
12.000000, 0.120000, 0.120000, 50534839.000000, 0.258400, 17.000000, 100000.000000
12.000000, 0.120000, 0.120000, 37709004.000000, 0.256030, 17.000000, 100000.000000
12.000000, 0.120000, 0.120000, 19072413.000000, 0.257180, 15.000000, 100000.000000
12.000000, 0.120000, 0.120000, 92749732.000000, 0.253670, 20.000000, 100000.000000
12.000000, 0.120000, 0.120000, 78375177.000000, 0.253860, 21.000000, 100000.000000
12.000000, 0.120000, 0.120000, 64742646.000000, 0.254000, 17.000000, 100000.000000
12.000000, 0.120000, 0.120000, 40839021.000000, 0.256860, 17.000000, 100000.000000
12.000000, 0.120000, 0.120000, 82453398.000000, 0.253880, 18.000000, 100000.000000
12.000000, 0.120000, 0.120000, 54997482.000000, 0.251870, 17.000000, 100000.000000
12.000000, 0.120000, 0.120000, 44898005.000000, 0.263090, 17.000000, 100000.000000
12.000000, 0.120000, 0.120000, 45595495.000000, 0.263430, 20.000000, 100000.000000
12.000000, 0.120000, 0.120000, 23496633.000000, 0.258180, 29.000000, 100000.000000
12.000000, 0.120000, 0.120000, 10121455.000000, 0.256220, 16.000000, 100000.000000
12.000000, 0.120000, 0.120000, 55903893.000000, 0.254080, 18.000000, 100000.000000
12.000000, 0.120000, 0.120000, 88901093.000000, 0.254550, 21.000000, 100000.000000
12.000000, 0.120000, 0.120000, 7317908.000000, 0.253560, 18.000000, 100000.000000
12.000000, 0.120000, 0.120000, 85970837.000000, 0.254680, 19.000000, 100000.000000
12.000000, 0.120000, 0.120000, 82935485.000000, 0.258620, 18.000000, 100000.000000
12.000000, 0.120000, 0.120000, 28399209.000000, 0.259130, 18.000000, 100000.000000
12.000000, 0.120000, 0.120000, 63534774.000000, 0.253250, 17.000000, 100000.000000
12.000000, 0.120000, 0.120000, 17357678.000000, 0.253010, 19.000000, 100000.000000
12.000000, 0.120000, 0.120000, 76050685.000000, 0.260910, 22.000000, 100000.000000
12.000000, 0.120000, 0.120000, 70351772.000000, 0.260150, 20.000000, 100000.000000
12.000000, 0.120000, 0.120000, 36098070.000000, 0.259440, 18.000000, 100000.000000
12.000000, 0.120000, 0.120000, 7724080.000000, 0.257780, 23.000000, 100000.000000
12.000000, 0.120000, 0.120000, 97099103.000000, 0.262360, 17.000000, 100000.000000
12.000000, 0.120000, 0.120000, 45123060.000000, 0.251820, 17.000000, 100000.000000
12.000000, 0.120000, 0.120000, 89418990.000000, 0.257580, 16.000000, 100000.000000
12.000000, 0.120000, 0.120000, 68113981.000000, 0.254430, 18.000000, 100000.000000
12.000000, 0.120000, 0.120000, 78059965.000000, 0.256070, 16.000000, 100000.000000
12.000000, 0.200000, 0.200000, 9835844.000000, 0.538400, 18.000000, 100000.000000
12.000000, 0.200000, 0.200000, 77621648.000000, 0.536280, 15.000000, 100000.000000
12.000000, 0.200000, 0.200000, 65802579.000000, 0.536980, 14.000000, 100000.000000
12.000000, 0.200000, 0.200000, 44448965.000000, 0.537990, 20.000000, 100000.000000
12.000000, 0.200000, 0.200000, 43868507.000000, 0.544670, 19.000000, 100000.000000
12.000000, 0.200000, 0.200000, 86001193.000000, 0.540020, 14.000000, 100000.000000
12.000000, 0.200000, 0.200000, 9508618.000000, 0.536690, 25.000000, 100000.000000
12.000000, 0.200000, 0.200000, 70039434.000000, 0.535800, 16.000000, 100000.000000
12.000000, 0.200000, 0.200000, 20945483.000000, 0.539930, 18.000000, 100000.000000
12.000000, 0.200000, 0.200000, 10323557.000000, 0.533920, 14.000000, 100000.000000
12.000000, 0.200000, 0.200000, 53121418.000000, 0.532770, 17.000000, 100000.000000
12.000000, 0.200000, 0.200000, 97586611.000000, 0.533600, 17.000000, 100000.000000
12.000000, 0.200000, 0.200000, 73839483.000000, 0.532440, 18.000000, 100000.000000
12.000000, 0.200000, 0.200000, 76352829.000000, 0.534340, 17.000000, 100000.000000
12.000000, 0.200000, 0.200000, 72030249.000000, 0.526470, 15.000000, 100000.000000
12.000000, 0.200000, 0.200000, 78820365.000000, 0.535940, 21.000000, 100000.000000
12.000000, 0.200000, 0.200000, 51809430.000000, 0.536810, 15.000000, 100000.000000
12.000000, 0.200000, 0.200000, 13683249.000000, 0.529970, 15.000000, 100000.000000
12.000000, 0.200000, 0.200000, 84135073.000000, 0.530190, 27.000000, 100000.000000
12.000000, 0.200000, 0.200000, 45588207.000000, 0.532270, 14.000000, 100000.000000
12.000000, 0.200000, 0.200000, 50534839.000000, 0.536310, 16.000000, 100000.000000
12.000000, 0.200000, 0.200000, 37709004.000000, 0.537590, 21.000000, 100000.000000
12.000000, 0.200000, 0.200000, 19072413.000000, 0.534940, 15.000000, 100000.000000
12.000000, 0.200000, 0.200000, 92749732.000000, 0.534520, 19.000000, 100000.000000
12.000000, 0.200000, 0.200000, 78375177.000000, 0.532640, 19.000000, 100000.000000
12.000000, 0.200000, 0.200000, 64742646.000000, 0.532830, 17.000000, 100000.000000
12.000000, 0.200000, 0.200000, 40839021.000000, 0.534270, 19.000000, 100000.000000
12.000000, 0.200000, 0.200000, 82453398.000000, 0.531120, 15.000000, 100000.000000
12.000000, 0.200000, 0.200000, 54997482.000000, 0.531400, 15.000000, 100000.000000
12.000000, 0.200000, 0.200000, 44898005.000000, 0.536300, 16.000000, 100000.000000
12.000000, 0.200000, 0.200000, 45595495.000000, 0.533080, 16.000000, 100000.000000
12.000000, 0.200000, 0.200000, 23496633.000000, 0.532830, 15.000000, 100000.000000
12.000000, 0.200000, 0.200000, 10121455.000000, 0.534380, 16.000000, 100000.000000
12.000000, 0.200000, 0.200000, 55903893.000000, 0.535590, 16.000000, 100000.000000
12.000000, 0.200000, 0.200000, 88901093.000000, 0.532210, 16.000000, 100000.000000
12.000000, 0.200000, 0.200000, 7317908.000000, 0.542810, 15.000000, 100000.000000
12.000000, 0.200000, 0.200000, 85970837.000000, 0.536540, 18.000000, 100000.000000
12.000000, 0.200000, 0.200000, 82935485.000000, 0.533630, 17.000000, 100000.000000
12.000000, 0.200000, 0.200000, 28399209.000000, 0.531410, 18.000000, 100000.000000
12.000000, 0.200000, 0.200000, 63534774.000000, 0.534290, 14.000000, 100000.000000
12.000000, 0.200000, 0.200000, 17357678.000000, 0.537590, 19.000000, 100000.000000
12.000000, 0.200000, 0.200000, 76050685.000000, 0.532300, 16.000000, 100000.000000
12.000000, 0.200000, 0.200000, 70351772.000000, 0.532020, 15.000000, 100000.000000
12.000000, 0.200000, 0.200000, 36098070.000000, 0.531280, 19.000000, 100000.000000
12.000000, 0.200000, 0.200000, 7724080.000000, 0.542530, 23.000000, 100000.000000
12.000000, 0.200000, 0.200000, 97099103.000000, 0.526270, 16.000000, 100000.000000
12.000000, 0.200000, 0.200000, 45123060.000000, 0.532600, 14.000000, 100000.000000
12.000000, 0.200000, 0.200000, 89418990.000000, 0.535630, 16.000000, 100000.000000
12.000000, 0.200000, 0.200000, 68113981.000000, 0.536760, 22.000000, 100000.000000
12.000000, 0.200000, 0.200000, 78059965.000000, 0.539060, 15.000000, 100000.000000
12.000000, 0.300000, 0.300000, 9835844.000000, 0.813850, 12.000000, 100000.000000
12.000000, 0.300000, 0.300000, 77621648.000000, 0.808160, 11.000000, 100000.000000
12.000000, 0.300000, 0.300000, 65802579.000000, 0.810680, 15.000000, 100000.000000
12.000000, 0.300000, 0.300000, 44448965.000000, 0.813200, 14.000000, 100000.000000
12.000000, 0.300000, 0.300000, 43868507.000000, 0.811550, 10.000000, 100000.000000
12.000000, 0.300000, 0.300000, 86001193.000000, 0.808450, 12.000000, 100000.000000
12.000000, 0.300000, 0.300000, 9508618.000000, 0.809880, 11.000000, 100000.000000
12.000000, 0.300000, 0.300000, 70039434.000000, 0.807420, 14.000000, 100000.000000
12.000000, 0.300000, 0.300000, 20945483.000000, 0.809920, 11.000000, 100000.000000
12.000000, 0.300000, 0.300000, 10323557.000000, 0.808370, 13.000000, 100000.000000
12.000000, 0.300000, 0.300000, 53121418.000000, 0.808570, 10.000000, 100000.000000
12.000000, 0.300000, 0.300000, 97586611.000000, 0.813100, 11.000000, 100000.000000
12.000000, 0.300000, 0.300000, 73839483.000000, 0.807110, 14.000000, 100000.000000
12.000000, 0.300000, 0.300000, 76352829.000000, 0.809890, 9.000000, 100000.000000
12.000000, 0.300000, 0.300000, 72030249.000000, 0.812590, 10.000000, 100000.000000
12.000000, 0.300000, 0.300000, 78820365.000000, 0.806900, 10.000000, 100000.000000
12.000000, 0.300000, 0.300000, 51809430.000000, 0.809570, 11.000000, 100000.000000
12.000000, 0.300000, 0.300000, 13683249.000000, 0.808950, 11.000000, 100000.000000
12.000000, 0.300000, 0.300000, 84135073.000000, 0.809110, 11.000000, 100000.000000
12.000000, 0.300000, 0.300000, 45588207.000000, 0.809280, 10.000000, 100000.000000
12.000000, 0.300000, 0.300000, 50534839.000000, 0.808650, 10.000000, 100000.000000
12.000000, 0.300000, 0.300000, 37709004.000000, 0.808440, 9.000000, 100000.000000
12.000000, 0.300000, 0.300000, 19072413.000000, 0.811200, 12.000000, 100000.000000
12.000000, 0.300000, 0.300000, 92749732.000000, 0.809850, 10.000000, 100000.000000
12.000000, 0.300000, 0.300000, 78375177.000000, 0.811460, 11.000000, 100000.000000
12.000000, 0.300000, 0.300000, 64742646.000000, 0.809240, 10.000000, 100000.000000
12.000000, 0.300000, 0.300000, 40839021.000000, 0.812190, 12.000000, 100000.000000
12.000000, 0.300000, 0.300000, 82453398.000000, 0.814480, 11.000000, 100000.000000
12.000000, 0.300000, 0.300000, 54997482.000000, 0.811080, 13.000000, 100000.000000
12.000000, 0.300000, 0.300000, 44898005.000000, 0.808110, 14.000000, 100000.000000
12.000000, 0.300000, 0.300000, 45595495.000000, 0.809560, 11.000000, 100000.000000
12.000000, 0.300000, 0.300000, 23496633.000000, 0.809670, 10.000000, 100000.000000
12.000000, 0.300000, 0.300000, 10121455.000000, 0.809570, 10.000000, 100000.000000
12.000000, 0.300000, 0.300000, 55903893.000000, 0.809160, 11.000000, 100000.000000
12.000000, 0.300000, 0.300000, 88901093.000000, 0.810680, 9.000000, 100000.000000
12.000000, 0.300000, 0.300000, 7317908.000000, 0.808350, 10.000000, 100000.000000
12.000000, 0.300000, 0.300000, 85970837.000000, 0.806600, 12.000000, 100000.000000
12.000000, 0.300000, 0.300000, 82935485.000000, 0.807660, 10.000000, 100000.000000
12.000000, 0.300000, 0.300000, 28399209.000000, 0.807520, 10.000000, 100000.000000
12.000000, 0.300000, 0.300000, 63534774.000000, 0.808830, 9.000000, 100000.000000
12.000000, 0.300000, 0.300000, 17357678.000000, 0.809510, 11.000000, 100000.000000
12.000000, 0.300000, 0.300000, 76050685.000000, 0.811250, 10.000000, 100000.000000
12.000000, 0.300000, 0.300000, 70351772.000000, 0.807660, 16.000000, 100000.000000
12.000000, 0.300000, 0.300000, 36098070.000000, 0.808940, 10.000000, 100000.000000
12.000000, 0.300000, 0.300000, 7724080.000000, 0.810770, 10.000000, 100000.000000
12.000000, 0.300000, 0.300000, 97099103.000000, 0.807810, 11.000000, 100000.000000
12.000000, 0.300000, 0.300000, 45123060.000000, 0.810740, 15.000000, 100000.000000
12.000000, 0.300000, 0.300000, 89418990.000000, 0.810660, 14.000000, 100000.000000
12.000000, 0.300000, 0.300000, 68113981.000000, 0.807980, 14.000000, 100000.000000
12.000000, 0.300000, 0.300000, 78059965.000000, 0.806550, 11.000000, 100000.000000
12.000000, 0.400000, 0.400000, 9835844.000000, 0.939130, 8.000000, 100000.000000
12.000000, 0.400000, 0.400000, 77621648.000000, 0.937970, 8.000000, 100000.000000
12.000000, 0.400000, 0.400000, 65802579.000000, 0.940080, 7.000000, 100000.000000
12.000000, 0.400000, 0.400000, 44448965.000000, 0.938520, 8.000000, 100000.000000
12.000000, 0.400000, 0.400000, 43868507.000000, 0.937720, 6.000000, 100000.000000
12.000000, 0.400000, 0.400000, 86001193.000000, 0.939140, 8.000000, 100000.000000
12.000000, 0.400000, 0.400000, 9508618.000000, 0.938580, 8.000000, 100000.000000
12.000000, 0.400000, 0.400000, 70039434.000000, 0.938560, 7.000000, 100000.000000
12.000000, 0.400000, 0.400000, 20945483.000000, 0.940370, 7.000000, 100000.000000
12.000000, 0.400000, 0.400000, 10323557.000000, 0.937690, 6.000000, 100000.000000
12.000000, 0.400000, 0.400000, 53121418.000000, 0.938830, 9.000000, 100000.000000
12.000000, 0.400000, 0.400000, 97586611.000000, 0.938630, 7.000000, 100000.000000
12.000000, 0.400000, 0.400000, 73839483.000000, 0.937830, 8.000000, 100000.000000
12.000000, 0.400000, 0.400000, 76352829.000000, 0.938110, 8.000000, 100000.000000
12.000000, 0.400000, 0.400000, 72030249.000000, 0.937430, 7.000000, 100000.000000
12.000000, 0.400000, 0.400000, 78820365.000000, 0.938980, 7.000000, 100000.000000
12.000000, 0.400000, 0.400000, 51809430.000000, 0.938180, 6.000000, 100000.000000
12.000000, 0.400000, 0.400000, 13683249.000000, 0.937990, 7.000000, 100000.000000
12.000000, 0.400000, 0.400000, 84135073.000000, 0.937560, 6.000000, 100000.000000
12.000000, 0.400000, 0.400000, 45588207.000000, 0.938120, 8.000000, 100000.000000
12.000000, 0.400000, 0.400000, 50534839.000000, 0.938280, 7.000000, 100000.000000
12.000000, 0.400000, 0.400000, 37709004.000000, 0.937150, 9.000000, 100000.000000
12.000000, 0.400000, 0.400000, 19072413.000000, 0.938510, 6.000000, 100000.000000
12.000000, 0.400000, 0.400000, 92749732.000000, 0.938560, 8.000000, 100000.000000
12.000000, 0.400000, 0.400000, 78375177.000000, 0.939480, 7.000000, 100000.000000
12.000000, 0.400000, 0.400000, 64742646.000000, 0.938810, 6.000000, 100000.000000
12.000000, 0.400000, 0.400000, 40839021.000000, 0.938470, 7.000000, 100000.000000
12.000000, 0.400000, 0.400000, 82453398.000000, 0.939440, 6.000000, 100000.000000
12.000000, 0.400000, 0.400000, 54997482.000000, 0.937400, 7.000000, 100000.000000
12.000000, 0.400000, 0.400000, 44898005.000000, 0.937660, 6.000000, 100000.000000
12.000000, 0.400000, 0.400000, 45595495.000000, 0.938990, 7.000000, 100000.000000
12.000000, 0.400000, 0.400000, 23496633.000000, 0.938430, 7.000000, 100000.000000
12.000000, 0.400000, 0.400000, 10121455.000000, 0.938520, 6.000000, 100000.000000
12.000000, 0.400000, 0.400000, 55903893.000000, 0.938040, 7.000000, 100000.000000
12.000000, 0.400000, 0.400000, 88901093.000000, 0.937780, 7.000000, 100000.000000
12.000000, 0.400000, 0.400000, 7317908.000000, 0.939080, 7.000000, 100000.000000
12.000000, 0.400000, 0.400000, 85970837.000000, 0.938310, 6.000000, 100000.000000
12.000000, 0.400000, 0.400000, 82935485.000000, 0.937700, 9.000000, 100000.000000
12.000000, 0.400000, 0.400000, 28399209.000000, 0.938020, 6.000000, 100000.000000
12.000000, 0.400000, 0.400000, 63534774.000000, 0.937750, 6.000000, 100000.000000
12.000000, 0.400000, 0.400000, 17357678.000000, 0.938130, 8.000000, 100000.000000
12.000000, 0.400000, 0.400000, 76050685.000000, 0.938140, 7.000000, 100000.000000
12.000000, 0.400000, 0.400000, 70351772.000000, 0.938540, 7.000000, 100000.000000
12.000000, 0.400000, 0.400000, 36098070.000000, 0.938110, 8.000000, 100000.000000
12.000000, 0.400000, 0.400000, 7724080.000000, 0.936790, 10.000000, 100000.000000
12.000000, 0.400000, 0.400000, 97099103.000000, 0.939200, 6.000000, 100000.000000
12.000000, 0.400000, 0.400000, 45123060.000000, 0.936420, 6.000000, 100000.000000
12.000000, 0.400000, 0.400000, 89418990.000000, 0.938260, 10.000000, 100000.000000
12.000000, 0.400000, 0.400000, 68113981.000000, 0.937770, 6.000000, 100000.000000
12.000000, 0.400000, 0.400000, 78059965.000000, 0.938430, 7.000000, 100000.000000
